case_id,dataset,fault_type,root_cause_service,residualization,fit_samples,pseudo_abnormal_samples,n_metrics,n_services,max_service_score,median_service_score,p90_service_score,positive_service_fraction,top_service,metrics_with_any_clip,mean_metric_clip_fraction
re1_ob__adservice_cpu__1,re1_ob,cpu,adservice,stationary_ar,300,300,50,15,306.912352058545,20.428824394310016,169.8012924322621,0.6666666666666666,recommendationservice,0,0.0
re1_ob__adservice_cpu__1,re1_ob,cpu,adservice,stationary_counterfactual_ar,300,300,50,15,399.7717553924069,103.52450038105523,297.4229113241,0.8,main,0,0.0
re1_ob__adservice_cpu__1,re1_ob,cpu,adservice,stationary_counterfactual_ar_uncertainty,300,300,50,15,294.5486638859362,46.2860730733693,218.98469792074974,0.8,recommendationservice,0,0.0
re1_ob__adservice_cpu__2,re1_ob,cpu,adservice,stationary_ar,300,300,50,15,614.4372442749806,19.701002929791553,186.31795362170578,0.6666666666666666,frontend-external,0,0.0
re1_ob__adservice_cpu__2,re1_ob,cpu,adservice,stationary_counterfactual_ar,300,300,50,15,614.4025775203515,136.57469550503436,362.43141133941026,0.8666666666666667,frontend-external,0,0.0
re1_ob__adservice_cpu__2,re1_ob,cpu,adservice,stationary_counterfactual_ar_uncertainty,300,300,50,15,614.0087064763236,48.601843187079304,207.0284382975189,0.8666666666666667,frontend-external,0,0.0
re1_ob__adservice_cpu__3,re1_ob,cpu,adservice,stationary_ar,300,300,50,15,1997.0331820796432,27.42955055463479,297.22145998225716,0.6666666666666666,frontend-external,0,0.0
re1_ob__adservice_cpu__3,re1_ob,cpu,adservice,stationary_counterfactual_ar,300,300,50,15,1997.251432654434,102.61347372519124,479.7775176574871,0.8666666666666667,frontend-external,0,0.0
re1_ob__adservice_cpu__3,re1_ob,cpu,adservice,stationary_counterfactual_ar_uncertainty,300,300,50,15,1996.4920887558003,69.32593186746017,322.36647793935526,0.8,frontend-external,0,0.0
re1_ob__adservice_cpu__4,re1_ob,cpu,adservice,stationary_ar,300,300,50,15,294.6944953391606,-7.497065595503955,43.173530624564094,0.2,emailservice,0,0.0
re1_ob__adservice_cpu__4,re1_ob,cpu,adservice,stationary_counterfactual_ar,300,300,50,15,483.31943241484385,280.812093864698,430.756480356153,0.8,main,0,0.0
re1_ob__adservice_cpu__4,re1_ob,cpu,adservice,stationary_counterfactual_ar_uncertainty,300,300,50,15,295.1159462563943,55.575392238299095,114.84801664206117,0.7333333333333333,emailservice,0,0.0
re1_ob__adservice_cpu__5,re1_ob,cpu,adservice,stationary_ar,300,300,50,15,1330.1219797186325,-5.586728286819796,156.7667540850549,0.4,frontend,0,0.0
re1_ob__adservice_cpu__5,re1_ob,cpu,adservice,stationary_counterfactual_ar,300,300,50,15,1580.9949918600923,290.6382967550849,524.4976661753079,0.8,frontend,0,0.0
re1_ob__adservice_cpu__5,re1_ob,cpu,adservice,stationary_counterfactual_ar_uncertainty,300,300,50,15,1360.7545407021926,49.03502803099226,192.02392374476605,0.8,frontend,0,0.0
re1_ob__adservice_delay__1,re1_ob,delay,adservice,stationary_ar,180,180,47,13,347.08638394340676,28.327008350474546,259.1955610562228,0.7692307692307693,frontend-external,0,0.0
re1_ob__adservice_delay__1,re1_ob,delay,adservice,stationary_counterfactual_ar,180,180,47,13,354.5386327193639,135.7851803542521,330.9320811730397,1.0,emailservice,0,0.0
re1_ob__adservice_delay__1,re1_ob,delay,adservice,stationary_counterfactual_ar_uncertainty,180,180,47,13,346.869207333507,89.90778820244994,253.07799758872258,0.8461538461538461,frontend-external,0,0.0
re1_ob__adservice_delay__2,re1_ob,delay,adservice,stationary_ar,180,180,47,13,226.23001290788451,0.27631615483068117,183.98644544044686,0.5384615384615384,adservice,0,0.0
re1_ob__adservice_delay__2,re1_ob,delay,adservice,stationary_counterfactual_ar,180,180,47,13,268.5446985687234,24.80557206533827,246.58347550585538,0.9230769230769231,adservice,0,0.0
re1_ob__adservice_delay__2,re1_ob,delay,adservice,stationary_counterfactual_ar_uncertainty,180,180,47,13,231.4675630462883,4.905640433930377,174.57912787889953,0.7692307692307693,adservice,0,0.0
re1_ob__adservice_delay__3,re1_ob,delay,adservice,stationary_ar,180,180,47,13,226.9387238026089,21.344682913456296,206.9103805530139,0.6923076923076923,adservice,0,0.0
re1_ob__adservice_delay__3,re1_ob,delay,adservice,stationary_counterfactual_ar,180,180,47,13,243.0276714962492,119.15763219473568,183.78724455950513,0.9230769230769231,adservice,0,0.0
re1_ob__adservice_delay__3,re1_ob,delay,adservice,stationary_counterfactual_ar_uncertainty,180,180,47,13,225.60476744038465,28.87910594626078,174.80783464175647,0.7692307692307693,adservice,0,0.0
re1_ob__adservice_delay__4,re1_ob,delay,adservice,stationary_ar,180,180,47,13,344.45333207269044,45.30845227828627,223.76413524731618,0.7692307692307693,frontend-external,0,0.0
re1_ob__adservice_delay__4,re1_ob,delay,adservice,stationary_counterfactual_ar,180,180,47,13,350.41049242869735,105.8600707688416,335.44570480724997,1.0,adservice,0,0.0
re1_ob__adservice_delay__4,re1_ob,delay,adservice,stationary_counterfactual_ar_uncertainty,180,180,47,13,343.94714160250317,46.303563726273126,258.72945540634714,0.9230769230769231,frontend-external,0,0.0
re1_ob__adservice_delay__5,re1_ob,delay,adservice,stationary_ar,180,180,48,13,1189.222326342587,43.241543012107265,227.5640197247345,0.8461538461538461,frontend-external,0,0.0
re1_ob__adservice_delay__5,re1_ob,delay,adservice,stationary_counterfactual_ar,180,180,48,13,1188.975473451586,107.96405807864083,256.01327657417767,1.0,frontend-external,0,0.0
re1_ob__adservice_delay__5,re1_ob,delay,adservice,stationary_counterfactual_ar_uncertainty,180,180,48,13,1189.8284559521308,83.51332882281868,224.22158867797307,0.9230769230769231,frontend-external,0,0.0
re1_ob__adservice_disk__1,re1_ob,disk,adservice,stationary_ar,180,180,46,13,191.48393171628544,5.889624949955703,115.70043117808815,0.7692307692307693,redis,0,0.0
re1_ob__adservice_disk__1,re1_ob,disk,adservice,stationary_counterfactual_ar,180,180,46,13,210.5043882706575,83.09157081601126,187.96126640991622,0.9230769230769231,recommendationservice,0,0.0
re1_ob__adservice_disk__1,re1_ob,disk,adservice,stationary_counterfactual_ar_uncertainty,180,180,46,13,176.17953987627612,19.258903818074902,106.61113711272284,0.9230769230769231,redis,0,0.0
re1_ob__adservice_disk__2,re1_ob,disk,adservice,stationary_ar,180,180,47,13,57.24998552448424,0.13587908241007796,10.419894053214373,0.5384615384615384,adservice,0,0.0
re1_ob__adservice_disk__2,re1_ob,disk,adservice,stationary_counterfactual_ar,180,180,47,13,150.2557513020935,62.67020965442274,121.75773873205478,0.9230769230769231,adservice,0,0.0
re1_ob__adservice_disk__2,re1_ob,disk,adservice,stationary_counterfactual_ar_uncertainty,180,180,47,13,73.26575358468298,9.082858649528267,40.959403256250525,0.8461538461538461,adservice,0,0.0
re1_ob__adservice_disk__3,re1_ob,disk,adservice,stationary_ar,180,180,47,13,201.24131614256984,15.445243595457166,136.63694190938853,0.7692307692307693,redis,0,0.0
re1_ob__adservice_disk__3,re1_ob,disk,adservice,stationary_counterfactual_ar,180,180,47,13,198.59818057122936,115.73972599202995,150.4325084430678,0.9230769230769231,cartservice,0,0.0
re1_ob__adservice_disk__3,re1_ob,disk,adservice,stationary_counterfactual_ar_uncertainty,180,180,47,13,177.0815254318879,49.909570742396276,135.6632483221278,0.9230769230769231,redis,0,0.0
re1_ob__adservice_disk__4,re1_ob,disk,adservice,stationary_ar,180,180,47,13,146.94322927082774,2.3879309010401357,94.6798740643689,0.6923076923076923,cartservice,0,0.0
re1_ob__adservice_disk__4,re1_ob,disk,adservice,stationary_counterfactual_ar,180,180,47,13,223.85442026476153,54.72848295380291,206.444927449495,0.9230769230769231,paymentservice,0,0.0
re1_ob__adservice_disk__4,re1_ob,disk,adservice,stationary_counterfactual_ar_uncertainty,180,180,47,13,123.45837445469725,27.730200557671953,111.2332738684972,0.7692307692307693,cartservice,0,0.0
re1_ob__adservice_disk__5,re1_ob,disk,adservice,stationary_ar,180,180,47,13,207.63379613486782,63.38112535430363,155.1155316608612,0.7692307692307693,cartservice,0,0.0
re1_ob__adservice_disk__5,re1_ob,disk,adservice,stationary_counterfactual_ar,180,180,47,13,347.1747340482555,123.07642098874858,208.9933589711731,0.9230769230769231,recommendationservice,0,0.0
re1_ob__adservice_disk__5,re1_ob,disk,adservice,stationary_counterfactual_ar_uncertainty,180,180,47,13,232.81365873159442,79.32549059226177,159.7403975840024,0.9230769230769231,recommendationservice,0,0.0
re1_ob__adservice_loss__1,re1_ob,loss,adservice,stationary_ar,180,180,49,13,219.70861684916747,14.238130727769345,59.564485313201395,0.6923076923076923,cartservice,0,0.0
re1_ob__adservice_loss__1,re1_ob,loss,adservice,stationary_counterfactual_ar,180,180,49,13,234.48007529248295,61.8160594555759,175.93880965867058,0.9230769230769231,main,0,0.0
re1_ob__adservice_loss__1,re1_ob,loss,adservice,stationary_counterfactual_ar_uncertainty,180,180,49,13,173.77090763782272,31.56258045139191,90.35055204471104,0.8461538461538461,cartservice,0,0.0
re1_ob__adservice_loss__2,re1_ob,loss,adservice,stationary_ar,180,180,49,13,832.4096886621459,33.89468398727677,128.83906651084476,0.6923076923076923,frontend,0,0.0
re1_ob__adservice_loss__2,re1_ob,loss,adservice,stationary_counterfactual_ar,180,180,49,13,819.1216434886672,106.71617440203545,239.12364439274646,0.9230769230769231,frontend,0,0.0
re1_ob__adservice_loss__2,re1_ob,loss,adservice,stationary_counterfactual_ar_uncertainty,180,180,49,13,841.2975741221157,68.68594791466803,124.03388894686235,0.8461538461538461,frontend,0,0.0
re1_ob__adservice_loss__3,re1_ob,loss,adservice,stationary_ar,180,180,49,13,230.1111263166718,-1.3370684823285615,83.2302795962889,0.46153846153846156,redis,0,0.0
re1_ob__adservice_loss__3,re1_ob,loss,adservice,stationary_counterfactual_ar,180,180,49,13,212.40273470696906,63.71839998913123,161.2759395479794,0.8461538461538461,main,0,0.0
re1_ob__adservice_loss__3,re1_ob,loss,adservice,stationary_counterfactual_ar_uncertainty,180,180,49,13,158.53379040945003,13.202707535835827,84.63119460544516,0.6153846153846154,redis,0,0.0
re1_ob__adservice_loss__4,re1_ob,loss,adservice,stationary_ar,180,180,49,13,29.759012790883038,6.360055366373317,28.142312483696614,0.5384615384615384,paymentservice,0,0.0
re1_ob__adservice_loss__4,re1_ob,loss,adservice,stationary_counterfactual_ar,180,180,49,13,172.8727782648657,69.47535311056065,139.31486326549452,0.9230769230769231,main,0,0.0
re1_ob__adservice_loss__4,re1_ob,loss,adservice,stationary_counterfactual_ar_uncertainty,180,180,49,13,59.126544974626846,29.81007889980238,56.358713520877814,0.6923076923076923,frontend,0,0.0
re1_ob__adservice_loss__5,re1_ob,loss,adservice,stationary_ar,180,180,49,13,166.9262088438235,16.657124494936756,96.59954244410173,0.6153846153846154,recommendationservice,0,0.0
re1_ob__adservice_loss__5,re1_ob,loss,adservice,stationary_counterfactual_ar,180,180,49,13,278.82389890406245,52.04419742713742,175.53079476636364,0.9230769230769231,frontend,0,0.0
re1_ob__adservice_loss__5,re1_ob,loss,adservice,stationary_counterfactual_ar_uncertainty,180,180,49,13,170.39443275600004,43.68691188320035,149.89804764499095,0.7692307692307693,recommendationservice,0,0.0
re1_ob__adservice_mem__1,re1_ob,mem,adservice,stationary_ar,300,300,50,15,22.581547135588778,-6.478231797997637,11.00250540172791,0.26666666666666666,frontend-external,0,0.0
re1_ob__adservice_mem__1,re1_ob,mem,adservice,stationary_counterfactual_ar,300,300,50,15,453.81891293434535,267.42174306254657,332.2380279809394,0.8,main,0,0.0
re1_ob__adservice_mem__1,re1_ob,mem,adservice,stationary_counterfactual_ar_uncertainty,300,300,50,15,135.53799810541705,31.714364780804203,80.71557596333228,0.8,frontend-external,0,0.0
re1_ob__adservice_mem__2,re1_ob,mem,adservice,stationary_ar,300,300,50,15,286.09769488824196,0.9872778894546173,159.81324481214665,0.5333333333333333,recommendationservice,0,0.0
re1_ob__adservice_mem__2,re1_ob,mem,adservice,stationary_counterfactual_ar,300,300,50,15,747.9064961183544,276.9681195844744,427.3806165967782,0.8,main,0,0.0
re1_ob__adservice_mem__2,re1_ob,mem,adservice,stationary_counterfactual_ar_uncertainty,300,300,50,15,366.5299168820429,60.35740096713948,225.92334131780154,0.7333333333333333,main,0,0.0
re1_ob__adservice_mem__3,re1_ob,mem,adservice,stationary_ar,300,300,50,15,281.8372114745539,-8.470583638398844,155.13419665378288,0.3333333333333333,emailservice,0,0.0
re1_ob__adservice_mem__3,re1_ob,mem,adservice,stationary_counterfactual_ar,300,300,50,15,494.43713840531177,249.7519626194281,434.70928234980437,0.8,main,0,0.0
re1_ob__adservice_mem__3,re1_ob,mem,adservice,stationary_counterfactual_ar_uncertainty,300,300,50,15,259.3294216394658,44.953649457940095,181.67089870974604,0.7333333333333333,emailservice,0,0.0
re1_ob__adservice_mem__4,re1_ob,mem,adservice,stationary_ar,300,300,50,15,52.86920217348554,-5.689537155788154,26.833743382450827,0.26666666666666666,emailservice,0,0.0
re1_ob__adservice_mem__4,re1_ob,mem,adservice,stationary_counterfactual_ar,300,300,50,15,466.66887027325936,233.65092312757602,382.6220655205564,0.8,main,0,0.0
re1_ob__adservice_mem__4,re1_ob,mem,adservice,stationary_counterfactual_ar_uncertainty,300,300,50,15,126.57473845620181,39.12725004433594,116.32778859908447,0.6666666666666666,paymentservice,0,0.0
re1_ob__adservice_mem__5,re1_ob,mem,adservice,stationary_ar,300,300,50,15,732.3853372210982,0.28363488629944794,239.85157681451204,0.5333333333333333,emailservice,0,0.0
re1_ob__adservice_mem__5,re1_ob,mem,adservice,stationary_counterfactual_ar,300,300,50,15,845.3911364375821,252.36824374003368,493.2546567900466,0.8,emailservice,0,0.0
re1_ob__adservice_mem__5,re1_ob,mem,adservice,stationary_counterfactual_ar_uncertainty,300,300,50,15,750.9431572152401,37.60397799635791,197.69372772179804,0.7333333333333333,emailservice,0,0.0
re1_ob__cartservice_cpu__1,re1_ob,cpu,cartservice,stationary_ar,300,300,50,15,614.5329234968226,-7.774952914952071,67.66083753616275,0.3333333333333333,frontend-external,0,0.0
re1_ob__cartservice_cpu__1,re1_ob,cpu,cartservice,stationary_counterfactual_ar,300,300,50,15,614.8860899470485,271.15012336926134,413.3402134326833,0.8666666666666667,frontend-external,0,0.0
re1_ob__cartservice_cpu__1,re1_ob,cpu,cartservice,stationary_counterfactual_ar_uncertainty,300,300,50,15,614.8431324864623,37.13153346640426,112.34354040490776,0.7333333333333333,frontend-external,0,0.0
re1_ob__cartservice_cpu__2,re1_ob,cpu,cartservice,stationary_ar,300,300,50,15,237.0585456671686,-4.679971372049711,63.06724832782873,0.3333333333333333,cartservice,0,0.0
re1_ob__cartservice_cpu__2,re1_ob,cpu,cartservice,stationary_counterfactual_ar,300,300,50,15,479.3368158689614,258.83024134143403,457.1782984216309,0.7333333333333333,main,0,0.0
re1_ob__cartservice_cpu__2,re1_ob,cpu,cartservice,stationary_counterfactual_ar_uncertainty,300,300,50,15,253.3729228752836,43.68420320293982,134.54262422699966,0.7333333333333333,cartservice,0,0.0
re1_ob__cartservice_cpu__3,re1_ob,cpu,cartservice,stationary_ar,300,300,50,15,469.6949847254395,-6.749551473320594,29.40691459436367,0.2,emailservice,0,0.0
re1_ob__cartservice_cpu__3,re1_ob,cpu,cartservice,stationary_counterfactual_ar,300,300,50,15,517.7236723190684,258.9000192573579,440.958081031804,0.8,emailservice,0,0.0
re1_ob__cartservice_cpu__3,re1_ob,cpu,cartservice,stationary_counterfactual_ar_uncertainty,300,300,50,15,475.1766367612301,29.787247437805565,112.45506652739309,0.8,emailservice,0,0.0
re1_ob__cartservice_cpu__4,re1_ob,cpu,cartservice,stationary_ar,300,300,50,15,277.4207099917385,-3.547453885230425,131.40147120219126,0.4,recommendationservice,0,0.0
re1_ob__cartservice_cpu__4,re1_ob,cpu,cartservice,stationary_counterfactual_ar,300,300,50,15,473.73249970744274,232.4630441801411,414.74138262805405,0.8,adservice,0,0.0
re1_ob__cartservice_cpu__4,re1_ob,cpu,cartservice,stationary_counterfactual_ar_uncertainty,300,300,50,15,275.1106970855971,61.765216518096395,148.9923841154538,0.7333333333333333,recommendationservice,0,0.0
re1_ob__cartservice_cpu__5,re1_ob,cpu,cartservice,stationary_ar,300,300,50,15,60.617235936368196,-8.731836334426172,16.617113933735023,0.3333333333333333,emailservice,0,0.0
re1_ob__cartservice_cpu__5,re1_ob,cpu,cartservice,stationary_counterfactual_ar,300,300,50,15,325.6934261000334,232.6608175959174,321.13552743177365,0.8,adservice,0,0.0
re1_ob__cartservice_cpu__5,re1_ob,cpu,cartservice,stationary_counterfactual_ar_uncertainty,300,300,50,15,66.43736725280023,20.400715465477827,48.656597691294444,0.6666666666666666,emailservice,0,0.0
re1_ob__cartservice_delay__1,re1_ob,delay,cartservice,stationary_ar,180,180,48,13,250.9320225120678,6.355922293309334,96.4110616486437,0.6153846153846154,frontend,0,0.0
re1_ob__cartservice_delay__1,re1_ob,delay,cartservice,stationary_counterfactual_ar,180,180,48,13,292.28717091943196,87.25742096206038,172.25867642225944,0.9230769230769231,frontend,0,0.0
re1_ob__cartservice_delay__1,re1_ob,delay,cartservice,stationary_counterfactual_ar_uncertainty,180,180,48,13,260.94218228095065,21.373042263925196,74.32014480678276,0.7692307692307693,frontend,0,0.0
re1_ob__cartservice_delay__2,re1_ob,delay,cartservice,stationary_ar,180,180,48,13,225.33542314466524,9.411272393788218,201.75753626399407,0.7692307692307693,cartservice,0,0.0
re1_ob__cartservice_delay__2,re1_ob,delay,cartservice,stationary_counterfactual_ar,180,180,48,13,325.14482920235287,69.31715053510489,193.97763554453675,0.9230769230769231,main,0,0.0
re1_ob__cartservice_delay__2,re1_ob,delay,cartservice,stationary_counterfactual_ar_uncertainty,180,180,48,13,185.2264085874173,22.724211955247842,181.74691187557283,0.8461538461538461,cartservice,0,0.0
re1_ob__cartservice_delay__3,re1_ob,delay,cartservice,stationary_ar,180,180,48,13,235.24675109821783,34.40683553018838,211.18685623155702,0.9230769230769231,cartservice,0,0.0
re1_ob__cartservice_delay__3,re1_ob,delay,cartservice,stationary_counterfactual_ar,180,180,48,13,267.2179786082025,60.7377468126763,224.19148699586236,0.9230769230769231,cartservice,0,0.0
re1_ob__cartservice_delay__3,re1_ob,delay,cartservice,stationary_counterfactual_ar_uncertainty,180,180,48,13,224.52326560542738,35.48351158241358,191.81369948169808,0.8461538461538461,cartservice,0,0.0
re1_ob__cartservice_delay__4,re1_ob,delay,cartservice,stationary_ar,180,180,48,13,220.79899510655227,18.17040645380564,149.59342010583822,0.8461538461538461,checkoutservice,0,0.0
re1_ob__cartservice_delay__4,re1_ob,delay,cartservice,stationary_counterfactual_ar,180,180,48,13,218.8300890142751,56.655861157815444,187.89540395013282,0.8461538461538461,cartservice,0,0.0
re1_ob__cartservice_delay__4,re1_ob,delay,cartservice,stationary_counterfactual_ar_uncertainty,180,180,48,13,199.16102416328582,26.989665408727774,157.60191671553324,0.8461538461538461,checkoutservice,0,0.0
re1_ob__cartservice_delay__5,re1_ob,delay,cartservice,stationary_ar,180,180,48,13,400.139758847894,19.04460059925348,229.28630332630047,0.7692307692307693,recommendationservice,0,0.0
re1_ob__cartservice_delay__5,re1_ob,delay,cartservice,stationary_counterfactual_ar,180,180,48,13,365.33919301922697,115.69451456539416,297.77163445071545,0.9230769230769231,cartservice,0,0.0
re1_ob__cartservice_delay__5,re1_ob,delay,cartservice,stationary_counterfactual_ar_uncertainty,180,180,48,13,349.5580794367552,62.642761798849776,275.46681185327066,0.8461538461538461,recommendationservice,0,0.0
re1_ob__cartservice_disk__1,re1_ob,disk,cartservice,stationary_ar,180,180,46,13,189.49522638841117,39.898732667197464,182.63834256702825,0.8461538461538461,emailservice,0,0.0
re1_ob__cartservice_disk__1,re1_ob,disk,cartservice,stationary_counterfactual_ar,180,180,46,13,297.6996813147053,121.35556141567754,249.68700382880735,0.9230769230769231,redis,0,0.0
re1_ob__cartservice_disk__1,re1_ob,disk,cartservice,stationary_counterfactual_ar_uncertainty,180,180,46,13,199.11180790874025,73.9891969259722,173.6439375248713,0.9230769230769231,cartservice,0,0.0
re1_ob__cartservice_disk__2,re1_ob,disk,cartservice,stationary_ar,180,180,47,13,218.61154642408215,47.124007121221176,170.00805317444645,0.8461538461538461,cartservice,0,0.0
re1_ob__cartservice_disk__2,re1_ob,disk,cartservice,stationary_counterfactual_ar,180,180,47,13,187.2246194893274,114.4982257485853,164.49246966730325,0.9230769230769231,adservice,0,0.0
re1_ob__cartservice_disk__2,re1_ob,disk,cartservice,stationary_counterfactual_ar_uncertainty,180,180,47,13,158.42229921282174,75.8160056170115,153.49491663593685,0.9230769230769231,emailservice,0,0.0
re1_ob__cartservice_disk__3,re1_ob,disk,cartservice,stationary_ar,180,180,48,14,5393.708922269707,98.2506186978676,413.96912358128276,0.9285714285714286,frontend-check,0,0.0
re1_ob__cartservice_disk__3,re1_ob,disk,cartservice,stationary_counterfactual_ar,180,180,48,14,5393.708922269707,235.67691134598186,644.2675511833125,0.9285714285714286,frontend-check,0,0.0
re1_ob__cartservice_disk__3,re1_ob,disk,cartservice,stationary_counterfactual_ar_uncertainty,180,180,48,14,5393.708922269707,168.60411200881651,528.2187971815349,0.9285714285714286,frontend-check,0,0.0
re1_ob__cartservice_disk__4,re1_ob,disk,cartservice,stationary_ar,180,180,47,13,193.72868310688108,26.742062853836824,67.94916093050715,0.7692307692307693,redis,0,0.0
re1_ob__cartservice_disk__4,re1_ob,disk,cartservice,stationary_counterfactual_ar,180,180,47,13,110.42563111007435,61.4645061113279,95.74424623250735,0.9230769230769231,paymentservice,0,0.0
re1_ob__cartservice_disk__4,re1_ob,disk,cartservice,stationary_counterfactual_ar_uncertainty,180,180,47,13,134.59805478421805,26.343120208418856,93.89528660643792,0.9230769230769231,redis,0,0.0
re1_ob__cartservice_disk__5,re1_ob,disk,cartservice,stationary_ar,180,180,48,13,184.95381541659745,14.426753980418482,80.07774717448687,0.8461538461538461,emailservice,0,0.0
re1_ob__cartservice_disk__5,re1_ob,disk,cartservice,stationary_counterfactual_ar,180,180,48,13,250.51609948212095,49.38950467856057,133.86500421259478,0.9230769230769231,emailservice,0,0.0
re1_ob__cartservice_disk__5,re1_ob,disk,cartservice,stationary_counterfactual_ar_uncertainty,180,180,48,13,185.8086984048201,35.30025079123656,68.67571470766605,0.8461538461538461,emailservice,0,0.0
re1_ob__cartservice_loss__1,re1_ob,loss,cartservice,stationary_ar,180,180,49,13,370.7452995570345,172.15982782119582,255.1551841675389,0.9230769230769231,cartservice,0,0.0
re1_ob__cartservice_loss__1,re1_ob,loss,cartservice,stationary_counterfactual_ar,180,180,49,13,466.61979530947224,144.32632501676002,330.9101864871004,0.9230769230769231,adservice,0,0.0
re1_ob__cartservice_loss__1,re1_ob,loss,cartservice,stationary_counterfactual_ar_uncertainty,180,180,49,13,383.2146223824803,81.18895164671005,228.77391276571845,0.9230769230769231,adservice,0,0.0
re1_ob__cartservice_loss__2,re1_ob,loss,cartservice,stationary_ar,180,180,49,13,1237.565156285067,12.308049936578499,293.8582516889785,0.5384615384615384,frontend-external,0,0.0
re1_ob__cartservice_loss__2,re1_ob,loss,cartservice,stationary_counterfactual_ar,180,180,49,13,1237.8810098440226,108.83388643937741,376.4679966098896,1.0,frontend-external,0,0.0
re1_ob__cartservice_loss__2,re1_ob,loss,cartservice,stationary_counterfactual_ar_uncertainty,180,180,49,13,1237.7714837137162,35.787725396880944,300.08057749957436,0.9230769230769231,frontend-external,0,0.0
re1_ob__cartservice_loss__3,re1_ob,loss,cartservice,stationary_ar,180,180,49,13,376.7427735190875,-2.5065940727173577,162.73945246519745,0.46153846153846156,cartservice,0,0.0
re1_ob__cartservice_loss__3,re1_ob,loss,cartservice,stationary_counterfactual_ar,180,180,49,13,428.2901096542126,64.90788243975679,133.93046165040533,0.9230769230769231,cartservice,0,0.0
re1_ob__cartservice_loss__3,re1_ob,loss,cartservice,stationary_counterfactual_ar_uncertainty,180,180,49,13,335.5914521774176,0.7107387757922842,139.24558388923225,0.5384615384615384,cartservice,0,0.0
re1_ob__cartservice_loss__4,re1_ob,loss,cartservice,stationary_ar,180,180,49,13,258.3236418114249,5.225763279171464,136.40231245912418,0.6153846153846154,adservice,0,0.0
re1_ob__cartservice_loss__4,re1_ob,loss,cartservice,stationary_counterfactual_ar,180,180,49,13,382.8555285018006,70.22954476829035,177.28541732087768,0.9230769230769231,adservice,0,0.0
re1_ob__cartservice_loss__4,re1_ob,loss,cartservice,stationary_counterfactual_ar_uncertainty,180,180,49,13,279.9275914330369,11.343667338970173,100.83230121705643,0.7692307692307693,adservice,0,0.0
re1_ob__cartservice_loss__5,re1_ob,loss,cartservice,stationary_ar,180,180,49,13,343.9490619670876,-1.1191694979110025,60.07878601390897,0.46153846153846156,frontend-external,0,0.0
re1_ob__cartservice_loss__5,re1_ob,loss,cartservice,stationary_counterfactual_ar,180,180,49,13,343.8920513407778,66.8170791091423,149.98812821795676,1.0,frontend-external,0,0.0
re1_ob__cartservice_loss__5,re1_ob,loss,cartservice,stationary_counterfactual_ar_uncertainty,180,180,49,13,343.91864501525,27.751499789774943,57.413018021320035,0.8461538461538461,frontend-external,0,0.0
re1_ob__cartservice_mem__1,re1_ob,mem,cartservice,stationary_ar,300,300,50,15,106.32283981550478,-8.308963455864273,41.87637437459968,0.2,adservice,0,0.0
re1_ob__cartservice_mem__1,re1_ob,mem,cartservice,stationary_counterfactual_ar,300,300,50,15,479.6906919541628,242.4580084193859,364.0948574107202,0.8,adservice,0,0.0
re1_ob__cartservice_mem__1,re1_ob,mem,cartservice,stationary_counterfactual_ar_uncertainty,300,300,50,15,133.67948212892094,27.507214676497824,113.92011534364657,0.7333333333333333,adservice,0,0.0
re1_ob__cartservice_mem__2,re1_ob,mem,cartservice,stationary_ar,300,300,50,15,264.81880749469826,-4.2288064247111,82.1779977863934,0.4666666666666667,emailservice,0,0.0
re1_ob__cartservice_mem__2,re1_ob,mem,cartservice,stationary_counterfactual_ar,300,300,50,15,614.1130492308489,256.5192943345275,499.97374026466764,0.8,main,0,0.0
re1_ob__cartservice_mem__2,re1_ob,mem,cartservice,stationary_counterfactual_ar_uncertainty,300,300,50,15,263.221791615899,46.410158472490444,235.75065199325033,0.7333333333333333,emailservice,0,0.0
re1_ob__cartservice_mem__3,re1_ob,mem,cartservice,stationary_ar,300,300,50,15,99.69389443582826,-7.326624804872608,57.40750688534559,0.2,cartservice,0,0.0
re1_ob__cartservice_mem__3,re1_ob,mem,cartservice,stationary_counterfactual_ar,300,300,50,15,477.55989929975016,274.09427381288765,428.5132159256535,0.7333333333333333,main,0,0.0
re1_ob__cartservice_mem__3,re1_ob,mem,cartservice,stationary_counterfactual_ar_uncertainty,300,300,50,15,118.6729805570095,46.638097109178794,90.33873954161302,0.6666666666666666,recommendationservice,0,0.0
re1_ob__cartservice_mem__4,re1_ob,mem,cartservice,stationary_ar,300,300,50,15,613.552145032615,-7.15293085216202,8.677947028177485,0.3333333333333333,frontend-external,0,0.0
re1_ob__cartservice_mem__4,re1_ob,mem,cartservice,stationary_counterfactual_ar,300,300,50,15,613.5175824980424,282.1442855660511,434.06247705452137,0.8,frontend-external,0,0.0
re1_ob__cartservice_mem__4,re1_ob,mem,cartservice,stationary_counterfactual_ar_uncertainty,300,300,50,15,613.5822636340619,39.40117917660442,79.87854481495108,0.7333333333333333,frontend-external,0,0.0
re1_ob__cartservice_mem__5,re1_ob,mem,cartservice,stationary_ar,300,300,50,15,248.87332758723903,-9.369162865055046,83.0678251739829,0.26666666666666666,cartservice,0,0.0
re1_ob__cartservice_mem__5,re1_ob,mem,cartservice,stationary_counterfactual_ar,300,300,50,15,466.9991871945329,242.1375288293751,416.26502442543074,0.8,paymentservice,0,0.0
re1_ob__cartservice_mem__5,re1_ob,mem,cartservice,stationary_counterfactual_ar_uncertainty,300,300,50,15,194.53242258025537,41.987442326175334,139.90188757523703,0.7333333333333333,cartservice,0,0.0
re1_ob__checkoutservice_cpu__1,re1_ob,cpu,checkoutservice,stationary_ar,300,300,50,15,76.28114694688111,-7.975611767069457,27.957981712969936,0.2,cartservice,0,0.0
re1_ob__checkoutservice_cpu__1,re1_ob,cpu,checkoutservice,stationary_counterfactual_ar,300,300,50,15,387.4169301225006,243.8451781295912,329.5042133563615,0.7333333333333333,cartservice,0,0.0
re1_ob__checkoutservice_cpu__1,re1_ob,cpu,checkoutservice,stationary_counterfactual_ar_uncertainty,300,300,50,15,103.0932246012233,34.90265578142339,57.94642526050011,0.6666666666666666,cartservice,0,0.0
re1_ob__checkoutservice_cpu__2,re1_ob,cpu,checkoutservice,stationary_ar,300,300,50,15,404.8671527610677,-4.9157691418384575,171.19413118745132,0.4666666666666667,frontend,0,0.0
re1_ob__checkoutservice_cpu__2,re1_ob,cpu,checkoutservice,stationary_counterfactual_ar,300,300,50,15,643.2555473365977,252.38872537041485,436.4239801071497,0.8,frontend,0,0.0
re1_ob__checkoutservice_cpu__2,re1_ob,cpu,checkoutservice,stationary_counterfactual_ar_uncertainty,300,300,50,15,420.09636724465093,61.11809411497006,149.50653029816291,0.8,frontend,0,0.0
re1_ob__checkoutservice_cpu__3,re1_ob,cpu,checkoutservice,stationary_ar,300,300,50,15,221.53886508060938,-3.275685843138035,86.78208601603373,0.4666666666666667,recommendationservice,0,0.0
re1_ob__checkoutservice_cpu__3,re1_ob,cpu,checkoutservice,stationary_counterfactual_ar,300,300,50,15,580.5879544954718,248.6659137773435,447.79180813705204,0.8,recommendationservice,0,0.0
re1_ob__checkoutservice_cpu__3,re1_ob,cpu,checkoutservice,stationary_counterfactual_ar_uncertainty,300,300,50,15,263.56929950223986,38.546149484271986,144.173007664671,0.7333333333333333,recommendationservice,0,0.0
re1_ob__checkoutservice_cpu__4,re1_ob,cpu,checkoutservice,stationary_ar,300,300,50,15,1996.4654275302287,5.952190456968917,336.46643050737237,0.6666666666666666,frontend-external,0,0.0
re1_ob__checkoutservice_cpu__4,re1_ob,cpu,checkoutservice,stationary_counterfactual_ar,300,300,50,15,1996.911725422765,251.5564249961275,462.24426234672836,0.8666666666666667,frontend-external,0,0.0
re1_ob__checkoutservice_cpu__4,re1_ob,cpu,checkoutservice,stationary_counterfactual_ar_uncertainty,300,300,50,15,1996.2796551410297,56.96599569973023,333.29749156978187,0.8666666666666667,frontend-external,0,0.0
re1_ob__checkoutservice_cpu__5,re1_ob,cpu,checkoutservice,stationary_ar,300,300,50,15,180.20543793927288,1.5111766923833254,89.59102576522741,0.5333333333333333,recommendationservice,0,0.0
re1_ob__checkoutservice_cpu__5,re1_ob,cpu,checkoutservice,stationary_counterfactual_ar,300,300,50,15,511.8231150358913,220.7003418134127,362.238688589304,0.8,recommendationservice,0,0.0
re1_ob__checkoutservice_cpu__5,re1_ob,cpu,checkoutservice,stationary_counterfactual_ar_uncertainty,300,300,50,15,224.46241986640277,28.482932964689592,87.20264214598745,0.8,recommendationservice,0,0.0
re1_ob__checkoutservice_delay__1,re1_ob,delay,checkoutservice,stationary_ar,180,180,47,13,160.59196763166975,53.064483821249105,105.47716658365195,0.9230769230769231,adservice,0,0.0
re1_ob__checkoutservice_delay__1,re1_ob,delay,checkoutservice,stationary_counterfactual_ar,180,180,47,13,240.55993797280632,128.83808733502346,186.63175184108394,0.9230769230769231,main,0,0.0
re1_ob__checkoutservice_delay__1,re1_ob,delay,checkoutservice,stationary_counterfactual_ar_uncertainty,180,180,47,13,167.42739747642875,71.14476256740186,115.3532523490014,0.9230769230769231,adservice,0,0.0
re1_ob__checkoutservice_delay__2,re1_ob,delay,checkoutservice,stationary_ar,180,180,47,13,256.65567240403533,5.085242464147673,180.7366661102738,0.6923076923076923,checkoutservice,0,0.0
re1_ob__checkoutservice_delay__2,re1_ob,delay,checkoutservice,stationary_counterfactual_ar,180,180,47,13,238.12318610697983,82.41084824396894,152.63005935443033,0.9230769230769231,checkoutservice,0,0.0
re1_ob__checkoutservice_delay__2,re1_ob,delay,checkoutservice,stationary_counterfactual_ar_uncertainty,180,180,47,13,236.70588881168723,28.816897061981127,145.455272742685,0.8461538461538461,checkoutservice,0,0.0
re1_ob__checkoutservice_delay__3,re1_ob,delay,checkoutservice,stationary_ar,180,180,47,13,1189.3213986807207,28.056129014390475,209.31157850642157,0.5384615384615384,frontend-external,0,0.0
re1_ob__checkoutservice_delay__3,re1_ob,delay,checkoutservice,stationary_counterfactual_ar,180,180,47,13,1189.1326949909294,88.4702819348372,258.7511648711055,1.0,frontend-external,0,0.0
re1_ob__checkoutservice_delay__3,re1_ob,delay,checkoutservice,stationary_counterfactual_ar_uncertainty,180,180,47,13,1189.0824973364554,15.75674612457451,221.02742840052466,0.7692307692307693,frontend-external,0,0.0
re1_ob__checkoutservice_delay__4,re1_ob,delay,checkoutservice,stationary_ar,180,180,48,13,223.24000406836976,41.93336765088922,172.6544432673097,0.8461538461538461,checkoutservice,0,0.0
re1_ob__checkoutservice_delay__4,re1_ob,delay,checkoutservice,stationary_counterfactual_ar,180,180,48,13,310.95690476134035,172.34720596115122,246.91597831765975,0.9230769230769231,main,0,0.0
re1_ob__checkoutservice_delay__4,re1_ob,delay,checkoutservice,stationary_counterfactual_ar_uncertainty,180,180,48,13,213.94884623147053,93.80304565998858,158.1211401556149,0.8461538461538461,checkoutservice,0,0.0
re1_ob__checkoutservice_delay__5,re1_ob,delay,checkoutservice,stationary_ar,180,180,48,13,344.9213818364825,25.054758607335923,202.38586967239502,0.8461538461538461,frontend-external,0,0.0
re1_ob__checkoutservice_delay__5,re1_ob,delay,checkoutservice,stationary_counterfactual_ar,180,180,48,13,344.4010801000217,105.54626238765219,197.09775673935314,1.0,frontend-external,0,0.0
re1_ob__checkoutservice_delay__5,re1_ob,delay,checkoutservice,stationary_counterfactual_ar_uncertainty,180,180,48,13,344.9008076506895,36.93026231404357,176.4157486920196,0.8461538461538461,frontend-external,0,0.0
re1_ob__checkoutservice_disk__1,re1_ob,disk,checkoutservice,stationary_ar,180,180,46,13,95.38305938042403,2.555404248135081,14.161892095430241,0.6153846153846154,emailservice,0,0.0
re1_ob__checkoutservice_disk__1,re1_ob,disk,checkoutservice,stationary_counterfactual_ar,180,180,46,13,146.93628940036533,64.46179443285317,121.59962772719972,0.9230769230769231,frontend,0,0.0
re1_ob__checkoutservice_disk__1,re1_ob,disk,checkoutservice,stationary_counterfactual_ar_uncertainty,180,180,46,13,98.25730381007732,15.507883817870265,50.44404369220031,0.8461538461538461,emailservice,0,0.0
re1_ob__checkoutservice_disk__2,re1_ob,disk,checkoutservice,stationary_ar,180,180,48,13,193.55094095065056,-3.020704355766535,91.76773244833046,0.38461538461538464,redis,0,0.0
re1_ob__checkoutservice_disk__2,re1_ob,disk,checkoutservice,stationary_counterfactual_ar,180,180,48,13,269.56590968036454,63.27262904151519,153.5918754061315,0.8461538461538461,redis,0,0.0
re1_ob__checkoutservice_disk__2,re1_ob,disk,checkoutservice,stationary_counterfactual_ar_uncertainty,180,180,48,13,203.37015879590888,27.93301879580351,87.1474297404227,0.8461538461538461,redis,0,0.0
re1_ob__checkoutservice_disk__3,re1_ob,disk,checkoutservice,stationary_ar,180,180,48,13,267.5193452430548,3.1127265118727983,184.9667797334538,0.6153846153846154,redis,0,0.0
re1_ob__checkoutservice_disk__3,re1_ob,disk,checkoutservice,stationary_counterfactual_ar,180,180,48,13,172.03034186957578,71.19871537210865,168.96540195297055,0.9230769230769231,cartservice,0,0.0
re1_ob__checkoutservice_disk__3,re1_ob,disk,checkoutservice,stationary_counterfactual_ar_uncertainty,180,180,48,13,199.90868059442948,16.2006244542996,171.0980824983899,0.8461538461538461,emailservice,0,0.0
re1_ob__checkoutservice_disk__4,re1_ob,disk,checkoutservice,stationary_ar,180,180,48,13,211.58775862801846,20.48245657771226,94.48210971571322,0.8461538461538461,emailservice,0,0.0
re1_ob__checkoutservice_disk__4,re1_ob,disk,checkoutservice,stationary_counterfactual_ar,180,180,48,13,248.7401397043917,106.27193121110615,240.02155545072137,0.9230769230769231,cartservice,0,0.0
re1_ob__checkoutservice_disk__4,re1_ob,disk,checkoutservice,stationary_counterfactual_ar_uncertainty,180,180,48,13,209.10905671482968,38.65085972900039,158.16021263479294,0.9230769230769231,emailservice,0,0.0
re1_ob__checkoutservice_disk__5,re1_ob,disk,checkoutservice,stationary_ar,180,180,48,13,162.57552673398465,33.60521678549003,138.7084514175039,0.9230769230769231,redis,0,0.0
re1_ob__checkoutservice_disk__5,re1_ob,disk,checkoutservice,stationary_counterfactual_ar,180,180,48,13,244.398208734976,115.57052611055424,182.80167897814098,0.9230769230769231,frontend,0,0.0
re1_ob__checkoutservice_disk__5,re1_ob,disk,checkoutservice,stationary_counterfactual_ar_uncertainty,180,180,48,13,160.58137788181273,61.278076516481114,149.83366924833237,0.9230769230769231,redis,0,0.0
re1_ob__checkoutservice_loss__1,re1_ob,loss,checkoutservice,stationary_ar,180,180,49,13,1219.1020380783282,4.940256353417605,39.238155431872855,0.6923076923076923,frontend-external,0,0.0
re1_ob__checkoutservice_loss__1,re1_ob,loss,checkoutservice,stationary_counterfactual_ar,180,180,49,13,1219.0947132696083,63.539343284245,202.29726009307817,1.0,frontend-external,0,0.0
re1_ob__checkoutservice_loss__1,re1_ob,loss,checkoutservice,stationary_counterfactual_ar_uncertainty,180,180,49,13,1219.085277685218,26.652976370357333,60.12675669455563,0.7692307692307693,frontend-external,0,0.0
re1_ob__checkoutservice_loss__2,re1_ob,loss,checkoutservice,stationary_ar,180,180,49,13,344.15969348011913,-3.659599851337236,176.45824936100013,0.46153846153846156,frontend-external,0,0.0
re1_ob__checkoutservice_loss__2,re1_ob,loss,checkoutservice,stationary_counterfactual_ar,180,180,49,13,314.79519048271516,73.6830470384002,300.3140022550444,1.0,frontend-external,0,0.0
re1_ob__checkoutservice_loss__2,re1_ob,loss,checkoutservice,stationary_counterfactual_ar_uncertainty,180,180,49,13,322.31698332197743,13.075827635409174,185.5304970262135,0.6923076923076923,frontend-external,0,0.0
re1_ob__checkoutservice_loss__3,re1_ob,loss,checkoutservice,stationary_ar,180,180,49,13,108.8116634362292,8.43382275452052,59.36905099646504,0.7692307692307693,emailservice,0,0.0
re1_ob__checkoutservice_loss__3,re1_ob,loss,checkoutservice,stationary_counterfactual_ar,180,180,49,13,164.28790736014386,79.14825255026888,150.6038169480429,0.9230769230769231,emailservice,0,0.0
re1_ob__checkoutservice_loss__3,re1_ob,loss,checkoutservice,stationary_counterfactual_ar_uncertainty,180,180,49,13,108.92585652084479,21.00356277561203,81.21648230141025,0.8461538461538461,emailservice,0,0.0
re1_ob__checkoutservice_loss__4,re1_ob,loss,checkoutservice,stationary_ar,180,180,49,13,166.25488406712682,6.833271513979639,23.068381316184563,0.7692307692307693,recommendationservice,0,0.0
re1_ob__checkoutservice_loss__4,re1_ob,loss,checkoutservice,stationary_counterfactual_ar,180,180,49,13,235.03912080944573,52.2285798011474,167.43782594361033,0.9230769230769231,recommendationservice,0,0.0
re1_ob__checkoutservice_loss__4,re1_ob,loss,checkoutservice,stationary_counterfactual_ar_uncertainty,180,180,49,13,176.90448059696038,17.570782273151128,63.973996139068895,0.8461538461538461,recommendationservice,0,0.0
re1_ob__checkoutservice_loss__5,re1_ob,loss,checkoutservice,stationary_ar,180,180,49,13,211.1755918334063,6.098373246007934,35.148810467767774,0.5384615384615384,cartservice,0,0.0
re1_ob__checkoutservice_loss__5,re1_ob,loss,checkoutservice,stationary_counterfactual_ar,180,180,49,13,240.47409523055669,59.84757346597011,196.3731409369505,0.9230769230769231,cartservice,0,0.0
re1_ob__checkoutservice_loss__5,re1_ob,loss,checkoutservice,stationary_counterfactual_ar_uncertainty,180,180,49,13,202.3340867236352,26.582736423218666,76.24743932874034,0.6923076923076923,cartservice,0,0.0
re1_ob__checkoutservice_mem__1,re1_ob,mem,checkoutservice,stationary_ar,300,300,50,15,2047.7195103436945,28.687490899172115,308.9502384634391,0.8,frontend-external,0,0.0
re1_ob__checkoutservice_mem__1,re1_ob,mem,checkoutservice,stationary_counterfactual_ar,300,300,50,15,2047.4848390186355,181.3175618824928,545.9281670514979,0.8666666666666667,frontend-external,0,0.0
re1_ob__checkoutservice_mem__1,re1_ob,mem,checkoutservice,stationary_counterfactual_ar_uncertainty,300,300,50,15,2047.6404152457771,62.552731911744104,407.3155213213536,0.8666666666666667,frontend-external,0,0.0
re1_ob__checkoutservice_mem__2,re1_ob,mem,checkoutservice,stationary_ar,300,300,50,15,284.2134039367542,2.8518240046733276,196.06991906313425,0.5333333333333333,emailservice,0,0.0
re1_ob__checkoutservice_mem__2,re1_ob,mem,checkoutservice,stationary_counterfactual_ar,300,300,50,15,401.2911040793395,282.46746902233593,369.85108932099274,0.8,cartservice,0,0.0
re1_ob__checkoutservice_mem__2,re1_ob,mem,checkoutservice,stationary_counterfactual_ar_uncertainty,300,300,50,15,284.75956608759054,68.17534700933236,168.5914769652283,0.8,emailservice,0,0.0
re1_ob__checkoutservice_mem__3,re1_ob,mem,checkoutservice,stationary_ar,300,300,50,15,619.1243370731148,71.46922035155194,317.31633284587474,0.8666666666666667,frontend-external,0,0.0
re1_ob__checkoutservice_mem__3,re1_ob,mem,checkoutservice,stationary_counterfactual_ar,300,300,50,15,619.9144171449793,195.83297282783897,367.7598929390581,0.8666666666666667,frontend-external,0,0.0
re1_ob__checkoutservice_mem__3,re1_ob,mem,checkoutservice,stationary_counterfactual_ar_uncertainty,300,300,50,15,620.9231725414871,125.00553310605294,268.407180373345,0.8666666666666667,frontend-external,0,0.0
re1_ob__checkoutservice_mem__4,re1_ob,mem,checkoutservice,stationary_ar,300,300,50,15,613.508164742675,3.8410678630821926,93.0361275904308,0.6,frontend-external,0,0.0
re1_ob__checkoutservice_mem__4,re1_ob,mem,checkoutservice,stationary_counterfactual_ar,300,300,50,15,613.3206541360569,83.87341141700797,321.9349277572813,0.8666666666666667,frontend-external,0,0.0
re1_ob__checkoutservice_mem__4,re1_ob,mem,checkoutservice,stationary_counterfactual_ar_uncertainty,300,300,50,15,613.4412641985318,19.386023332485667,142.4973631774607,0.6666666666666666,frontend-external,0,0.0
re1_ob__checkoutservice_mem__5,re1_ob,mem,checkoutservice,stationary_ar,300,300,50,15,361.91334746256007,31.207610743519734,317.75431700703405,0.6666666666666666,emailservice,0,0.0
re1_ob__checkoutservice_mem__5,re1_ob,mem,checkoutservice,stationary_counterfactual_ar,300,300,50,15,524.0622080570448,166.8947429935519,443.1585780019737,0.8,paymentservice,0,0.0
re1_ob__checkoutservice_mem__5,re1_ob,mem,checkoutservice,stationary_counterfactual_ar_uncertainty,300,300,50,15,380.2087937389965,51.65529839942062,330.2493579670584,0.6666666666666666,paymentservice,0,0.0
re1_ob__currencyservice_cpu__1,re1_ob,cpu,currencyservice,stationary_ar,300,300,50,15,603.0132491345774,31.546790687023986,406.88975229631154,0.6666666666666666,paymentservice,0,0.0
re1_ob__currencyservice_cpu__1,re1_ob,cpu,currencyservice,stationary_counterfactual_ar,300,300,50,15,833.9090451817325,165.89262514424067,512.0945357029053,0.8,paymentservice,0,0.0
re1_ob__currencyservice_cpu__1,re1_ob,cpu,currencyservice,stationary_counterfactual_ar_uncertainty,300,300,50,15,706.6314626515947,172.41337694619816,451.16888361208606,0.8,paymentservice,0,0.0
re1_ob__currencyservice_cpu__2,re1_ob,cpu,currencyservice,stationary_ar,300,300,50,15,229.99686319066993,-7.133187598188026,180.9747726408296,0.26666666666666666,cartservice,0,0.0
re1_ob__currencyservice_cpu__2,re1_ob,cpu,currencyservice,stationary_counterfactual_ar,300,300,50,15,647.6729658847582,265.14793124109934,504.3599661257874,0.8,main,0,0.0
re1_ob__currencyservice_cpu__2,re1_ob,cpu,currencyservice,stationary_counterfactual_ar_uncertainty,300,300,50,15,328.009524706484,38.28488479739068,296.8409571080724,0.8,emailservice,0,0.0
re1_ob__currencyservice_cpu__3,re1_ob,cpu,currencyservice,stationary_ar,300,300,50,15,614.1854310829146,39.125357172227645,395.0391764993754,0.5333333333333333,frontend-external,0,0.0
re1_ob__currencyservice_cpu__3,re1_ob,cpu,currencyservice,stationary_counterfactual_ar,300,300,50,15,707.1186442079552,286.9590194132527,654.0730273124378,0.8,main,0,0.0
re1_ob__currencyservice_cpu__3,re1_ob,cpu,currencyservice,stationary_counterfactual_ar_uncertainty,300,300,50,15,614.328696016391,64.9631932745699,425.6080648819012,0.8,frontend-external,0,0.0
re1_ob__currencyservice_cpu__4,re1_ob,cpu,currencyservice,stationary_ar,300,300,50,15,337.7032242967654,-2.078747713033484,109.55379316357381,0.4666666666666667,paymentservice,0,0.0
re1_ob__currencyservice_cpu__4,re1_ob,cpu,currencyservice,stationary_counterfactual_ar,300,300,50,15,426.0480635201593,269.71942738666854,403.601810604631,0.8,paymentservice,0,0.0
re1_ob__currencyservice_cpu__4,re1_ob,cpu,currencyservice,stationary_counterfactual_ar_uncertainty,300,300,50,15,343.54713624405196,33.66516866571851,140.08629717914098,0.8,paymentservice,0,0.0
re1_ob__currencyservice_cpu__5,re1_ob,cpu,currencyservice,stationary_ar,300,300,50,15,126.86798841576699,-3.4187368098016577,62.64451147329821,0.4666666666666667,paymentservice,0,0.0
re1_ob__currencyservice_cpu__5,re1_ob,cpu,currencyservice,stationary_counterfactual_ar,300,300,50,15,414.3965990738166,231.25846436488123,323.4439372385511,0.8,main,0,0.0
re1_ob__currencyservice_cpu__5,re1_ob,cpu,currencyservice,stationary_counterfactual_ar_uncertainty,300,300,50,15,181.93141025101212,26.72781112253445,78.9858509275004,0.7333333333333333,paymentservice,0,0.0
re1_ob__currencyservice_delay__1,re1_ob,delay,currencyservice,stationary_ar,180,180,47,13,225.7533222825227,11.43527434916795,84.10880249383294,0.6923076923076923,checkoutservice,0,0.0
re1_ob__currencyservice_delay__1,re1_ob,delay,currencyservice,stationary_counterfactual_ar,180,180,47,13,166.32717733039738,72.53632777961381,146.36309263456965,0.9230769230769231,checkoutservice,0,0.0
re1_ob__currencyservice_delay__1,re1_ob,delay,currencyservice,stationary_counterfactual_ar_uncertainty,180,180,47,13,213.50752321621633,24.36271786204452,90.59527938674283,0.8461538461538461,checkoutservice,0,0.0
re1_ob__currencyservice_delay__2,re1_ob,delay,currencyservice,stationary_ar,180,180,47,13,237.88137023408206,93.02781379120223,190.22628753724177,0.7692307692307693,checkoutservice,0,0.0
re1_ob__currencyservice_delay__2,re1_ob,delay,currencyservice,stationary_counterfactual_ar,180,180,47,13,303.8658465871072,71.49558844559544,182.13436003367875,0.8461538461538461,adservice,0,0.0
re1_ob__currencyservice_delay__2,re1_ob,delay,currencyservice,stationary_counterfactual_ar_uncertainty,180,180,47,13,207.87045023769255,70.43105339546355,178.67721992261838,0.8461538461538461,adservice,0,0.0
re1_ob__currencyservice_delay__3,re1_ob,delay,currencyservice,stationary_ar,180,180,48,13,225.79199722075694,0.08193343298586342,175.52733173320158,0.5384615384615384,cartservice,0,0.0
re1_ob__currencyservice_delay__3,re1_ob,delay,currencyservice,stationary_counterfactual_ar,180,180,48,13,192.8061696868538,41.13236296037642,153.51621221114485,0.8461538461538461,cartservice,0,0.0
re1_ob__currencyservice_delay__3,re1_ob,delay,currencyservice,stationary_counterfactual_ar_uncertainty,180,180,48,13,202.35081132704644,9.503505687315831,152.8660298114463,0.6153846153846154,cartservice,0,0.0
re1_ob__currencyservice_delay__4,re1_ob,delay,currencyservice,stationary_ar,180,180,48,13,225.21982350536186,1.1216680495226494,189.7793449823268,0.5384615384615384,currencyservice,0,0.0
re1_ob__currencyservice_delay__4,re1_ob,delay,currencyservice,stationary_counterfactual_ar,180,180,48,13,237.30482236689696,32.00568370027574,139.91038336960736,0.8461538461538461,currencyservice,0,0.0
re1_ob__currencyservice_delay__4,re1_ob,delay,currencyservice,stationary_counterfactual_ar_uncertainty,180,180,48,13,223.12709421650644,-0.22729204764722985,151.6900576735005,0.46153846153846156,currencyservice,0,0.0
re1_ob__currencyservice_delay__5,re1_ob,delay,currencyservice,stationary_ar,180,180,47,13,1188.3260460770075,91.06541358604848,243.1600873610101,0.9230769230769231,frontend-external,0,0.0
re1_ob__currencyservice_delay__5,re1_ob,delay,currencyservice,stationary_counterfactual_ar,180,180,47,13,1188.0399499251537,145.71130820397613,339.60785295232404,0.9230769230769231,frontend-external,0,0.0
re1_ob__currencyservice_delay__5,re1_ob,delay,currencyservice,stationary_counterfactual_ar_uncertainty,180,180,47,13,1188.3463185433945,79.38840923945747,234.26494531748207,0.9230769230769231,frontend-external,0,0.0
re1_ob__currencyservice_disk__1,re1_ob,disk,currencyservice,stationary_ar,180,180,46,13,118.31995814694555,37.87261785172495,83.18198602506617,0.8461538461538461,currencyservice,0,0.0
re1_ob__currencyservice_disk__1,re1_ob,disk,currencyservice,stationary_counterfactual_ar,180,180,46,13,225.79439423349353,98.30958677472483,172.66188342617988,1.0,currencyservice,0,0.0
re1_ob__currencyservice_disk__1,re1_ob,disk,currencyservice,stationary_counterfactual_ar_uncertainty,180,180,46,13,168.65251363954,73.00424565162056,105.89299781050903,1.0,currencyservice,0,0.0
re1_ob__currencyservice_disk__2,re1_ob,disk,currencyservice,stationary_ar,180,180,48,13,237.60763723113487,61.09006510219293,154.61330269408958,0.8461538461538461,cartservice,0,0.0
re1_ob__currencyservice_disk__2,re1_ob,disk,currencyservice,stationary_counterfactual_ar,180,180,48,13,281.1859218076004,126.86991923428229,274.1359813348424,0.8461538461538461,cartservice,0,0.0
re1_ob__currencyservice_disk__2,re1_ob,disk,currencyservice,stationary_counterfactual_ar_uncertainty,180,180,48,13,223.42877093607194,61.05681260685028,184.55871898875444,0.8461538461538461,cartservice,0,0.0
re1_ob__currencyservice_disk__3,re1_ob,disk,currencyservice,stationary_ar,180,180,48,13,24.53739201311936,-0.9668252930359434,2.3178572753695725,0.38461538461538464,paymentservice,0,0.0
re1_ob__currencyservice_disk__3,re1_ob,disk,currencyservice,stationary_counterfactual_ar,180,180,48,13,127.23612629627898,35.09670113717404,98.25511242553466,0.9230769230769231,adservice,0,0.0
re1_ob__currencyservice_disk__3,re1_ob,disk,currencyservice,stationary_counterfactual_ar_uncertainty,180,180,48,13,57.48520241313397,9.797437642205296,43.49239808818235,0.7692307692307693,adservice,0,0.0
re1_ob__currencyservice_disk__4,re1_ob,disk,currencyservice,stationary_ar,180,180,46,13,129.01707727903863,23.333826322608655,54.35441885888238,0.6923076923076923,currencyservice,0,0.0
re1_ob__currencyservice_disk__4,re1_ob,disk,currencyservice,stationary_counterfactual_ar,180,180,46,13,262.45236862562484,93.75592512411856,204.38292388485007,0.9230769230769231,cartservice,0,0.0
re1_ob__currencyservice_disk__4,re1_ob,disk,currencyservice,stationary_counterfactual_ar_uncertainty,180,180,46,13,137.24515791020121,52.9624569407099,101.95625238279864,0.8461538461538461,currencyservice,0,0.0
re1_ob__currencyservice_disk__5,re1_ob,disk,currencyservice,stationary_ar,180,180,46,13,187.53867479173238,12.039238520303874,115.96114973571679,0.8461538461538461,redis,0,0.0
re1_ob__currencyservice_disk__5,re1_ob,disk,currencyservice,stationary_counterfactual_ar,180,180,46,13,144.3553898099947,62.433427231546744,102.79022589543128,0.9230769230769231,cartservice,0,0.0
re1_ob__currencyservice_disk__5,re1_ob,disk,currencyservice,stationary_counterfactual_ar_uncertainty,180,180,46,13,158.85063288844407,30.17674409592547,96.70255103108656,0.9230769230769231,redis,0,0.0
re1_ob__currencyservice_loss__1,re1_ob,loss,currencyservice,stationary_ar,180,180,49,13,234.1683925875641,44.172818367989294,193.07643463261982,0.8461538461538461,recommendationservice,0,0.0
re1_ob__currencyservice_loss__1,re1_ob,loss,currencyservice,stationary_counterfactual_ar,180,180,49,13,225.3578412113453,107.55663858140569,212.433703838962,0.9230769230769231,cartservice,0,0.0
re1_ob__currencyservice_loss__1,re1_ob,loss,currencyservice,stationary_counterfactual_ar_uncertainty,180,180,49,13,193.3112820609936,49.48222690005281,146.62480577358167,0.9230769230769231,recommendationservice,0,0.0
re1_ob__currencyservice_loss__2,re1_ob,loss,currencyservice,stationary_ar,180,180,49,13,1188.118911418094,43.215342395718665,176.31470097823743,0.9230769230769231,frontend-external,0,0.0
re1_ob__currencyservice_loss__2,re1_ob,loss,currencyservice,stationary_counterfactual_ar,180,180,49,13,1188.0621195637539,74.67769356691771,431.4815521046564,1.0,frontend-external,0,0.0
re1_ob__currencyservice_loss__2,re1_ob,loss,currencyservice,stationary_counterfactual_ar_uncertainty,180,180,49,13,1188.2193498963059,42.15674815002524,356.4818867772682,0.9230769230769231,frontend-external,0,0.0
re1_ob__currencyservice_loss__3,re1_ob,loss,currencyservice,stationary_ar,180,180,49,13,260.2766488148526,6.520210734347415,54.32780335505486,0.6923076923076923,recommendationservice,0,0.0
re1_ob__currencyservice_loss__3,re1_ob,loss,currencyservice,stationary_counterfactual_ar,180,180,49,13,299.5856144835591,78.91617082211422,217.18399906840702,0.9230769230769231,recommendationservice,0,0.0
re1_ob__currencyservice_loss__3,re1_ob,loss,currencyservice,stationary_counterfactual_ar_uncertainty,180,180,49,13,303.89858636812977,27.866033702908755,119.04130030291336,0.7692307692307693,recommendationservice,0,0.0
re1_ob__currencyservice_loss__4,re1_ob,loss,currencyservice,stationary_ar,180,180,49,13,61.944258548013146,-1.62405740301629,43.96729532563438,0.3076923076923077,emailservice,0,0.0
re1_ob__currencyservice_loss__4,re1_ob,loss,currencyservice,stationary_counterfactual_ar,180,180,49,13,190.1953020028002,55.482401287089885,171.1404130831002,0.8461538461538461,recommendationservice,0,0.0
re1_ob__currencyservice_loss__4,re1_ob,loss,currencyservice,stationary_counterfactual_ar_uncertainty,180,180,49,13,94.10775911325436,9.120199784852426,58.68838821803858,0.6153846153846154,recommendationservice,0,0.0
re1_ob__currencyservice_loss__5,re1_ob,loss,currencyservice,stationary_ar,180,180,49,13,107.86696629933526,8.3702112580672,60.6162468469892,0.6153846153846154,emailservice,0,0.0
re1_ob__currencyservice_loss__5,re1_ob,loss,currencyservice,stationary_counterfactual_ar,180,180,49,13,123.43604692072945,61.01407236273703,92.77635428909244,0.9230769230769231,checkoutservice,0,0.0
re1_ob__currencyservice_loss__5,re1_ob,loss,currencyservice,stationary_counterfactual_ar_uncertainty,180,180,49,13,107.30700057813145,16.213130407128233,72.85899833110373,0.8461538461538461,emailservice,0,0.0
re1_ob__currencyservice_mem__1,re1_ob,mem,currencyservice,stationary_ar,300,300,50,15,161.44421137770635,10.306832655093785,99.79234107678315,0.7333333333333333,shippingservice,0,0.0
re1_ob__currencyservice_mem__1,re1_ob,mem,currencyservice,stationary_counterfactual_ar,300,300,50,15,536.2804649073092,58.006038378055486,282.34888626368974,0.8,main,0,0.0
re1_ob__currencyservice_mem__1,re1_ob,mem,currencyservice,stationary_counterfactual_ar_uncertainty,300,300,50,15,292.8179669430191,31.318975435315128,140.5127082507127,0.8,main,0,0.0
re1_ob__currencyservice_mem__2,re1_ob,mem,currencyservice,stationary_ar,300,300,50,15,617.4541316110179,96.93653564147735,431.70780028510444,0.7333333333333333,frontend-external,0,0.0
re1_ob__currencyservice_mem__2,re1_ob,mem,currencyservice,stationary_counterfactual_ar,300,300,50,15,616.4444776712079,152.7551934875045,366.5405119143112,0.8666666666666667,frontend-external,0,0.0
re1_ob__currencyservice_mem__2,re1_ob,mem,currencyservice,stationary_counterfactual_ar_uncertainty,300,300,50,15,618.0705769967931,106.42485436517207,358.22608306536387,0.8,frontend-external,0,0.0
re1_ob__currencyservice_mem__3,re1_ob,mem,currencyservice,stationary_ar,300,300,50,15,422.11110146416746,9.755392395745085,158.60724828068217,0.6666666666666666,frontend,0,0.0
re1_ob__currencyservice_mem__3,re1_ob,mem,currencyservice,stationary_counterfactual_ar,300,300,50,15,586.7495845442364,75.93911598926566,426.1228013889067,0.8,frontend,0,0.0
re1_ob__currencyservice_mem__3,re1_ob,mem,currencyservice,stationary_counterfactual_ar_uncertainty,300,300,50,15,458.11195720139085,18.389991815218423,255.28684781881884,0.7333333333333333,frontend,0,0.0
re1_ob__currencyservice_mem__4,re1_ob,mem,currencyservice,stationary_ar,300,300,50,15,387.19880035543974,-6.458096256787864,110.02737879257678,0.4,emailservice,0,0.0
re1_ob__currencyservice_mem__4,re1_ob,mem,currencyservice,stationary_counterfactual_ar,300,300,50,15,430.62154659154317,244.67989550527307,321.65316563955275,0.8,main,0,0.0
re1_ob__currencyservice_mem__4,re1_ob,mem,currencyservice,stationary_counterfactual_ar_uncertainty,300,300,50,15,320.41418167250043,44.262156682293686,147.3920977583489,0.8,emailservice,0,0.0
re1_ob__currencyservice_mem__5,re1_ob,mem,currencyservice,stationary_ar,300,300,50,15,1999.3476285275929,-5.856711380748152,247.75606355820003,0.3333333333333333,frontend-external,0,0.0
re1_ob__currencyservice_mem__5,re1_ob,mem,currencyservice,stationary_counterfactual_ar,300,300,50,15,1998.98029889564,254.72203863227128,587.2114718687616,0.8666666666666667,frontend-external,0,0.0
re1_ob__currencyservice_mem__5,re1_ob,mem,currencyservice,stationary_counterfactual_ar_uncertainty,300,300,50,15,1999.1400789317165,27.49909633231232,319.0608183482954,0.8,frontend-external,0,0.0
re1_ob__productcatalogservice_cpu__1,re1_ob,cpu,productcatalogservice,stationary_ar,300,300,50,15,1343.4703057379281,4.644298756997974,217.9660632274139,0.6,frontend,0,0.0
re1_ob__productcatalogservice_cpu__1,re1_ob,cpu,productcatalogservice,stationary_counterfactual_ar,300,300,50,15,1485.5557833694086,69.65950058319123,202.97506870772105,0.8,frontend,0,0.0
re1_ob__productcatalogservice_cpu__1,re1_ob,cpu,productcatalogservice,stationary_counterfactual_ar_uncertainty,300,300,50,15,1339.793507803378,13.936729301068112,174.62229084017787,0.6666666666666666,frontend,0,0.0
re1_ob__productcatalogservice_cpu__2,re1_ob,cpu,productcatalogservice,stationary_ar,300,300,50,15,613.5204096414052,24.036579766133702,299.1985111036694,0.6666666666666666,frontend-external,0,0.0
re1_ob__productcatalogservice_cpu__2,re1_ob,cpu,productcatalogservice,stationary_counterfactual_ar,300,300,50,15,613.4408256821889,124.2060351613048,478.6688335017807,0.8666666666666667,frontend-external,0,0.0
re1_ob__productcatalogservice_cpu__2,re1_ob,cpu,productcatalogservice,stationary_counterfactual_ar_uncertainty,300,300,50,15,613.5444703476496,31.903700061622413,334.31341645966876,0.7333333333333333,frontend-external,0,0.0
re1_ob__productcatalogservice_cpu__3,re1_ob,cpu,productcatalogservice,stationary_ar,300,300,59,20,172.2297047795971,-12.494896251982397,84.09918781740718,0.4,cartservice,0,0.0
re1_ob__productcatalogservice_cpu__3,re1_ob,cpu,productcatalogservice,stationary_counterfactual_ar,300,300,59,20,383.3542672649339,51.532175798201614,285.10605069403914,0.55,cartservice,0,0.0
re1_ob__productcatalogservice_cpu__3,re1_ob,cpu,productcatalogservice,stationary_counterfactual_ar_uncertainty,300,300,59,20,255.30151322198427,-0.9341807818940803,143.13063635527791,0.45,cartservice,0,0.0
re1_ob__productcatalogservice_cpu__4,re1_ob,cpu,productcatalogservice,stationary_ar,300,300,50,15,301.81417598603775,10.445897956386375,164.29617516436875,0.5333333333333333,paymentservice,0,0.0
re1_ob__productcatalogservice_cpu__4,re1_ob,cpu,productcatalogservice,stationary_counterfactual_ar,300,300,50,15,907.2626671170024,281.94459352785066,410.0331066676394,0.7333333333333333,main,0,0.0
re1_ob__productcatalogservice_cpu__4,re1_ob,cpu,productcatalogservice,stationary_counterfactual_ar_uncertainty,300,300,50,15,547.4436098568021,45.83992642086969,227.58223951605018,0.7333333333333333,main,0,0.0
re1_ob__productcatalogservice_cpu__5,re1_ob,cpu,productcatalogservice,stationary_ar,300,300,50,15,613.6479187859863,7.052107446746959,192.8207607831479,0.5333333333333333,frontend-external,0,0.0
re1_ob__productcatalogservice_cpu__5,re1_ob,cpu,productcatalogservice,stationary_counterfactual_ar,300,300,50,15,613.7726550406567,263.5210951523709,398.9484434553043,0.8666666666666667,frontend-external,0,0.0
re1_ob__productcatalogservice_cpu__5,re1_ob,cpu,productcatalogservice,stationary_counterfactual_ar_uncertainty,300,300,50,15,613.754418417391,63.47363247470366,196.61139815018598,0.8666666666666667,frontend-external,0,0.0
re1_ob__productcatalogservice_delay__1,re1_ob,delay,productcatalogservice,stationary_ar,180,180,47,13,169.08759780887078,1.9466497419981483,108.15330375159785,0.5384615384615384,checkoutservice,0,0.0
re1_ob__productcatalogservice_delay__1,re1_ob,delay,productcatalogservice,stationary_counterfactual_ar,180,180,47,13,148.4570910599413,63.847488254567004,119.98794213992463,0.9230769230769231,checkoutservice,0,0.0
re1_ob__productcatalogservice_delay__1,re1_ob,delay,productcatalogservice,stationary_counterfactual_ar_uncertainty,180,180,47,13,131.6445571295844,14.267142194397252,88.92991683642073,0.6923076923076923,checkoutservice,0,0.0
re1_ob__productcatalogservice_delay__2,re1_ob,delay,productcatalogservice,stationary_ar,180,180,48,13,343.6925384811831,18.50693195647388,191.89859312855603,0.7692307692307693,frontend-external,0,0.0
re1_ob__productcatalogservice_delay__2,re1_ob,delay,productcatalogservice,stationary_counterfactual_ar,180,180,48,13,343.58913677449743,56.13829539023103,235.36592590329224,1.0,frontend-external,0,0.0
re1_ob__productcatalogservice_delay__2,re1_ob,delay,productcatalogservice,stationary_counterfactual_ar_uncertainty,180,180,48,13,343.66897033234284,16.938472306895154,174.19385141918346,0.6923076923076923,frontend-external,0,0.0
re1_ob__productcatalogservice_delay__3,re1_ob,delay,productcatalogservice,stationary_ar,180,180,48,13,346.1043381222243,13.412606213406727,181.50846741836747,0.8461538461538461,frontend-external,0,0.0
re1_ob__productcatalogservice_delay__3,re1_ob,delay,productcatalogservice,stationary_counterfactual_ar,180,180,48,13,345.9322462881264,61.03572428424062,181.93666316066785,0.9230769230769231,frontend-external,0,0.0
re1_ob__productcatalogservice_delay__3,re1_ob,delay,productcatalogservice,stationary_counterfactual_ar_uncertainty,180,180,48,13,347.18180354050594,28.633410110006498,165.3127552595324,0.8461538461538461,frontend-external,0,0.0
re1_ob__productcatalogservice_delay__4,re1_ob,delay,productcatalogservice,stationary_ar,180,180,46,13,231.1606712529973,22.201501249297205,55.116858799698186,0.6923076923076923,redis,0,0.0
re1_ob__productcatalogservice_delay__4,re1_ob,delay,productcatalogservice,stationary_counterfactual_ar,180,180,46,13,320.02188463785075,92.39695649247746,204.1363476835426,0.9230769230769231,redis,0,0.0
re1_ob__productcatalogservice_delay__4,re1_ob,delay,productcatalogservice,stationary_counterfactual_ar_uncertainty,180,180,46,13,194.55320836522827,55.441396030379906,101.30587624962723,0.8461538461538461,redis,0,0.0
re1_ob__productcatalogservice_delay__5,re1_ob,delay,productcatalogservice,stationary_ar,180,180,48,13,186.4031550513894,3.649090329279024,49.79952930109985,0.6923076923076923,redis,0,0.0
re1_ob__productcatalogservice_delay__5,re1_ob,delay,productcatalogservice,stationary_counterfactual_ar,180,180,48,13,166.11522376609386,72.3090228157376,105.42692830857315,0.8461538461538461,paymentservice,0,0.0
re1_ob__productcatalogservice_delay__5,re1_ob,delay,productcatalogservice,stationary_counterfactual_ar_uncertainty,180,180,48,13,123.44365380776105,28.017550122491045,85.71912527971044,0.7692307692307693,redis,0,0.0
re1_ob__productcatalogservice_disk__1,re1_ob,disk,productcatalogservice,stationary_ar,180,180,47,13,127.75042899864853,23.67379136945716,123.86435391809204,0.8461538461538461,emailservice,0,0.0
re1_ob__productcatalogservice_disk__1,re1_ob,disk,productcatalogservice,stationary_counterfactual_ar,180,180,47,13,281.1742348942082,89.31954767181655,162.27710929960352,0.9230769230769231,main,0,0.0
re1_ob__productcatalogservice_disk__1,re1_ob,disk,productcatalogservice,stationary_counterfactual_ar_uncertainty,180,180,47,13,197.89515296443307,52.14365584837811,132.76145422769733,0.8461538461538461,main,0,0.0
re1_ob__productcatalogservice_disk__2,re1_ob,disk,productcatalogservice,stationary_ar,180,180,47,13,208.516201591414,29.115109079704457,125.63533002914792,0.7692307692307693,redis,0,0.0
re1_ob__productcatalogservice_disk__2,re1_ob,disk,productcatalogservice,stationary_counterfactual_ar,180,180,47,13,319.0478043329859,140.12758010577397,292.7974137733859,1.0,redis,0,0.0
re1_ob__productcatalogservice_disk__2,re1_ob,disk,productcatalogservice,stationary_counterfactual_ar_uncertainty,180,180,47,13,212.16240939193588,96.19198885015358,199.28570373818485,0.9230769230769231,redis,0,0.0
re1_ob__productcatalogservice_disk__3,re1_ob,disk,productcatalogservice,stationary_ar,180,180,47,13,290.17772170620265,18.852196060394036,200.00063879622567,0.7692307692307693,cartservice,0,0.0
re1_ob__productcatalogservice_disk__3,re1_ob,disk,productcatalogservice,stationary_counterfactual_ar,180,180,47,13,382.44034989581314,141.11006915224115,270.7653428639147,0.9230769230769231,cartservice,0,0.0
re1_ob__productcatalogservice_disk__3,re1_ob,disk,productcatalogservice,stationary_counterfactual_ar_uncertainty,180,180,47,13,299.0912355150039,47.1443376808831,179.80977966761336,0.8461538461538461,cartservice,0,0.0
re1_ob__productcatalogservice_disk__4,re1_ob,disk,productcatalogservice,stationary_ar,180,180,48,13,226.33753212058232,12.986399928143365,151.9896068484137,0.6923076923076923,frontend,0,0.0
re1_ob__productcatalogservice_disk__4,re1_ob,disk,productcatalogservice,stationary_counterfactual_ar,180,180,48,13,319.4310503553497,72.57292806437844,247.6754447320882,0.9230769230769231,frontend,0,0.0
re1_ob__productcatalogservice_disk__4,re1_ob,disk,productcatalogservice,stationary_counterfactual_ar_uncertainty,180,180,48,13,239.24884971145343,33.339429999925024,167.18125065353576,0.9230769230769231,frontend,0,0.0
re1_ob__productcatalogservice_disk__5,re1_ob,disk,productcatalogservice,stationary_ar,180,180,48,13,108.67574293523215,28.884609526515323,90.45019943775782,0.6923076923076923,paymentservice,0,0.0
re1_ob__productcatalogservice_disk__5,re1_ob,disk,productcatalogservice,stationary_counterfactual_ar,180,180,48,13,234.1315555435721,59.58137714348944,122.16709268032085,0.9230769230769231,paymentservice,0,0.0
re1_ob__productcatalogservice_disk__5,re1_ob,disk,productcatalogservice,stationary_counterfactual_ar_uncertainty,180,180,48,13,159.164231268225,31.797739566501473,66.3482636825017,0.7692307692307693,paymentservice,0,0.0
re1_ob__productcatalogservice_loss__1,re1_ob,loss,productcatalogservice,stationary_ar,180,180,49,13,125.81467299504396,6.194886977737705,63.62073516775703,0.6153846153846154,cartservice,0,0.0
re1_ob__productcatalogservice_loss__1,re1_ob,loss,productcatalogservice,stationary_counterfactual_ar,180,180,49,13,225.01026675870614,27.399724317524562,116.73142565519841,0.7692307692307693,cartservice,0,0.0
re1_ob__productcatalogservice_loss__1,re1_ob,loss,productcatalogservice,stationary_counterfactual_ar_uncertainty,180,180,49,13,151.4805718512147,9.681921193599782,48.59816598557258,0.6923076923076923,cartservice,0,0.0
re1_ob__productcatalogservice_loss__2,re1_ob,loss,productcatalogservice,stationary_ar,180,180,49,13,144.42749739184745,9.332047745870929,68.25942305812931,0.7692307692307693,cartservice,0,0.0
re1_ob__productcatalogservice_loss__2,re1_ob,loss,productcatalogservice,stationary_counterfactual_ar,180,180,49,13,327.35444828628863,46.991309133856475,115.02112079931506,0.8461538461538461,cartservice,0,0.0
re1_ob__productcatalogservice_loss__2,re1_ob,loss,productcatalogservice,stationary_counterfactual_ar_uncertainty,180,180,49,13,254.17199597808562,20.363848796961708,87.002118756302,0.7692307692307693,cartservice,0,0.0
re1_ob__productcatalogservice_loss__3,re1_ob,loss,productcatalogservice,stationary_ar,180,180,49,13,73.13283721179263,7.033992179692774,62.90444885485994,0.6153846153846154,recommendationservice,0,0.0
re1_ob__productcatalogservice_loss__3,re1_ob,loss,productcatalogservice,stationary_counterfactual_ar,180,180,49,13,162.46447238508122,54.90353667759484,143.61784059049145,0.8461538461538461,recommendationservice,0,0.0
re1_ob__productcatalogservice_loss__3,re1_ob,loss,productcatalogservice,stationary_counterfactual_ar_uncertainty,180,180,49,13,87.98672861477598,15.882062478703554,68.18290192592349,0.8461538461538461,recommendationservice,0,0.0
re1_ob__productcatalogservice_loss__4,re1_ob,loss,productcatalogservice,stationary_ar,180,180,49,13,25.41775957621447,3.8028029329235267,16.563928254384603,0.6923076923076923,checkoutservice,0,0.0
re1_ob__productcatalogservice_loss__4,re1_ob,loss,productcatalogservice,stationary_counterfactual_ar,180,180,49,13,155.62638368007686,32.53563004321288,146.10907043914554,0.9230769230769231,frontend,0,0.0
re1_ob__productcatalogservice_loss__4,re1_ob,loss,productcatalogservice,stationary_counterfactual_ar_uncertainty,180,180,49,13,48.257680002912956,7.483176969966432,39.8925854786216,0.8461538461538461,frontend,0,0.0
re1_ob__productcatalogservice_loss__5,re1_ob,loss,productcatalogservice,stationary_ar,180,180,49,13,140.83969996599487,5.0835213610425285,92.8188378281972,0.7692307692307693,cartservice,0,0.0
re1_ob__productcatalogservice_loss__5,re1_ob,loss,productcatalogservice,stationary_counterfactual_ar,180,180,49,13,327.8937853826447,85.43240078538999,156.06663808270375,0.9230769230769231,cartservice,0,0.0
re1_ob__productcatalogservice_loss__5,re1_ob,loss,productcatalogservice,stationary_counterfactual_ar_uncertainty,180,180,49,13,196.0521817106317,25.261836041745124,88.52357951738952,0.8461538461538461,cartservice,0,0.0
re1_ob__productcatalogservice_mem__1,re1_ob,mem,productcatalogservice,stationary_ar,300,300,50,15,476.1276184038888,3.565325976695059,232.19533891450945,0.6,cartservice,0,0.0
re1_ob__productcatalogservice_mem__1,re1_ob,mem,productcatalogservice,stationary_counterfactual_ar,300,300,50,15,624.4738014085023,72.06502698842819,330.4005193177604,0.8,cartservice,0,0.0
re1_ob__productcatalogservice_mem__1,re1_ob,mem,productcatalogservice,stationary_counterfactual_ar_uncertainty,300,300,50,15,457.2850316813847,15.076040829819817,244.83888153580898,0.7333333333333333,cartservice,0,0.0
re1_ob__productcatalogservice_mem__2,re1_ob,mem,productcatalogservice,stationary_ar,300,300,50,15,2077.8924192303093,44.534036737531096,235.89542239322773,0.8,frontend-external,0,0.0
re1_ob__productcatalogservice_mem__2,re1_ob,mem,productcatalogservice,stationary_counterfactual_ar,300,300,50,15,2078.0495674019567,316.6668700102071,503.15732053773263,0.8666666666666667,frontend-external,0,0.0
re1_ob__productcatalogservice_mem__2,re1_ob,mem,productcatalogservice,stationary_counterfactual_ar_uncertainty,300,300,50,15,2078.1624063259496,199.93262826445343,345.46309603116936,0.8666666666666667,frontend-external,0,0.0
re1_ob__productcatalogservice_mem__3,re1_ob,mem,productcatalogservice,stationary_ar,300,300,50,15,453.9269790424091,-3.4568582121962663,174.04540728329837,0.4666666666666667,cartservice,0,0.0
re1_ob__productcatalogservice_mem__3,re1_ob,mem,productcatalogservice,stationary_counterfactual_ar,300,300,50,15,716.8931777129854,145.24549500055141,367.56594719879047,0.7333333333333333,main,0,0.0
re1_ob__productcatalogservice_mem__3,re1_ob,mem,productcatalogservice,stationary_counterfactual_ar_uncertainty,300,300,50,15,518.5902988619382,12.997852725802849,363.2391673060672,0.6,main,0,0.0
re1_ob__productcatalogservice_mem__4,re1_ob,mem,productcatalogservice,stationary_ar,300,300,50,15,288.15993908471887,-0.7684470904557656,138.47567524888865,0.4666666666666667,emailservice,0,0.0
re1_ob__productcatalogservice_mem__4,re1_ob,mem,productcatalogservice,stationary_counterfactual_ar,300,300,50,15,393.0486138442443,152.34177839628114,294.07349318800175,0.8,main,0,0.0
re1_ob__productcatalogservice_mem__4,re1_ob,mem,productcatalogservice,stationary_counterfactual_ar_uncertainty,300,300,50,15,289.5005503878845,23.092872435690538,179.85706660237696,0.8,emailservice,0,0.0
re1_ob__productcatalogservice_mem__5,re1_ob,mem,productcatalogservice,stationary_ar,300,300,50,15,220.18803445394192,15.726787206801836,122.59724680466155,0.8,emailservice,0,0.0
re1_ob__productcatalogservice_mem__5,re1_ob,mem,productcatalogservice,stationary_counterfactual_ar,300,300,50,15,653.738448682919,406.2098550639237,628.5103682865528,0.8,emailservice,0,0.0
re1_ob__productcatalogservice_mem__5,re1_ob,mem,productcatalogservice,stationary_counterfactual_ar_uncertainty,300,300,50,15,313.45168594535886,122.45758931709433,287.1935371585377,0.8,emailservice,0,0.0
re1_ss__carts_cpu__1,re1_ss,cpu,carts,stationary_ar,180,180,437,23,3261.9234140545964,90.23632343448075,1878.712208567018,0.7391304347826086,session-db,0,0.0
re1_ss__carts_cpu__1,re1_ss,cpu,carts,stationary_counterfactual_ar,180,180,437,23,3261.9234140545964,315.0457448385492,1972.9406009686181,0.8695652173913043,session-db,0,0.0
re1_ss__carts_cpu__1,re1_ss,cpu,carts,stationary_counterfactual_ar_uncertainty,180,180,437,23,3261.9234140545964,206.5000754592905,1903.3609790738801,0.782608695652174,session-db,0,0.0
re1_ss__carts_cpu__2,re1_ss,cpu,carts,stationary_ar,180,180,437,23,3247.0066934978477,88.04947165191048,430.59494702833047,0.6956521739130435,session-db,0,0.0
re1_ss__carts_cpu__2,re1_ss,cpu,carts,stationary_counterfactual_ar,180,180,437,23,3247.0066934978477,276.0339129930947,578.5342214917797,0.9130434782608695,session-db,0,0.0
re1_ss__carts_cpu__2,re1_ss,cpu,carts,stationary_counterfactual_ar_uncertainty,180,180,437,23,3247.0066934978477,179.83210246145794,347.8044736657123,0.8695652173913043,session-db,0,0.0
re1_ss__carts_cpu__3,re1_ss,cpu,carts,stationary_ar,180,180,437,23,1857.6318256082334,21.181226960920338,631.2208123957724,0.6956521739130435,192-168-33-0-9100,0,0.0
re1_ss__carts_cpu__3,re1_ss,cpu,carts,stationary_counterfactual_ar,180,180,437,23,2049.930092890662,214.7509395205352,726.2734230326482,0.8695652173913043,192-168-33-0-9100,0,0.0
re1_ss__carts_cpu__3,re1_ss,cpu,carts,stationary_counterfactual_ar_uncertainty,180,180,437,23,1914.432493571331,181.08362938584847,501.83601336714906,0.8695652173913043,192-168-33-0-9100,0,0.0
re1_ss__carts_cpu__4,re1_ss,cpu,carts,stationary_ar,180,180,437,23,3246.306801082035,25.098711597514807,437.4695896292852,0.6521739130434783,session-db,0,0.0
re1_ss__carts_cpu__4,re1_ss,cpu,carts,stationary_counterfactual_ar,180,180,437,23,3246.306801082035,287.6329724247172,585.6731375984913,0.9130434782608695,session-db,0,0.0
re1_ss__carts_cpu__4,re1_ss,cpu,carts,stationary_counterfactual_ar_uncertainty,180,180,437,23,3246.306801082035,146.59504594163673,491.11730520260215,0.8695652173913043,session-db,0,0.0
re1_ss__carts_cpu__5,re1_ss,cpu,carts,stationary_ar,180,180,437,23,695.1971325121635,22.487849813983786,325.4436732547596,0.6086956521739131,session-db,0,0.0
re1_ss__carts_cpu__5,re1_ss,cpu,carts,stationary_counterfactual_ar,180,180,437,23,668.1322258439415,184.18230524591195,567.5425422862251,0.9130434782608695,catalogue,0,0.0
re1_ss__carts_cpu__5,re1_ss,cpu,carts,stationary_counterfactual_ar_uncertainty,180,180,437,23,389.91517399489277,98.17051050541436,310.7455189986703,0.8260869565217391,catalogue,0,0.0
re1_ss__carts_delay__1,re1_ss,delay,carts,stationary_ar,180,180,437,23,2163.6103615513134,93.6382524908443,1722.6212024177908,0.7391304347826086,192-168-76-116-9100,0,0.0
re1_ss__carts_delay__1,re1_ss,delay,carts,stationary_counterfactual_ar,180,180,437,23,2229.7535671018127,226.55317200633644,1792.8729314771056,0.8260869565217391,192-168-76-116-9100,0,0.0
re1_ss__carts_delay__1,re1_ss,delay,carts,stationary_counterfactual_ar_uncertainty,180,180,437,23,2186.3018922356946,180.10289478125136,1705.0455261336638,0.782608695652174,192-168-76-116-9100,0,0.0
re1_ss__carts_delay__2,re1_ss,delay,carts,stationary_ar,180,180,437,23,3257.334764755086,35.94206384880829,245.35189726021758,0.7391304347826086,session-db,0,0.0
re1_ss__carts_delay__2,re1_ss,delay,carts,stationary_counterfactual_ar,180,180,437,23,3257.334764755086,342.4348178297452,561.5389792369947,0.8260869565217391,session-db,0,0.0
re1_ss__carts_delay__2,re1_ss,delay,carts,stationary_counterfactual_ar_uncertainty,180,180,437,23,3257.334764755086,174.89910075200933,293.82459184832857,0.8695652173913043,session-db,0,0.0
re1_ss__carts_delay__3,re1_ss,delay,carts,stationary_ar,180,180,437,23,1119.6006176064136,29.66445610734371,680.8185893255716,0.6086956521739131,payment,0,0.0
re1_ss__carts_delay__3,re1_ss,delay,carts,stationary_counterfactual_ar,180,180,437,23,1132.8633293993935,265.2481657161423,600.5861017016656,0.8695652173913043,payment,0,0.0
re1_ss__carts_delay__3,re1_ss,delay,carts,stationary_counterfactual_ar_uncertainty,180,180,437,23,1084.3569539867476,178.09669940452446,527.9233837118114,0.8695652173913043,payment,0,0.0
re1_ss__carts_delay__4,re1_ss,delay,carts,stationary_ar,180,180,436,23,3246.823660460725,24.707485568926547,489.875636254695,0.6521739130434783,session-db,0,0.0
re1_ss__carts_delay__4,re1_ss,delay,carts,stationary_counterfactual_ar,180,180,436,23,3246.823660460725,259.20970859744295,579.7544423957249,0.8695652173913043,session-db,0,0.0
re1_ss__carts_delay__4,re1_ss,delay,carts,stationary_counterfactual_ar_uncertainty,180,180,436,23,3246.823660460725,155.98909688307273,339.94974818993194,0.8260869565217391,session-db,0,0.0
re1_ss__carts_delay__5,re1_ss,delay,carts,stationary_ar,180,180,436,23,1408.57479703454,28.637812594049876,694.990361532488,0.6086956521739131,payment,0,0.0
re1_ss__carts_delay__5,re1_ss,delay,carts,stationary_counterfactual_ar,180,180,436,23,1679.6317587161611,226.67612377736782,583.8991747934169,0.9130434782608695,payment,0,0.0
re1_ss__carts_delay__5,re1_ss,delay,carts,stationary_counterfactual_ar_uncertainty,180,180,436,23,1534.624190225222,104.16081959106823,578.9868144760428,0.8260869565217391,payment,0,0.0
re1_ss__carts_disk__1,re1_ss,disk,carts,stationary_ar,180,180,425,21,728.1681199778791,85.17425124182137,465.53118770501516,0.7619047619047619,orders-db,0,0.0
re1_ss__carts_disk__1,re1_ss,disk,carts,stationary_counterfactual_ar,180,180,425,21,1026.9111654828196,217.57495882944076,534.7323348102442,0.8571428571428571,orders-db,0,0.0
re1_ss__carts_disk__1,re1_ss,disk,carts,stationary_counterfactual_ar_uncertainty,180,180,425,21,857.2577596092718,168.25938873759137,332.8326393504656,0.9047619047619048,orders-db,0,0.0
re1_ss__carts_disk__2,re1_ss,disk,carts,stationary_ar,180,180,429,21,3127.1426781984505,24.376081203850504,544.0295558001491,0.7619047619047619,session-db,0,0.0
re1_ss__carts_disk__2,re1_ss,disk,carts,stationary_counterfactual_ar,180,180,429,21,3127.1426781984505,196.51867469288655,700.936202008254,0.8571428571428571,session-db,0,0.0
re1_ss__carts_disk__2,re1_ss,disk,carts,stationary_counterfactual_ar_uncertainty,180,180,429,21,3127.1426781984505,129.59450924376122,554.788226792915,0.7619047619047619,session-db,0,0.0
re1_ss__carts_disk__3,re1_ss,disk,carts,stationary_ar,180,180,429,21,332.65829716626826,21.799867887381293,226.03920928560197,0.7619047619047619,queue-master,0,0.0
re1_ss__carts_disk__3,re1_ss,disk,carts,stationary_counterfactual_ar,180,180,429,21,606.9563650794859,229.3241405740157,550.7557227000899,0.9047619047619048,user-db,0,0.0
re1_ss__carts_disk__3,re1_ss,disk,carts,stationary_counterfactual_ar_uncertainty,180,180,429,21,441.02132588892397,86.33870651258513,316.06846620998016,0.9047619047619048,queue-master,0,0.0
re1_ss__carts_disk__4,re1_ss,disk,carts,stationary_ar,180,180,429,21,3521.6075714346903,26.20016723779273,284.1889530211641,0.7142857142857143,session-db,0,0.0
re1_ss__carts_disk__4,re1_ss,disk,carts,stationary_counterfactual_ar,180,180,429,21,3521.6075714346903,216.1378722009647,583.0042931568878,0.9047619047619048,session-db,0,0.0
re1_ss__carts_disk__4,re1_ss,disk,carts,stationary_counterfactual_ar_uncertainty,180,180,429,21,3521.6075714346903,126.74494980518811,325.30306858796166,0.8571428571428571,session-db,0,0.0
re1_ss__carts_disk__5,re1_ss,disk,carts,stationary_ar,180,180,429,21,933.480684792975,18.86078421422894,470.0300569633676,0.5714285714285714,queue-master,0,0.0
re1_ss__carts_disk__5,re1_ss,disk,carts,stationary_counterfactual_ar,180,180,429,21,1115.0779493722093,180.17481094858317,543.7928391995641,0.8571428571428571,queue-master,0,0.0
re1_ss__carts_disk__5,re1_ss,disk,carts,stationary_counterfactual_ar_uncertainty,180,180,429,21,1014.5527935104815,104.61423121430255,483.25100062154917,0.8095238095238095,queue-master,0,0.0
re1_ss__carts_loss__1,re1_ss,loss,carts,stationary_ar,180,180,437,23,1996.4090035290476,46.13778804940734,327.7438552416807,0.782608695652174,192-168-15-8-9100,0,0.0
re1_ss__carts_loss__1,re1_ss,loss,carts,stationary_counterfactual_ar,180,180,437,23,2156.9145525717136,237.05971529637122,538.8261486118877,0.8260869565217391,192-168-15-8-9100,0,0.0
re1_ss__carts_loss__1,re1_ss,loss,carts,stationary_counterfactual_ar_uncertainty,180,180,437,23,2059.149983521055,173.5168164074647,311.69862486302526,0.8260869565217391,192-168-15-8-9100,0,0.0
re1_ss__carts_loss__2,re1_ss,loss,carts,stationary_ar,180,180,437,23,3251.190466172961,115.40204617650947,441.9182120486665,0.7391304347826086,session-db,0,0.0
re1_ss__carts_loss__2,re1_ss,loss,carts,stationary_counterfactual_ar,180,180,437,23,3251.190466172961,315.5679320549547,594.421036640295,0.9565217391304348,session-db,0,0.0
re1_ss__carts_loss__2,re1_ss,loss,carts,stationary_counterfactual_ar_uncertainty,180,180,437,23,3251.190466172961,204.2765493459956,418.03966836110646,0.9130434782608695,session-db,0,0.0
re1_ss__carts_loss__3,re1_ss,loss,carts,stationary_ar,180,180,437,23,695.1066092989432,47.80289800660953,430.1505828284061,0.6956521739130435,session-db,0,0.0
re1_ss__carts_loss__3,re1_ss,loss,carts,stationary_counterfactual_ar,180,180,437,23,680.8823933670852,194.4689108221903,581.4605786982256,0.9565217391304348,queue-master,0,0.0
re1_ss__carts_loss__3,re1_ss,loss,carts,stationary_counterfactual_ar_uncertainty,180,180,437,23,568.7710468603397,176.4587847324348,363.3135440542267,0.8695652173913043,queue-master,0,0.0
re1_ss__carts_loss__4,re1_ss,loss,carts,stationary_ar,180,180,438,23,3247.076243480176,46.265738658136804,283.735131635432,0.6956521739130435,session-db,0,0.0
re1_ss__carts_loss__4,re1_ss,loss,carts,stationary_counterfactual_ar,180,180,438,23,3247.076243480176,287.70369033557876,646.5768984427708,0.8695652173913043,session-db,0,0.0
re1_ss__carts_loss__4,re1_ss,loss,carts,stationary_counterfactual_ar_uncertainty,180,180,438,23,3247.076243480176,151.60966150688012,394.11483349837386,0.8260869565217391,session-db,0,0.0
re1_ss__carts_loss__5,re1_ss,loss,carts,stationary_ar,180,180,438,23,1024.0670150143656,29.27048405317396,486.25874804490013,0.5652173913043478,catalogue,0,0.0
re1_ss__carts_loss__5,re1_ss,loss,carts,stationary_counterfactual_ar,180,180,438,23,1192.8861746391524,217.93432640407823,589.149538053476,0.8695652173913043,catalogue,0,0.0
re1_ss__carts_loss__5,re1_ss,loss,carts,stationary_counterfactual_ar_uncertainty,180,180,438,23,1104.5135866663643,116.91956880266673,446.8614659090664,0.8260869565217391,catalogue,0,0.0
re1_ss__carts_mem__1,re1_ss,mem,carts,stationary_ar,180,180,437,23,3262.8433827952917,28.076852290859648,404.2983973644804,0.7391304347826086,session-db,0,0.0
re1_ss__carts_mem__1,re1_ss,mem,carts,stationary_counterfactual_ar,180,180,437,23,3262.8433827952917,333.56466172577865,626.8960760806515,0.8695652173913043,session-db,0,0.0
re1_ss__carts_mem__1,re1_ss,mem,carts,stationary_counterfactual_ar_uncertainty,180,180,437,23,3262.8433827952917,153.93040413416333,369.22632850821253,0.8260869565217391,session-db,0,0.0
re1_ss__carts_mem__2,re1_ss,mem,carts,stationary_ar,180,180,436,23,3251.8249433509645,23.788451827141063,246.33787345397053,0.5652173913043478,session-db,0,0.0
re1_ss__carts_mem__2,re1_ss,mem,carts,stationary_counterfactual_ar,180,180,436,23,3251.8249433509645,391.98077933164444,629.035409366799,0.8695652173913043,session-db,0,0.0
re1_ss__carts_mem__2,re1_ss,mem,carts,stationary_counterfactual_ar_uncertainty,180,180,436,23,3251.8249433509645,225.7545853389855,392.94189082164047,0.782608695652174,session-db,0,0.0
re1_ss__carts_mem__3,re1_ss,mem,carts,stationary_ar,180,180,436,23,1036.9047983318917,25.8180625352133,673.8314947246877,0.6521739130434783,payment,0,0.0
re1_ss__carts_mem__3,re1_ss,mem,carts,stationary_counterfactual_ar,180,180,436,23,1311.393181980554,231.17426829133137,570.1715694576667,0.9130434782608695,payment,0,0.0
re1_ss__carts_mem__3,re1_ss,mem,carts,stationary_counterfactual_ar_uncertainty,180,180,436,23,1194.3190617569746,191.05962431033927,565.4495942705373,0.782608695652174,payment,0,0.0
re1_ss__carts_mem__4,re1_ss,mem,carts,stationary_ar,180,180,437,23,3253.8729875054055,53.79596928950033,596.0838557626073,0.782608695652174,session-db,0,0.0
re1_ss__carts_mem__4,re1_ss,mem,carts,stationary_counterfactual_ar,180,180,437,23,3253.8729875054055,455.22275909816403,879.5746979380889,0.9130434782608695,session-db,0,0.0
re1_ss__carts_mem__4,re1_ss,mem,carts,stationary_counterfactual_ar_uncertainty,180,180,437,23,3253.8729875054055,237.89559955248527,704.4426223302014,0.8260869565217391,session-db,0,0.0
re1_ss__carts_mem__5,re1_ss,mem,carts,stationary_ar,180,180,437,23,1857.1980902231096,69.76345063283986,866.0807834272963,0.7391304347826086,192-168-27-60-9100,0,0.0
re1_ss__carts_mem__5,re1_ss,mem,carts,stationary_counterfactual_ar,180,180,437,23,1957.4161079972794,343.30029946047347,1089.789923728513,0.8695652173913043,192-168-27-60-9100,0,0.0
re1_ss__carts_mem__5,re1_ss,mem,carts,stationary_counterfactual_ar_uncertainty,180,180,437,23,1892.511180147041,278.12639360879285,951.0570740418509,0.8260869565217391,192-168-27-60-9100,0,0.0
re1_ss__catalogue_cpu__1,re1_ss,cpu,catalogue,stationary_ar,180,180,436,23,3255.481144521799,79.27776736672605,409.25684498055676,0.8260869565217391,session-db,0,0.0
re1_ss__catalogue_cpu__1,re1_ss,cpu,catalogue,stationary_counterfactual_ar,180,180,436,23,3255.481144521799,283.48961346021275,539.5216820242713,0.8695652173913043,session-db,0,0.0
re1_ss__catalogue_cpu__1,re1_ss,cpu,catalogue,stationary_counterfactual_ar_uncertainty,180,180,436,23,3255.481144521799,240.3022132803834,382.8291926403902,0.8695652173913043,session-db,0,0.0
re1_ss__catalogue_cpu__2,re1_ss,cpu,catalogue,stationary_ar,180,180,436,23,3238.250857387804,27.52555073367124,258.4438914636379,0.7391304347826086,session-db,0,0.0
re1_ss__catalogue_cpu__2,re1_ss,cpu,catalogue,stationary_counterfactual_ar,180,180,436,23,3238.250857387804,270.5115741010179,569.46232600256,0.9130434782608695,session-db,0,0.0
re1_ss__catalogue_cpu__2,re1_ss,cpu,catalogue,stationary_counterfactual_ar_uncertainty,180,180,436,23,3238.250857387804,116.7194637370648,323.13933521900304,0.8695652173913043,session-db,0,0.0
re1_ss__catalogue_cpu__3,re1_ss,cpu,catalogue,stationary_ar,180,180,437,23,3265.076681952065,130.59454440572512,518.6026123343718,0.782608695652174,session-db,0,0.0
re1_ss__catalogue_cpu__3,re1_ss,cpu,catalogue,stationary_counterfactual_ar,180,180,437,23,3265.076681952065,335.8299389731435,937.1201401039217,0.8695652173913043,session-db,0,0.0
re1_ss__catalogue_cpu__3,re1_ss,cpu,catalogue,stationary_counterfactual_ar_uncertainty,180,180,437,23,3265.076681952065,177.42509997811007,811.6677386469458,0.8260869565217391,session-db,0,0.0
re1_ss__catalogue_cpu__4,re1_ss,cpu,catalogue,stationary_ar,180,180,437,23,3250.6120468820714,51.10015679542081,447.4547508541204,0.7391304347826086,session-db,0,0.0
re1_ss__catalogue_cpu__4,re1_ss,cpu,catalogue,stationary_counterfactual_ar,180,180,437,23,3250.6120468820714,295.69645577125874,604.8032236816698,0.8695652173913043,session-db,0,0.0
re1_ss__catalogue_cpu__4,re1_ss,cpu,catalogue,stationary_counterfactual_ar_uncertainty,180,180,437,23,3250.6120468820714,140.58085413762964,384.25638074341714,0.8695652173913043,session-db,0,0.0
re1_ss__catalogue_cpu__5,re1_ss,cpu,catalogue,stationary_ar,180,180,436,23,686.3443410081442,16.839705265432325,232.77543763695923,0.6521739130434783,catalogue,0,0.0
re1_ss__catalogue_cpu__5,re1_ss,cpu,catalogue,stationary_counterfactual_ar,180,180,436,23,615.7651981197988,276.19856570400253,575.1302991205815,0.8260869565217391,user-db,0,0.0
re1_ss__catalogue_cpu__5,re1_ss,cpu,catalogue,stationary_counterfactual_ar_uncertainty,180,180,436,23,529.6932124548838,72.56908520830821,337.14408605597896,0.8260869565217391,catalogue,0,0.0
re1_ss__catalogue_delay__1,re1_ss,delay,catalogue,stationary_ar,180,180,437,23,3267.1398619644806,34.51553757710551,454.7521964300176,0.6956521739130435,session-db,0,0.0
re1_ss__catalogue_delay__1,re1_ss,delay,catalogue,stationary_counterfactual_ar,180,180,437,23,3267.1398619644806,286.59393556168425,564.8065016848602,0.9130434782608695,session-db,0,0.0
re1_ss__catalogue_delay__1,re1_ss,delay,catalogue,stationary_counterfactual_ar_uncertainty,180,180,437,23,3267.1398619644806,153.05279428512196,323.87412796299566,0.8695652173913043,session-db,0,0.0
re1_ss__catalogue_delay__2,re1_ss,delay,catalogue,stationary_ar,180,180,437,23,694.6815385302534,28.522319560611106,462.34718039065615,0.782608695652174,catalogue,0,0.0
re1_ss__catalogue_delay__2,re1_ss,delay,catalogue,stationary_counterfactual_ar,180,180,437,23,656.5676782353311,240.6546383464612,583.2676024274334,0.8695652173913043,catalogue,0,0.0
re1_ss__catalogue_delay__2,re1_ss,delay,catalogue,stationary_counterfactual_ar_uncertainty,180,180,437,23,681.8662278035991,171.58480012669818,342.13970518646465,0.8260869565217391,catalogue,0,0.0
re1_ss__catalogue_delay__3,re1_ss,delay,catalogue,stationary_ar,180,180,437,23,3259.166260091164,23.834784926273333,337.9801758018051,0.5652173913043478,session-db,0,0.0
re1_ss__catalogue_delay__3,re1_ss,delay,catalogue,stationary_counterfactual_ar,180,180,437,23,3259.166260091164,320.78901234760815,689.5844746088462,0.8695652173913043,session-db,0,0.0
re1_ss__catalogue_delay__3,re1_ss,delay,catalogue,stationary_counterfactual_ar_uncertainty,180,180,437,23,3259.166260091164,244.59928548847915,488.22653716596767,0.8260869565217391,session-db,0,0.0
re1_ss__catalogue_delay__4,re1_ss,delay,catalogue,stationary_ar,180,180,437,23,1823.751644656076,21.54735869437714,1113.9467487256502,0.6956521739130435,192-168-2-165-9100,0,0.0
re1_ss__catalogue_delay__4,re1_ss,delay,catalogue,stationary_counterfactual_ar,180,180,437,23,1909.1091527104224,293.18884795441585,1322.766672092256,0.8695652173913043,192-168-2-165-9100,0,0.0
re1_ss__catalogue_delay__4,re1_ss,delay,catalogue,stationary_counterfactual_ar_uncertainty,180,180,437,23,1860.4169338369356,201.60689051758843,1228.6854270506728,0.8695652173913043,192-168-2-165-9100,0,0.0
re1_ss__catalogue_delay__5,re1_ss,delay,catalogue,stationary_ar,180,180,436,23,3253.6227110011973,47.325350886893126,388.4452514896319,0.7391304347826086,session-db,0,0.0
re1_ss__catalogue_delay__5,re1_ss,delay,catalogue,stationary_counterfactual_ar,180,180,436,23,3253.6227110011973,298.9829456854098,598.630658753868,0.9130434782608695,session-db,0,0.0
re1_ss__catalogue_delay__5,re1_ss,delay,catalogue,stationary_counterfactual_ar_uncertainty,180,180,436,23,3253.6227110011973,155.96187588054337,359.114296669209,0.8695652173913043,session-db,0,0.0
re1_ss__catalogue_disk__1,re1_ss,disk,catalogue,stationary_ar,180,180,425,21,3106.980502365021,95.01821495877373,540.9641853906677,0.7619047619047619,session-db,0,0.0
re1_ss__catalogue_disk__1,re1_ss,disk,catalogue,stationary_counterfactual_ar,180,180,425,21,3106.980502365021,223.22629591383676,773.1097738650092,0.8095238095238095,session-db,0,0.0
re1_ss__catalogue_disk__1,re1_ss,disk,catalogue,stationary_counterfactual_ar_uncertainty,180,180,425,21,3106.980502365021,187.97610574796275,552.410873044234,0.8571428571428571,session-db,0,0.0
re1_ss__catalogue_disk__2,re1_ss,disk,catalogue,stationary_ar,180,180,429,21,1202.0003326937117,28.381395233568607,264.06718150717603,0.7619047619047619,user,0,0.0
re1_ss__catalogue_disk__2,re1_ss,disk,catalogue,stationary_counterfactual_ar,180,180,429,21,1435.1823097267031,279.38494631630846,547.4674014753383,0.9523809523809523,user,0,0.0
re1_ss__catalogue_disk__2,re1_ss,disk,catalogue,stationary_counterfactual_ar_uncertainty,180,180,429,21,1326.0784434285715,133.66390125616974,330.1464997021755,0.9523809523809523,user,0,0.0
re1_ss__catalogue_disk__3,re1_ss,disk,catalogue,stationary_ar,180,180,429,21,1982.5885331832105,35.130926124303606,254.5692554577469,0.7619047619047619,10-192-15-197-9100,0,0.0
re1_ss__catalogue_disk__3,re1_ss,disk,catalogue,stationary_counterfactual_ar,180,180,429,21,2092.166527493513,168.62851374782323,634.7645391581221,0.8571428571428571,10-192-15-197-9100,0,0.0
re1_ss__catalogue_disk__3,re1_ss,disk,catalogue,stationary_counterfactual_ar_uncertainty,180,180,429,21,2014.0784047999448,134.86734440232257,380.6055150820918,0.8095238095238095,10-192-15-197-9100,0,0.0
re1_ss__catalogue_disk__4,re1_ss,disk,catalogue,stationary_ar,180,180,437,22,1625.0350858326567,695.371591244209,1155.2406145357222,0.9090909090909091,payment,0,0.0
re1_ss__catalogue_disk__4,re1_ss,disk,catalogue,stationary_counterfactual_ar,180,180,437,22,1625.035209124743,486.0358035518803,1388.6980548409947,0.9545454545454546,payment,0,0.0
re1_ss__catalogue_disk__4,re1_ss,disk,catalogue,stationary_counterfactual_ar_uncertainty,180,180,437,22,1625.0352091247285,389.3389964068729,1204.5683351524553,0.9545454545454546,payment,0,0.0
re1_ss__catalogue_disk__5,re1_ss,disk,catalogue,stationary_ar,180,180,420,21,3097.4178983403676,258.47544812852067,471.1206556514482,0.8095238095238095,session-db,0,0.0
re1_ss__catalogue_disk__5,re1_ss,disk,catalogue,stationary_counterfactual_ar,180,180,420,21,3097.4178983403676,424.6790595362425,563.9493010306543,1.0,session-db,0,0.0
re1_ss__catalogue_disk__5,re1_ss,disk,catalogue,stationary_counterfactual_ar_uncertainty,180,180,420,21,3097.4178983403676,276.54144641237644,527.639997936517,1.0,session-db,0,0.0
re1_ss__catalogue_loss__1,re1_ss,loss,catalogue,stationary_ar,180,180,438,23,1426.4345137414718,31.079603538309623,400.0549087119072,0.782608695652174,catalogue,0,0.0
re1_ss__catalogue_loss__1,re1_ss,loss,catalogue,stationary_counterfactual_ar,180,180,438,23,1568.9226767876828,257.4812154008319,564.080787220701,0.8695652173913043,catalogue,0,0.0
re1_ss__catalogue_loss__1,re1_ss,loss,catalogue,stationary_counterfactual_ar_uncertainty,180,180,438,23,1488.3721633379137,164.14989069387846,389.60532135031826,0.8260869565217391,catalogue,0,0.0
re1_ss__catalogue_loss__2,re1_ss,loss,catalogue,stationary_ar,180,180,438,23,3250.228590080443,27.53560490959107,555.2962333035252,0.6521739130434783,session-db,0,0.0
re1_ss__catalogue_loss__2,re1_ss,loss,catalogue,stationary_counterfactual_ar,180,180,438,23,3250.228590080443,324.89462912094825,829.3335655163371,0.8695652173913043,session-db,0,0.0
re1_ss__catalogue_loss__2,re1_ss,loss,catalogue,stationary_counterfactual_ar_uncertainty,180,180,438,23,3250.228590080443,210.49477634506061,679.3275112076494,0.8695652173913043,session-db,0,0.0
re1_ss__catalogue_loss__3,re1_ss,loss,catalogue,stationary_ar,180,180,438,23,695.1769893048886,23.721867491192523,246.57440940802624,0.6521739130434783,session-db,0,0.0
re1_ss__catalogue_loss__3,re1_ss,loss,catalogue,stationary_counterfactual_ar,180,180,438,23,602.9272682993235,225.13706930303155,573.7604382554986,0.9130434782608695,carts-db,0,0.0
re1_ss__catalogue_loss__3,re1_ss,loss,catalogue,stationary_counterfactual_ar_uncertainty,180,180,438,23,510.69006504972634,146.86506843603883,335.6402178796772,0.8695652173913043,catalogue,0,0.0
re1_ss__catalogue_loss__4,re1_ss,loss,catalogue,stationary_ar,180,180,437,23,3249.5185370907043,18.820763487059725,340.8740675058712,0.5652173913043478,session-db,0,0.0
re1_ss__catalogue_loss__4,re1_ss,loss,catalogue,stationary_counterfactual_ar,180,180,437,23,3249.5185370907043,339.0005907033787,558.3537806093992,0.8260869565217391,session-db,0,0.0
re1_ss__catalogue_loss__4,re1_ss,loss,catalogue,stationary_counterfactual_ar_uncertainty,180,180,437,23,3249.5185370907043,241.6920108324257,373.08906205264844,0.9130434782608695,session-db,0,0.0
re1_ss__catalogue_loss__5,re1_ss,loss,catalogue,stationary_ar,180,180,438,23,715.7594698157337,40.480093455491215,304.3209943097561,0.6086956521739131,catalogue,0,0.0
re1_ss__catalogue_loss__5,re1_ss,loss,catalogue,stationary_counterfactual_ar,180,180,438,23,1079.4694223019412,249.17466592149708,575.5757056212017,0.9130434782608695,catalogue,0,0.0
re1_ss__catalogue_loss__5,re1_ss,loss,catalogue,stationary_counterfactual_ar_uncertainty,180,180,438,23,840.4260253556946,204.91761703949047,329.7350784924888,0.9130434782608695,catalogue,0,0.0
re1_ss__catalogue_mem__1,re1_ss,mem,catalogue,stationary_ar,180,180,438,23,3251.889933072993,126.91475255234229,615.7588951957099,0.8260869565217391,session-db,0,0.0
re1_ss__catalogue_mem__1,re1_ss,mem,catalogue,stationary_counterfactual_ar,180,180,438,23,3251.889933072993,363.8173209371739,930.9164413999083,0.8695652173913043,session-db,0,0.0
re1_ss__catalogue_mem__1,re1_ss,mem,catalogue,stationary_counterfactual_ar_uncertainty,180,180,438,23,3251.889933072993,177.3145905258128,687.1251749313328,0.9565217391304348,session-db,0,0.0
re1_ss__catalogue_mem__2,re1_ss,mem,catalogue,stationary_ar,180,180,438,23,3247.6403529160793,27.762518447185215,451.6240495080033,0.6956521739130435,session-db,0,0.0
re1_ss__catalogue_mem__2,re1_ss,mem,catalogue,stationary_counterfactual_ar,180,180,438,23,3247.6403529160793,275.6517244296289,539.1052604613668,0.9130434782608695,session-db,0,0.0
re1_ss__catalogue_mem__2,re1_ss,mem,catalogue,stationary_counterfactual_ar_uncertainty,180,180,438,23,3247.6403529160793,153.7710418700198,331.6670292219468,0.8695652173913043,session-db,0,0.0
re1_ss__catalogue_mem__3,re1_ss,mem,catalogue,stationary_ar,180,180,438,23,694.7242185169774,23.379479224345005,317.862800210694,0.6956521739130435,catalogue,0,0.0
re1_ss__catalogue_mem__3,re1_ss,mem,catalogue,stationary_counterfactual_ar,180,180,438,23,849.4585910608688,278.3992100720828,587.8355543047834,0.8695652173913043,payment,0,0.0
re1_ss__catalogue_mem__3,re1_ss,mem,catalogue,stationary_counterfactual_ar_uncertainty,180,180,438,23,636.8952803809511,166.89984220682987,421.7498579518067,0.8695652173913043,catalogue,0,0.0
re1_ss__catalogue_mem__4,re1_ss,mem,catalogue,stationary_ar,180,180,437,23,3253.3267368100237,125.02262597705806,372.59802680351845,0.7391304347826086,session-db,0,0.0
re1_ss__catalogue_mem__4,re1_ss,mem,catalogue,stationary_counterfactual_ar,180,180,437,23,3253.3267368100237,238.01793882805836,552.1059367529828,0.8260869565217391,session-db,0,0.0
re1_ss__catalogue_mem__4,re1_ss,mem,catalogue,stationary_counterfactual_ar_uncertainty,180,180,437,23,3253.3267368100237,177.2230216535173,410.2565555008971,0.8260869565217391,session-db,0,0.0
re1_ss__catalogue_mem__5,re1_ss,mem,catalogue,stationary_ar,180,180,437,23,2037.565411354047,25.889295497028456,612.2584231188954,0.6086956521739131,192-168-15-8-9100,0,0.0
re1_ss__catalogue_mem__5,re1_ss,mem,catalogue,stationary_counterfactual_ar,180,180,437,23,2090.776780108267,237.47715522508074,582.3856721132281,0.8695652173913043,192-168-15-8-9100,0,0.0
re1_ss__catalogue_mem__5,re1_ss,mem,catalogue,stationary_counterfactual_ar_uncertainty,180,180,437,23,2085.1000766572943,177.83108777311668,356.7188358834768,0.782608695652174,192-168-15-8-9100,0,0.0
re1_ss__orders_cpu__1,re1_ss,cpu,orders,stationary_ar,180,180,437,23,3248.7678555271873,29.410135251024087,276.7403529517889,0.7391304347826086,session-db,0,0.0
re1_ss__orders_cpu__1,re1_ss,cpu,orders,stationary_counterfactual_ar,180,180,437,23,3248.7678555271873,323.16314375480766,501.7974571304823,0.9130434782608695,session-db,0,0.0
re1_ss__orders_cpu__1,re1_ss,cpu,orders,stationary_counterfactual_ar_uncertainty,180,180,437,23,3248.7678555271873,105.32996982104287,328.25451832641124,0.8695652173913043,session-db,0,0.0
re1_ss__orders_cpu__2,re1_ss,cpu,orders,stationary_ar,180,180,436,23,3247.5395243610146,22.80064811155994,249.8181548820094,0.6956521739130435,session-db,0,0.0
re1_ss__orders_cpu__2,re1_ss,cpu,orders,stationary_counterfactual_ar,180,180,436,23,3247.5395243610146,223.5087981320722,520.4428148313183,0.8260869565217391,session-db,0,0.0
re1_ss__orders_cpu__2,re1_ss,cpu,orders,stationary_counterfactual_ar_uncertainty,180,180,436,23,3247.5395243610146,155.64220213231397,303.5007986710199,0.8695652173913043,session-db,0,0.0
re1_ss__orders_cpu__3,re1_ss,cpu,orders,stationary_ar,180,180,436,23,1024.3560558398058,18.455712211332763,263.9298418431371,0.6521739130434783,user,0,0.0
re1_ss__orders_cpu__3,re1_ss,cpu,orders,stationary_counterfactual_ar,180,180,436,23,1230.9268543110854,223.66555918031546,563.1149200504651,0.8695652173913043,user,0,0.0
re1_ss__orders_cpu__3,re1_ss,cpu,orders,stationary_counterfactual_ar_uncertainty,180,180,436,23,1085.0134999182526,111.78321817472602,315.56606031995295,0.8695652173913043,user,0,0.0
re1_ss__orders_cpu__4,re1_ss,cpu,orders,stationary_ar,180,180,438,23,3254.6024069095038,25.71629294374687,312.17804788568174,0.7391304347826086,session-db,0,0.0
re1_ss__orders_cpu__4,re1_ss,cpu,orders,stationary_counterfactual_ar,180,180,438,23,3254.6024069095038,304.45268814022785,579.5278855667165,0.8695652173913043,session-db,0,0.0
re1_ss__orders_cpu__4,re1_ss,cpu,orders,stationary_counterfactual_ar_uncertainty,180,180,438,23,3254.6024069095038,171.69165901701834,346.7862182412924,0.8695652173913043,session-db,0,0.0
re1_ss__orders_cpu__5,re1_ss,cpu,orders,stationary_ar,180,180,438,23,484.4122319889686,20.484792673574038,330.87170898563784,0.6956521739130435,catalogue,0,0.0
re1_ss__orders_cpu__5,re1_ss,cpu,orders,stationary_counterfactual_ar,180,180,438,23,661.3311022461133,256.55873470717205,566.4407708396609,0.8260869565217391,catalogue,0,0.0
re1_ss__orders_cpu__5,re1_ss,cpu,orders,stationary_counterfactual_ar_uncertainty,180,180,438,23,428.31141750544344,116.45187121130061,360.43424607272016,0.8260869565217391,catalogue,0,0.0
re1_ss__orders_delay__1,re1_ss,delay,orders,stationary_ar,180,180,437,23,695.2137122803293,35.00406217785858,472.49503764132487,0.6956521739130435,session-db,0,0.0
re1_ss__orders_delay__1,re1_ss,delay,orders,stationary_counterfactual_ar,180,180,437,23,744.1455202038605,262.692918947167,597.4371289357589,0.8260869565217391,queue-master,0,0.0
re1_ss__orders_delay__1,re1_ss,delay,orders,stationary_counterfactual_ar_uncertainty,180,180,437,23,595.202055174425,95.69360212440222,352.50150230100013,0.8260869565217391,queue-master,0,0.0
re1_ss__orders_delay__2,re1_ss,delay,orders,stationary_ar,180,180,437,23,3255.6973206186776,24.39441407876738,396.49092124145676,0.6086956521739131,session-db,0,0.0
re1_ss__orders_delay__2,re1_ss,delay,orders,stationary_counterfactual_ar,180,180,437,23,3255.6973206186776,282.2064476650491,631.4645981123746,0.9130434782608695,session-db,0,0.0
re1_ss__orders_delay__2,re1_ss,delay,orders,stationary_counterfactual_ar_uncertainty,180,180,437,23,3255.6973206186776,164.87819747725572,419.6755137931928,0.9130434782608695,session-db,0,0.0
re1_ss__orders_delay__3,re1_ss,delay,orders,stationary_ar,180,180,437,23,1179.327907166164,18.661598318923023,405.17673705848364,0.6086956521739131,payment,0,0.0
re1_ss__orders_delay__3,re1_ss,delay,orders,stationary_counterfactual_ar,180,180,437,23,1201.3508350184125,374.94924316333254,587.027030794248,0.8260869565217391,payment,0,0.0
re1_ss__orders_delay__3,re1_ss,delay,orders,stationary_counterfactual_ar_uncertainty,180,180,437,23,1171.53626752329,134.61605205612574,454.5759031797726,0.8695652173913043,payment,0,0.0
re1_ss__orders_delay__4,re1_ss,delay,orders,stationary_ar,180,180,437,23,3244.183532343112,139.15192370943635,605.8993458847202,0.6956521739130435,session-db,0,0.0
re1_ss__orders_delay__4,re1_ss,delay,orders,stationary_counterfactual_ar,180,180,437,23,3244.183532343112,253.83868191462383,620.9434996857752,0.8260869565217391,session-db,0,0.0
re1_ss__orders_delay__4,re1_ss,delay,orders,stationary_counterfactual_ar_uncertainty,180,180,437,23,3244.183532343112,188.86986105853205,572.7939225815825,0.8260869565217391,session-db,0,0.0
re1_ss__orders_delay__5,re1_ss,delay,orders,stationary_ar,180,180,437,23,613.39807830294,30.933835295092663,330.5587838642074,0.6956521739130435,orders,0,0.0
re1_ss__orders_delay__5,re1_ss,delay,orders,stationary_counterfactual_ar,180,180,437,23,587.2037342545972,258.64100936911024,564.1715066766283,0.8260869565217391,user-db,0,0.0
re1_ss__orders_delay__5,re1_ss,delay,orders,stationary_counterfactual_ar_uncertainty,180,180,437,23,531.6700643138464,179.56439648522436,332.03167184286474,0.8260869565217391,orders,0,0.0
re1_ss__orders_disk__1,re1_ss,disk,orders,stationary_ar,180,180,429,21,2023.3022935531271,116.71496059049076,499.2435415474935,0.8095238095238095,10-192-15-196-9100,0,0.0
re1_ss__orders_disk__1,re1_ss,disk,orders,stationary_counterfactual_ar,180,180,429,21,2016.6156063015726,398.06717443410815,582.3685851995233,0.9523809523809523,10-192-15-196-9100,0,0.0
re1_ss__orders_disk__1,re1_ss,disk,orders,stationary_counterfactual_ar_uncertainty,180,180,429,21,2016.296235306628,195.66743364812146,489.9317753453295,0.9523809523809523,10-192-15-196-9100,0,0.0
re1_ss__orders_disk__2,re1_ss,disk,orders,stationary_ar,180,180,424,21,412.067517019944,31.44402295287556,273.2788185226807,0.7142857142857143,10-192-15-197-9100,0,0.0
re1_ss__orders_disk__2,re1_ss,disk,orders,stationary_counterfactual_ar,180,180,424,21,637.397576974645,370.30681252189976,551.1114100523014,0.9047619047619048,carts,0,0.0
re1_ss__orders_disk__2,re1_ss,disk,orders,stationary_counterfactual_ar_uncertainty,180,180,424,21,462.12885493427507,214.26424038170373,345.5433686748044,0.8571428571428571,10-192-15-197-9100,0,0.0
re1_ss__orders_disk__3,re1_ss,disk,orders,stationary_ar,180,180,424,21,463.2749158513221,21.731385599294885,293.62871156925155,0.7619047619047619,10-192-15-197-9100,0,0.0
re1_ss__orders_disk__3,re1_ss,disk,orders,stationary_counterfactual_ar,180,180,424,21,553.2566673520121,232.85140979983075,496.77912927389224,0.9047619047619048,user-db,0,0.0
re1_ss__orders_disk__3,re1_ss,disk,orders,stationary_counterfactual_ar_uncertainty,180,180,424,21,457.4616041134429,126.85094116272376,291.47134543250627,0.8571428571428571,10-192-15-197-9100,0,0.0
re1_ss__orders_disk__4,re1_ss,disk,orders,stationary_ar,180,180,424,21,527.2820038963346,90.05738215076589,499.277669971497,0.8571428571428571,catalogue,0,0.0
re1_ss__orders_disk__4,re1_ss,disk,orders,stationary_counterfactual_ar,180,180,424,21,666.9820153808179,279.0544288248055,559.1051140179816,0.9523809523809523,orders,0,0.0
re1_ss__orders_disk__4,re1_ss,disk,orders,stationary_counterfactual_ar_uncertainty,180,180,424,21,516.6118589054894,211.27942599241828,379.5477878225233,0.9047619047619048,10-192-15-197-9100,0,0.0
re1_ss__orders_disk__5,re1_ss,disk,orders,stationary_ar,180,180,424,21,695.5235811022266,52.17721248905025,395.89459311327374,0.7619047619047619,session-db,0,0.0
re1_ss__orders_disk__5,re1_ss,disk,orders,stationary_counterfactual_ar,180,180,424,21,581.2335101089717,282.15855698569584,535.2367327599247,0.9047619047619048,user-db,0,0.0
re1_ss__orders_disk__5,re1_ss,disk,orders,stationary_counterfactual_ar_uncertainty,180,180,424,21,414.70792139738154,174.1774769561382,328.03717027065153,0.8095238095238095,session-db,0,0.0
re1_ss__orders_loss__1,re1_ss,loss,orders,stationary_ar,180,180,438,23,2242.9166906422647,57.27269264726496,2107.4310073323813,0.8695652173913043,192-168-22-131-9100,0,0.0
re1_ss__orders_loss__1,re1_ss,loss,orders,stationary_counterfactual_ar,180,180,438,23,2374.3793235592952,322.6842284551132,2200.2829137341187,0.9130434782608695,192-168-22-131-9100,0,0.0
re1_ss__orders_loss__1,re1_ss,loss,orders,stationary_counterfactual_ar_uncertainty,180,180,438,23,2285.2104055532363,207.65059962053283,2136.4781008602477,0.9565217391304348,192-168-22-131-9100,0,0.0
re1_ss__orders_loss__2,re1_ss,loss,orders,stationary_ar,180,180,438,23,966.7106253526664,238.30743616281015,631.2630037464058,0.6956521739130435,catalogue,0,0.0
re1_ss__orders_loss__2,re1_ss,loss,orders,stationary_counterfactual_ar,180,180,438,23,1105.1165923269348,247.35484462990803,544.3006713353068,0.8695652173913043,catalogue,0,0.0
re1_ss__orders_loss__2,re1_ss,loss,orders,stationary_counterfactual_ar_uncertainty,180,180,438,23,952.9997093396388,271.44108812683567,419.7856151407577,0.8260869565217391,catalogue,0,0.0
re1_ss__orders_loss__3,re1_ss,loss,orders,stationary_ar,180,180,437,23,3266.7609964319704,144.3797757108952,460.5169238186575,0.6956521739130435,session-db,0,0.0
re1_ss__orders_loss__3,re1_ss,loss,orders,stationary_counterfactual_ar,180,180,437,23,3266.7609964319704,314.3556507257894,585.393438576264,0.8695652173913043,session-db,0,0.0
re1_ss__orders_loss__3,re1_ss,loss,orders,stationary_counterfactual_ar_uncertainty,180,180,437,23,3266.7609964319704,206.62560029812576,379.9615743074935,0.8260869565217391,session-db,0,0.0
re1_ss__orders_loss__4,re1_ss,loss,orders,stationary_ar,180,180,437,23,3249.952470319238,37.11394982950818,309.88361048769906,0.6086956521739131,session-db,0,0.0
re1_ss__orders_loss__4,re1_ss,loss,orders,stationary_counterfactual_ar,180,180,437,23,3249.952470319238,269.22974828355916,545.2884919849807,0.8695652173913043,session-db,0,0.0
re1_ss__orders_loss__4,re1_ss,loss,orders,stationary_counterfactual_ar_uncertainty,180,180,437,23,3249.952470319238,183.54289458109875,346.6900880989234,0.8260869565217391,session-db,0,0.0
re1_ss__orders_loss__5,re1_ss,loss,orders,stationary_ar,180,180,437,23,735.0231201948633,22.39633180447269,656.1195830942289,0.6086956521739131,payment,0,0.0
re1_ss__orders_loss__5,re1_ss,loss,orders,stationary_counterfactual_ar,180,180,437,23,1118.740970029059,304.78700757230155,559.434758121245,0.9565217391304348,payment,0,0.0
re1_ss__orders_loss__5,re1_ss,loss,orders,stationary_counterfactual_ar_uncertainty,180,180,437,23,875.8539825292697,189.56553842823527,498.091777934144,0.8260869565217391,payment,0,0.0
re1_ss__orders_mem__1,re1_ss,mem,orders,stationary_ar,180,180,437,23,3245.2756357138037,83.88175878738848,370.7551823097682,0.782608695652174,session-db,0,0.0
re1_ss__orders_mem__1,re1_ss,mem,orders,stationary_counterfactual_ar,180,180,437,23,3245.2756357138037,291.3380024710546,653.8844553973886,0.8695652173913043,session-db,0,0.0
re1_ss__orders_mem__1,re1_ss,mem,orders,stationary_counterfactual_ar_uncertainty,180,180,437,23,3245.2756357138037,209.4660025803798,444.2099791658528,0.8695652173913043,session-db,0,0.0
re1_ss__orders_mem__2,re1_ss,mem,orders,stationary_ar,180,180,437,23,3230.7234974847725,35.068013513480444,368.204275113991,0.6086956521739131,session-db,0,0.0
re1_ss__orders_mem__2,re1_ss,mem,orders,stationary_counterfactual_ar,180,180,437,23,3230.7234974847725,338.928518511189,575.5072782954642,0.8695652173913043,session-db,0,0.0
re1_ss__orders_mem__2,re1_ss,mem,orders,stationary_counterfactual_ar_uncertainty,180,180,437,23,3230.7234974847725,175.31693164322158,374.94416361348334,0.8260869565217391,session-db,0,0.0
re1_ss__orders_mem__3,re1_ss,mem,orders,stationary_ar,180,180,436,23,1961.4246210259691,31.01459775040105,844.749785232952,0.6521739130434783,192-168-2-165-9100,0,0.0
re1_ss__orders_mem__3,re1_ss,mem,orders,stationary_counterfactual_ar,180,180,436,23,2028.66811271966,315.2499775791262,826.533508983645,0.9130434782608695,192-168-2-165-9100,0,0.0
re1_ss__orders_mem__3,re1_ss,mem,orders,stationary_counterfactual_ar_uncertainty,180,180,436,23,1974.8159297926486,257.5946790998097,824.1937364013335,0.8695652173913043,192-168-2-165-9100,0,0.0
re1_ss__orders_mem__4,re1_ss,mem,orders,stationary_ar,180,180,437,23,3242.9368343569454,21.872318688455874,290.3833985368456,0.6086956521739131,session-db,0,0.0
re1_ss__orders_mem__4,re1_ss,mem,orders,stationary_counterfactual_ar,180,180,437,23,3242.9368343569454,265.87550525488024,527.6413669692602,0.8695652173913043,session-db,0,0.0
re1_ss__orders_mem__4,re1_ss,mem,orders,stationary_counterfactual_ar_uncertainty,180,180,437,23,3242.9368343569454,156.20760417025483,298.048168473789,0.8260869565217391,session-db,0,0.0
re1_ss__orders_mem__5,re1_ss,mem,orders,stationary_ar,180,180,437,23,3250.1538529558493,81.41543356094574,311.7524894064045,0.6956521739130435,session-db,0,0.0
re1_ss__orders_mem__5,re1_ss,mem,orders,stationary_counterfactual_ar,180,180,437,23,3250.1538529558493,338.89283289234817,545.9690988378907,0.9130434782608695,session-db,0,0.0
re1_ss__orders_mem__5,re1_ss,mem,orders,stationary_counterfactual_ar_uncertainty,180,180,437,23,3250.1538529558493,174.93060988270113,329.8953797481573,0.8260869565217391,session-db,0,0.0
re1_ss__payment_cpu__1,re1_ss,cpu,payment,stationary_ar,180,180,437,23,3257.995119574736,93.40677764817126,652.7860065886221,0.782608695652174,session-db,0,0.0
re1_ss__payment_cpu__1,re1_ss,cpu,payment,stationary_counterfactual_ar,180,180,437,23,3257.995119574736,367.29689958055087,592.9450690559784,0.9565217391304348,session-db,0,0.0
re1_ss__payment_cpu__1,re1_ss,cpu,payment,stationary_counterfactual_ar_uncertainty,180,180,437,23,3257.995119574736,169.49194605180767,406.07635191871,0.8260869565217391,session-db,0,0.0
re1_ss__payment_cpu__2,re1_ss,cpu,payment,stationary_ar,180,180,436,23,3238.899261361828,24.781800990788003,309.8148492032305,0.6956521739130435,session-db,0,0.0
re1_ss__payment_cpu__2,re1_ss,cpu,payment,stationary_counterfactual_ar,180,180,436,23,3238.899261361828,281.87641442647845,571.4507778305098,0.9130434782608695,session-db,0,0.0
re1_ss__payment_cpu__2,re1_ss,cpu,payment,stationary_counterfactual_ar_uncertainty,180,180,436,23,3238.899261361828,173.76900928500814,318.36804384271306,0.8260869565217391,session-db,0,0.0
re1_ss__payment_cpu__3,re1_ss,cpu,payment,stationary_ar,180,180,436,23,1044.9774986404525,27.294477645824543,489.156760041974,0.5652173913043478,catalogue,0,0.0
re1_ss__payment_cpu__3,re1_ss,cpu,payment,stationary_counterfactual_ar,180,180,436,23,1278.5725095068558,168.77118921271838,652.2343926557653,0.9130434782608695,user,0,0.0
re1_ss__payment_cpu__3,re1_ss,cpu,payment,stationary_counterfactual_ar_uncertainty,180,180,436,23,1132.060120268753,64.18685701401573,576.8735840933781,0.8695652173913043,user,0,0.0
re1_ss__payment_cpu__4,re1_ss,cpu,payment,stationary_ar,180,180,436,23,3257.724278529781,105.23296623126107,556.6556464097819,0.6521739130434783,session-db,0,0.0
re1_ss__payment_cpu__4,re1_ss,cpu,payment,stationary_counterfactual_ar,180,180,436,23,3257.724278529781,368.21360167259417,599.7999018088582,0.9565217391304348,session-db,0,0.0
re1_ss__payment_cpu__4,re1_ss,cpu,payment,stationary_counterfactual_ar_uncertainty,180,180,436,23,3257.724278529781,203.71297208578198,574.318965606107,0.8260869565217391,session-db,0,0.0
re1_ss__payment_cpu__5,re1_ss,cpu,payment,stationary_ar,180,180,436,23,987.4723290273892,22.684490121699827,624.855468375981,0.5652173913043478,catalogue,0,0.0
re1_ss__payment_cpu__5,re1_ss,cpu,payment,stationary_counterfactual_ar,180,180,436,23,1216.5604568030315,219.94293707999768,611.9894765920894,0.8695652173913043,catalogue,0,0.0
re1_ss__payment_cpu__5,re1_ss,cpu,payment,stationary_counterfactual_ar_uncertainty,180,180,436,23,1048.38012083012,117.84808111684528,361.53818420645155,0.8260869565217391,catalogue,0,0.0
re1_ss__payment_delay__1,re1_ss,delay,payment,stationary_ar,180,180,437,23,3265.258946385497,98.25556839036767,547.1676932759432,0.5652173913043478,session-db,0,0.0
re1_ss__payment_delay__1,re1_ss,delay,payment,stationary_counterfactual_ar,180,180,437,23,3265.258946385497,256.0377988477133,497.0049764212676,0.8695652173913043,session-db,0,0.0
re1_ss__payment_delay__1,re1_ss,delay,payment,stationary_counterfactual_ar_uncertainty,180,180,437,23,3265.258946385497,128.92835976131175,304.430097656489,0.8695652173913043,session-db,0,0.0
re1_ss__payment_delay__2,re1_ss,delay,payment,stationary_ar,180,180,436,23,3246.7955381113425,130.01335976931892,506.69971166283176,0.782608695652174,session-db,0,0.0
re1_ss__payment_delay__2,re1_ss,delay,payment,stationary_counterfactual_ar,180,180,436,23,3246.7955381113425,358.3634915912965,647.3748611149568,0.8695652173913043,session-db,0,0.0
re1_ss__payment_delay__2,re1_ss,delay,payment,stationary_counterfactual_ar_uncertainty,180,180,436,23,3246.7955381113425,201.731763215798,493.5990970734571,0.8260869565217391,session-db,0,0.0
re1_ss__payment_delay__3,re1_ss,delay,payment,stationary_ar,180,180,436,23,1223.9761797532817,33.42544307340015,655.7954464978511,0.6956521739130435,catalogue,0,0.0
re1_ss__payment_delay__3,re1_ss,delay,payment,stationary_counterfactual_ar,180,180,436,23,1230.095210049224,233.74451252241747,633.8650760963943,0.8260869565217391,catalogue,0,0.0
re1_ss__payment_delay__3,re1_ss,delay,payment,stationary_counterfactual_ar_uncertainty,180,180,436,23,1162.7274160765169,165.1543879714048,610.8788253981428,0.8260869565217391,catalogue,0,0.0
re1_ss__payment_delay__4,re1_ss,delay,payment,stationary_ar,180,180,437,23,3255.4979036968343,51.572689742404854,474.4661453962118,0.6521739130434783,session-db,0,0.0
re1_ss__payment_delay__4,re1_ss,delay,payment,stationary_counterfactual_ar,180,180,437,23,3255.4979036968343,399.888796994462,549.6538222210178,0.8695652173913043,session-db,0,0.0
re1_ss__payment_delay__4,re1_ss,delay,payment,stationary_counterfactual_ar_uncertainty,180,180,437,23,3255.4979036968343,174.48901155564923,474.3874521725314,0.8260869565217391,session-db,0,0.0
re1_ss__payment_delay__5,re1_ss,delay,payment,stationary_ar,180,180,437,23,1889.7590838317867,109.74596485448855,658.8451529370868,0.6956521739130435,192-168-15-8-9100,0,0.0
re1_ss__payment_delay__5,re1_ss,delay,payment,stationary_counterfactual_ar,180,180,437,23,2037.8856728780047,375.12867496417834,674.9198141233841,0.9130434782608695,192-168-33-0-9100,0,0.0
re1_ss__payment_delay__5,re1_ss,delay,payment,stationary_counterfactual_ar_uncertainty,180,180,437,23,1930.4686441764661,167.6666077267631,482.967823062743,0.8260869565217391,192-168-15-8-9100,0,0.0
re1_ss__payment_disk__1,re1_ss,disk,payment,stationary_ar,180,180,429,21,3118.646192991942,47.74957502730981,460.98242336146706,0.7619047619047619,session-db,0,0.0
re1_ss__payment_disk__1,re1_ss,disk,payment,stationary_counterfactual_ar,180,180,429,21,3118.646192991942,197.11231763915112,625.0364445811127,0.9047619047619048,session-db,0,0.0
re1_ss__payment_disk__1,re1_ss,disk,payment,stationary_counterfactual_ar_uncertainty,180,180,429,21,3118.646192991942,98.48814325343098,489.42989404091486,0.8571428571428571,session-db,0,0.0
re1_ss__payment_disk__2,re1_ss,disk,payment,stationary_ar,180,180,428,21,3102.5735553545273,31.39144386567479,281.17877589073004,0.7619047619047619,session-db,0,0.0
re1_ss__payment_disk__2,re1_ss,disk,payment,stationary_counterfactual_ar,180,180,428,21,3102.5735553545273,147.2306337282486,545.0890655591073,0.9047619047619048,session-db,0,0.0
re1_ss__payment_disk__2,re1_ss,disk,payment,stationary_counterfactual_ar_uncertainty,180,180,428,21,3102.5735553545273,100.92509039004865,338.53176725721454,0.8571428571428571,session-db,0,0.0
re1_ss__payment_disk__3,re1_ss,disk,payment,stationary_ar,180,180,428,21,466.7561029608076,46.756454743600635,172.6897536577926,0.7142857142857143,10-192-15-197-9100,0,0.0
re1_ss__payment_disk__3,re1_ss,disk,payment,stationary_counterfactual_ar,180,180,428,21,537.7385471923961,189.38645535758337,472.75342394724794,0.9047619047619048,orders-db,0,0.0
re1_ss__payment_disk__3,re1_ss,disk,payment,stationary_counterfactual_ar_uncertainty,180,180,428,21,401.10127702191886,125.61475908571799,302.2040125783538,0.8095238095238095,10-192-15-197-9100,0,0.0
re1_ss__payment_disk__4,re1_ss,disk,payment,stationary_ar,180,180,428,21,3495.436294226834,66.68876166411866,775.125089273671,0.7142857142857143,session-db,0,0.0
re1_ss__payment_disk__4,re1_ss,disk,payment,stationary_counterfactual_ar,180,180,428,21,3495.436294226834,397.6660171176474,793.2384712591469,0.8571428571428571,session-db,0,0.0
re1_ss__payment_disk__4,re1_ss,disk,payment,stationary_counterfactual_ar_uncertainty,180,180,428,21,3495.436294226834,233.83982471022713,785.8464371739864,0.8571428571428571,session-db,0,0.0
re1_ss__payment_disk__5,re1_ss,disk,payment,stationary_ar,180,180,428,21,835.9101312370334,23.420594098726564,405.6749171311638,0.7142857142857143,catalogue,0,0.0
re1_ss__payment_disk__5,re1_ss,disk,payment,stationary_counterfactual_ar,180,180,428,21,815.1605337999878,212.5562142741907,571.3608889655278,0.9523809523809523,catalogue,0,0.0
re1_ss__payment_disk__5,re1_ss,disk,payment,stationary_counterfactual_ar_uncertainty,180,180,428,21,836.5196037200645,149.18183827392224,381.28589709176384,0.9047619047619048,catalogue,0,0.0
re1_ss__payment_loss__1,re1_ss,loss,payment,stationary_ar,180,180,436,23,3591.453834096064,26.078032528267098,1010.8680699289342,0.6956521739130435,session-db,0,0.0
re1_ss__payment_loss__1,re1_ss,loss,payment,stationary_counterfactual_ar,180,180,436,23,3591.453834096064,192.778881794083,996.889788633048,0.8695652173913043,session-db,0,0.0
re1_ss__payment_loss__1,re1_ss,loss,payment,stationary_counterfactual_ar_uncertainty,180,180,436,23,3591.453834096064,78.41271976575904,990.591257030172,0.8695652173913043,session-db,0,0.0
re1_ss__payment_loss__2,re1_ss,loss,payment,stationary_ar,180,180,436,23,454.1486949682606,-0.12371436908881606,275.7062276025257,0.4782608695652174,payment,0,0.0
re1_ss__payment_loss__2,re1_ss,loss,payment,stationary_counterfactual_ar,180,180,436,23,574.9023836183056,157.76984552466465,510.94308393873587,0.8695652173913043,user-db,0,0.0
re1_ss__payment_loss__2,re1_ss,loss,payment,stationary_counterfactual_ar_uncertainty,180,180,436,23,393.32248360089653,69.28688559340434,327.6812071334421,0.8260869565217391,payment,0,0.0
re1_ss__payment_loss__3,re1_ss,loss,payment,stationary_ar,180,180,436,23,3246.455822562443,34.665300290210844,294.5112998713343,0.6086956521739131,session-db,0,0.0
re1_ss__payment_loss__3,re1_ss,loss,payment,stationary_counterfactual_ar,180,180,436,23,3246.455822562443,303.9418561849804,627.3004373469269,0.8260869565217391,session-db,0,0.0
re1_ss__payment_loss__3,re1_ss,loss,payment,stationary_counterfactual_ar_uncertainty,180,180,436,23,3246.455822562443,124.42884323521018,353.81377650769645,0.782608695652174,session-db,0,0.0
re1_ss__payment_loss__4,re1_ss,loss,payment,stationary_ar,180,180,436,23,3034.473074343596,18.626138313515195,457.2895198527665,0.6956521739130435,192-168-61-95-9100,0,0.0
re1_ss__payment_loss__4,re1_ss,loss,payment,stationary_counterfactual_ar,180,180,436,23,3097.4340814645816,211.76907100351173,670.3793385133234,0.8695652173913043,192-168-61-95-9100,0,0.0
re1_ss__payment_loss__4,re1_ss,loss,payment,stationary_counterfactual_ar_uncertainty,180,180,436,23,3074.57994756584,76.48908344472278,533.7497791194897,0.8695652173913043,192-168-61-95-9100,0,0.0
re1_ss__payment_loss__5,re1_ss,loss,payment,stationary_ar,180,180,436,23,984.8027204042725,26.021009038255045,445.8699304357646,0.6521739130434783,catalogue,0,0.0
re1_ss__payment_loss__5,re1_ss,loss,payment,stationary_counterfactual_ar,180,180,436,23,1241.4247880577461,259.429363583637,565.6554023956612,0.9130434782608695,catalogue,0,0.0
re1_ss__payment_loss__5,re1_ss,loss,payment,stationary_counterfactual_ar_uncertainty,180,180,436,23,1060.3223254620912,132.02548365136084,355.75058470626743,0.8695652173913043,catalogue,0,0.0
re1_ss__payment_mem__1,re1_ss,mem,payment,stationary_ar,180,180,438,23,2065.7472520044776,38.02974848510326,577.2652116633385,0.6956521739130435,192-168-90-135-9100,0,0.0
re1_ss__payment_mem__1,re1_ss,mem,payment,stationary_counterfactual_ar,180,180,438,23,2124.5402910713547,356.6633736297674,591.8379664695567,0.8695652173913043,192-168-90-135-9100,0,0.0
re1_ss__payment_mem__1,re1_ss,mem,payment,stationary_counterfactual_ar_uncertainty,180,180,438,23,2081.7950339566937,236.8642500581755,470.57194438782284,0.8260869565217391,192-168-90-135-9100,0,0.0
re1_ss__payment_mem__2,re1_ss,mem,payment,stationary_ar,180,180,437,23,3246.7666117578215,29.767020909863124,390.66137115153333,0.6521739130434783,session-db,0,0.0
re1_ss__payment_mem__2,re1_ss,mem,payment,stationary_counterfactual_ar,180,180,437,23,3246.7666117578215,325.19864573737965,569.2586456189239,0.8695652173913043,session-db,0,0.0
re1_ss__payment_mem__2,re1_ss,mem,payment,stationary_counterfactual_ar_uncertainty,180,180,437,23,3246.7666117578215,193.88793445503813,360.0607161396997,0.8260869565217391,session-db,0,0.0
re1_ss__payment_mem__3,re1_ss,mem,payment,stationary_ar,180,180,438,23,1362.3937305270804,20.36648925634279,691.3003058675782,0.6956521739130435,user,0,0.0
re1_ss__payment_mem__3,re1_ss,mem,payment,stationary_counterfactual_ar,180,180,438,23,1478.222991502523,297.5431188897466,581.896043141893,0.8695652173913043,user,0,0.0
re1_ss__payment_mem__3,re1_ss,mem,payment,stationary_counterfactual_ar_uncertainty,180,180,438,23,1421.9857180762838,166.70490623259434,583.1799016762192,0.8260869565217391,user,0,0.0
re1_ss__payment_mem__4,re1_ss,mem,payment,stationary_ar,180,180,437,23,3234.277029268264,156.0624624558047,406.55643535072073,0.6956521739130435,session-db,0,0.0
re1_ss__payment_mem__4,re1_ss,mem,payment,stationary_counterfactual_ar,180,180,437,23,3234.277029268264,351.0946623078783,578.7884986458458,0.8695652173913043,session-db,0,0.0
re1_ss__payment_mem__4,re1_ss,mem,payment,stationary_counterfactual_ar_uncertainty,180,180,437,23,3234.277029268264,231.3333177208142,373.937617316016,0.8695652173913043,session-db,0,0.0
re1_ss__payment_mem__5,re1_ss,mem,payment,stationary_ar,180,180,437,23,1033.9677633360877,28.57012156174586,692.6043663112827,0.5652173913043478,catalogue,0,0.0
re1_ss__payment_mem__5,re1_ss,mem,payment,stationary_counterfactual_ar,180,180,437,23,1062.2159978091456,288.9680217810278,578.6787393616481,1.0,catalogue,0,0.0
re1_ss__payment_mem__5,re1_ss,mem,payment,stationary_counterfactual_ar_uncertainty,180,180,437,23,971.6590124140388,211.05792560703262,559.9456887421636,0.9130434782608695,catalogue,0,0.0
re1_ss__user_cpu__1,re1_ss,cpu,user,stationary_ar,180,180,437,23,3273.6170352430345,22.79464661094636,269.54767577543225,0.5652173913043478,session-db,0,0.0
re1_ss__user_cpu__1,re1_ss,cpu,user,stationary_counterfactual_ar,180,180,437,23,3273.6170352430345,266.9172276981958,565.9100717287191,0.9565217391304348,session-db,0,0.0
re1_ss__user_cpu__1,re1_ss,cpu,user,stationary_counterfactual_ar_uncertainty,180,180,437,23,3273.6170352430345,146.60541132895776,417.57898396616986,0.8260869565217391,session-db,0,0.0
re1_ss__user_cpu__2,re1_ss,cpu,user,stationary_ar,180,180,437,23,3261.257838048295,47.11361052517966,303.01660575677647,0.6521739130434783,session-db,0,0.0
re1_ss__user_cpu__2,re1_ss,cpu,user,stationary_counterfactual_ar,180,180,437,23,3261.257838048295,288.4286750278162,555.1422525583167,0.8260869565217391,session-db,0,0.0
re1_ss__user_cpu__2,re1_ss,cpu,user,stationary_counterfactual_ar_uncertainty,180,180,437,23,3261.257838048295,180.35603232768412,355.1249348335427,0.8260869565217391,session-db,0,0.0
re1_ss__user_cpu__3,re1_ss,cpu,user,stationary_ar,180,180,437,23,695.2229107314961,20.23496682101698,267.34875493709774,0.5652173913043478,session-db,0,0.0
re1_ss__user_cpu__3,re1_ss,cpu,user,stationary_counterfactual_ar,180,180,437,23,605.841013925398,237.77925375899346,560.7508072219745,0.8695652173913043,carts-db,0,0.0
re1_ss__user_cpu__3,re1_ss,cpu,user,stationary_counterfactual_ar_uncertainty,180,180,437,23,496.22054662469947,106.32956979443497,345.3427481989405,0.8260869565217391,user,0,0.0
re1_ss__user_cpu__4,re1_ss,cpu,user,stationary_ar,180,180,437,23,695.1249970732166,20.115848399135547,346.1243688687416,0.6086956521739131,session-db,0,0.0
re1_ss__user_cpu__4,re1_ss,cpu,user,stationary_counterfactual_ar,180,180,437,23,574.5836850122902,213.85799155522668,524.1865536253836,0.9565217391304348,carts-db,0,0.0
re1_ss__user_cpu__4,re1_ss,cpu,user,stationary_counterfactual_ar_uncertainty,180,180,437,23,395.7358448017681,179.2664191425018,319.7468161337038,0.8695652173913043,user,0,0.0
re1_ss__user_cpu__5,re1_ss,cpu,user,stationary_ar,180,180,438,23,3264.134839157525,67.28765982822085,484.89823575026344,0.6521739130434783,session-db,0,0.0
re1_ss__user_cpu__5,re1_ss,cpu,user,stationary_counterfactual_ar,180,180,438,23,3264.134839157525,295.02115972127973,575.7132503501692,0.8695652173913043,session-db,0,0.0
re1_ss__user_cpu__5,re1_ss,cpu,user,stationary_counterfactual_ar_uncertainty,180,180,438,23,3264.134839157525,205.30765263430172,363.65000094887836,0.8695652173913043,session-db,0,0.0
re1_ss__user_delay__1,re1_ss,delay,user,stationary_ar,180,180,437,23,1562.5329786557488,33.99207124857898,409.40686611702995,0.6086956521739131,192-168-33-0-9100,0,0.0
re1_ss__user_delay__1,re1_ss,delay,user,stationary_counterfactual_ar,180,180,437,23,1623.2161279951051,192.73137059752352,638.5840131109834,0.8260869565217391,192-168-33-0-9100,0,0.0
re1_ss__user_delay__1,re1_ss,delay,user,stationary_counterfactual_ar_uncertainty,180,180,437,23,1583.2261759117373,143.59094721068308,410.79226167755087,0.8260869565217391,192-168-33-0-9100,0,0.0
re1_ss__user_delay__2,re1_ss,delay,user,stationary_ar,180,180,436,23,3252.9385623532908,22.917713924788945,346.4781225834837,0.5652173913043478,session-db,0,0.0
re1_ss__user_delay__2,re1_ss,delay,user,stationary_counterfactual_ar,180,180,436,23,3252.9385623532908,318.70373717495767,551.1653013775535,0.9565217391304348,session-db,0,0.0
re1_ss__user_delay__2,re1_ss,delay,user,stationary_counterfactual_ar_uncertainty,180,180,436,23,3252.9385623532908,153.00307860198518,314.64616490693527,0.8260869565217391,session-db,0,0.0
re1_ss__user_delay__3,re1_ss,delay,user,stationary_ar,180,180,436,23,924.5445464307345,32.752120273597164,676.2901258865592,0.6086956521739131,payment,0,0.0
re1_ss__user_delay__3,re1_ss,delay,user,stationary_counterfactual_ar,180,180,436,23,1064.3516871324643,243.10703217903128,553.9807554882327,0.8695652173913043,payment,0,0.0
re1_ss__user_delay__3,re1_ss,delay,user,stationary_counterfactual_ar_uncertainty,180,180,436,23,959.2774585006432,186.7768494042683,539.9697669017737,0.8695652173913043,payment,0,0.0
re1_ss__user_delay__4,re1_ss,delay,user,stationary_ar,180,180,437,23,3240.7938340594487,23.04502922973836,297.34113873683714,0.6521739130434783,session-db,0,0.0
re1_ss__user_delay__4,re1_ss,delay,user,stationary_counterfactual_ar,180,180,437,23,3240.7938340594487,291.3963216382752,576.9666938836342,0.8260869565217391,session-db,0,0.0
re1_ss__user_delay__4,re1_ss,delay,user,stationary_counterfactual_ar_uncertainty,180,180,437,23,3240.7938340594487,183.60847869580016,330.6996083575835,0.8260869565217391,session-db,0,0.0
re1_ss__user_delay__5,re1_ss,delay,user,stationary_ar,180,180,437,23,695.2103885055885,27.218891364738983,499.8916986909643,0.6521739130434783,session-db,0,0.0
re1_ss__user_delay__5,re1_ss,delay,user,stationary_counterfactual_ar,180,180,437,23,759.2994316986836,248.6072052884256,580.5108052073914,0.8260869565217391,catalogue,0,0.0
re1_ss__user_delay__5,re1_ss,delay,user,stationary_counterfactual_ar_uncertainty,180,180,437,23,635.29812108847,150.72369558760832,507.9530340485247,0.8260869565217391,user,0,0.0
re1_ss__user_disk__1,re1_ss,disk,user,stationary_ar,180,180,432,21,695.6611103064507,17.996127124590732,411.1139888666242,0.6190476190476191,session-db,0,0.0
re1_ss__user_disk__1,re1_ss,disk,user,stationary_counterfactual_ar,180,180,432,21,619.5174109396394,202.19855157618227,557.5089780686143,0.8571428571428571,user-db,0,0.0
re1_ss__user_disk__1,re1_ss,disk,user,stationary_counterfactual_ar_uncertainty,180,180,432,21,442.2621860112434,123.36595651259125,314.570950319011,0.8095238095238095,payment,0,0.0
re1_ss__user_disk__2,re1_ss,disk,user,stationary_ar,180,180,432,21,3102.4542777783777,39.53584621781366,402.25424813362474,0.8095238095238095,session-db,0,0.0
re1_ss__user_disk__2,re1_ss,disk,user,stationary_counterfactual_ar,180,180,432,21,3102.4542777783777,268.8202922596512,614.8147387336918,0.9523809523809523,session-db,0,0.0
re1_ss__user_disk__2,re1_ss,disk,user,stationary_counterfactual_ar_uncertainty,180,180,432,21,3102.4542777783777,141.7339070178265,368.97174683192,0.9523809523809523,session-db,0,0.0
re1_ss__user_disk__3,re1_ss,disk,user,stationary_ar,180,180,432,21,862.2729919967801,32.59877124952957,466.08847390065256,0.7619047619047619,user,0,0.0
re1_ss__user_disk__3,re1_ss,disk,user,stationary_counterfactual_ar,180,180,432,21,1020.6056259014103,191.9755052718606,627.5733707174237,0.8571428571428571,user,0,0.0
re1_ss__user_disk__3,re1_ss,disk,user,stationary_counterfactual_ar_uncertainty,180,180,432,21,909.1297297346961,127.58270207825949,444.55965064823926,0.8095238095238095,user,0,0.0
re1_ss__user_disk__4,re1_ss,disk,user,stationary_ar,180,180,432,21,549.6895150062311,23.243660876932193,204.3613699164889,0.7619047619047619,10-192-15-197-9100,0,0.0
re1_ss__user_disk__4,re1_ss,disk,user,stationary_counterfactual_ar,180,180,432,21,705.8226978304696,187.28373797510315,553.5268426066947,0.8571428571428571,10-192-15-197-9100,0,0.0
re1_ss__user_disk__4,re1_ss,disk,user,stationary_counterfactual_ar_uncertainty,180,180,432,21,617.7252142148135,103.71241860602322,349.5265818127038,0.9047619047619048,10-192-15-197-9100,0,0.0
re1_ss__user_disk__5,re1_ss,disk,user,stationary_ar,180,180,432,21,519.062545743266,21.163228837990214,482.9762085099222,0.7619047619047619,queue-master,0,0.0
re1_ss__user_disk__5,re1_ss,disk,user,stationary_counterfactual_ar,180,180,432,21,572.1134838850837,205.68114615480545,519.0625457550557,0.9047619047619048,user-db,0,0.0
re1_ss__user_disk__5,re1_ss,disk,user,stationary_counterfactual_ar_uncertainty,180,180,432,21,519.0625457550557,113.81463401815677,400.8183846348311,0.7619047619047619,queue-master,0,0.0
re1_ss__user_loss__1,re1_ss,loss,user,stationary_ar,180,180,438,23,3576.2760399534836,29.1738690763286,302.78072917648166,0.6521739130434783,session-db,0,0.0
re1_ss__user_loss__1,re1_ss,loss,user,stationary_counterfactual_ar,180,180,438,23,3576.2760399534836,192.8549731786678,566.4620710777531,0.9130434782608695,session-db,0,0.0
re1_ss__user_loss__1,re1_ss,loss,user,stationary_counterfactual_ar_uncertainty,180,180,438,23,3576.2760399534836,72.41619678749764,314.2381861787366,0.9130434782608695,session-db,0,0.0
re1_ss__user_loss__2,re1_ss,loss,user,stationary_ar,180,180,436,23,3240.7588800659155,39.02536985471497,344.63335358748304,0.7391304347826086,session-db,0,0.0
re1_ss__user_loss__2,re1_ss,loss,user,stationary_counterfactual_ar,180,180,436,23,3240.7588800659155,302.978611892095,534.9267212449993,0.9565217391304348,session-db,0,0.0
re1_ss__user_loss__2,re1_ss,loss,user,stationary_counterfactual_ar_uncertainty,180,180,436,23,3240.7588800659155,148.08173983020464,286.4054003489939,0.8260869565217391,session-db,0,0.0
re1_ss__user_loss__3,re1_ss,loss,user,stationary_ar,180,180,437,23,1998.2428959538702,108.59288026395001,606.7157250975125,0.6956521739130435,192-168-26-82-9100,0,0.0
re1_ss__user_loss__3,re1_ss,loss,user,stationary_counterfactual_ar,180,180,437,23,2072.740479284829,373.0532135014434,634.1547955331511,0.9130434782608695,192-168-26-82-9100,0,0.0
re1_ss__user_loss__3,re1_ss,loss,user,stationary_counterfactual_ar_uncertainty,180,180,437,23,2020.9288464303547,235.55897941918485,596.9365446314057,0.9130434782608695,192-168-26-82-9100,0,0.0
re1_ss__user_loss__4,re1_ss,loss,user,stationary_ar,180,180,438,23,3242.077320473869,26.786380828262605,311.7641802319377,0.6521739130434783,session-db,0,0.0
re1_ss__user_loss__4,re1_ss,loss,user,stationary_counterfactual_ar,180,180,438,23,3242.077320473869,251.37844868926786,573.5410500709228,0.8695652173913043,session-db,0,0.0
re1_ss__user_loss__4,re1_ss,loss,user,stationary_counterfactual_ar_uncertainty,180,180,438,23,3242.077320473869,169.24400742751436,372.7719806211542,0.8695652173913043,session-db,0,0.0
re1_ss__user_loss__5,re1_ss,loss,user,stationary_ar,180,180,438,23,468.33520594763166,10.752105107345736,158.12064731136786,0.6086956521739131,192-168-61-95-9100,0,0.0
re1_ss__user_loss__5,re1_ss,loss,user,stationary_counterfactual_ar,180,180,438,23,624.0048442534539,190.40582808228976,519.7829743919528,0.8695652173913043,carts-db,0,0.0
re1_ss__user_loss__5,re1_ss,loss,user,stationary_counterfactual_ar_uncertainty,180,180,438,23,420.12497087009797,55.97153644044272,345.8885373227465,0.8695652173913043,192-168-61-95-9100,0,0.0
re1_ss__user_mem__1,re1_ss,mem,user,stationary_ar,180,180,438,23,3258.9100593612075,102.93246717190873,587.7281694823836,0.7391304347826086,session-db,0,0.0
re1_ss__user_mem__1,re1_ss,mem,user,stationary_counterfactual_ar,180,180,438,23,3258.9100593612075,379.2485901732293,585.4554021982074,0.9130434782608695,session-db,0,0.0
re1_ss__user_mem__1,re1_ss,mem,user,stationary_counterfactual_ar_uncertainty,180,180,438,23,3258.9100593612075,253.84591671093713,528.5111141586096,0.9130434782608695,session-db,0,0.0
re1_ss__user_mem__2,re1_ss,mem,user,stationary_ar,180,180,438,23,643.0573875108402,27.07825031414315,523.2290182384635,0.6086956521739131,session-db,0,0.0
re1_ss__user_mem__2,re1_ss,mem,user,stationary_counterfactual_ar,180,180,438,23,593.0389488944253,249.4608994989786,564.9730239258217,0.8695652173913043,carts-db,0,0.0
re1_ss__user_mem__2,re1_ss,mem,user,stationary_counterfactual_ar_uncertainty,180,180,438,23,488.3032216350277,192.64102678653555,375.1594476361518,0.8260869565217391,user,0,0.0
re1_ss__user_mem__3,re1_ss,mem,user,stationary_ar,180,180,437,23,3254.6653547761066,101.43971781360271,385.32931844501644,0.8260869565217391,session-db,0,0.0
re1_ss__user_mem__3,re1_ss,mem,user,stationary_counterfactual_ar,180,180,437,23,3254.6653547761066,420.1131962080288,538.7114275724892,0.9130434782608695,session-db,0,0.0
re1_ss__user_mem__3,re1_ss,mem,user,stationary_counterfactual_ar_uncertainty,180,180,437,23,3254.6653547761066,253.26769048196215,393.6211555073364,0.9565217391304348,session-db,0,0.0
re1_ss__user_mem__4,re1_ss,mem,user,stationary_ar,180,180,437,23,1932.8419280557537,85.10160706311126,579.104350027862,0.782608695652174,192-168-95-91-9100,0,0.0
re1_ss__user_mem__4,re1_ss,mem,user,stationary_counterfactual_ar,180,180,437,23,1990.7192765706689,353.7237589098474,878.4516477015255,0.9565217391304348,192-168-95-91-9100,0,0.0
re1_ss__user_mem__4,re1_ss,mem,user,stationary_counterfactual_ar_uncertainty,180,180,437,23,1966.0845876220983,291.6352910592458,661.7633080218898,0.9130434782608695,192-168-95-91-9100,0,0.0
re1_ss__user_mem__5,re1_ss,mem,user,stationary_ar,180,180,438,23,2108.062122826939,295.8189089501534,1016.3218190414037,0.8260869565217391,192-168-33-0-9100,0,0.0
re1_ss__user_mem__5,re1_ss,mem,user,stationary_counterfactual_ar,180,180,438,23,2241.970924010093,548.3280194240933,1409.4069499086627,0.9565217391304348,192-168-33-0-9100,0,0.0
re1_ss__user_mem__5,re1_ss,mem,user,stationary_counterfactual_ar_uncertainty,180,180,438,23,2165.698083108435,404.7485691851504,1219.367930089932,0.9565217391304348,192-168-33-0-9100,0,0.0
re1_tt__ts-auth-service_cpu__1,re1_tt,cpu,ts-auth-service,stationary_ar,240,240,1241,70,2040.8023304196804,214.96495347994616,861.2837555188445,0.8714285714285714,ts-travel2-mongo,0,0.0
re1_tt__ts-auth-service_cpu__1,re1_tt,cpu,ts-auth-service,stationary_counterfactual_ar,240,240,1241,70,2348.9292730019574,487.1379595328792,1039.8580080545216,1.0,ts-travel2-mongo,0,0.0
re1_tt__ts-auth-service_cpu__1,re1_tt,cpu,ts-auth-service,stationary_counterfactual_ar_uncertainty,240,240,1241,70,2197.962541072934,268.98113595390885,974.4351010349739,0.9714285714285714,ts-travel2-mongo,0,0.0
re1_tt__ts-auth-service_cpu__2,re1_tt,cpu,ts-auth-service,stationary_ar,240,240,1239,70,1853.019018985984,202.63813741329784,747.4050520229945,0.8857142857142857,ts-auth-mongo,0,0.0
re1_tt__ts-auth-service_cpu__2,re1_tt,cpu,ts-auth-service,stationary_counterfactual_ar,240,240,1239,70,2078.1895400230333,496.1344209453618,1086.1652551655277,0.9857142857142858,ts-auth-mongo,0,0.0
re1_tt__ts-auth-service_cpu__2,re1_tt,cpu,ts-auth-service,stationary_counterfactual_ar_uncertainty,240,240,1239,70,1927.0361360979969,303.40327544308457,799.933451299437,0.9571428571428572,ts-auth-mongo,0,0.0
re1_tt__ts-auth-service_cpu__3,re1_tt,cpu,ts-auth-service,stationary_ar,240,240,1232,70,1911.5427969087762,84.52911920865087,645.4310534265986,0.9,ts-payment-service,0,0.0
re1_tt__ts-auth-service_cpu__3,re1_tt,cpu,ts-auth-service,stationary_counterfactual_ar,240,240,1232,70,1939.8029277652204,448.8559175223061,863.6843506902205,0.9857142857142858,ts-config-mongo,0,0.0
re1_tt__ts-auth-service_cpu__3,re1_tt,cpu,ts-auth-service,stationary_counterfactual_ar_uncertainty,240,240,1232,70,1911.5427973184421,222.29259180628378,626.0894463529987,0.9857142857142858,ts-payment-service,0,0.0
re1_tt__ts-auth-service_cpu__4,re1_tt,cpu,ts-auth-service,stationary_ar,240,240,1179,70,1676.7340291890116,18.79229170395206,681.3257870291131,0.7428571428571429,ts-payment-mongo,0,0.0
re1_tt__ts-auth-service_cpu__4,re1_tt,cpu,ts-auth-service,stationary_counterfactual_ar,240,240,1179,70,2069.3034419130913,326.9624902083941,663.6883699025333,0.9714285714285714,ts-payment-mongo,0,0.0
re1_tt__ts-auth-service_cpu__4,re1_tt,cpu,ts-auth-service,stationary_counterfactual_ar_uncertainty,240,240,1179,70,1870.760638189139,106.6539433409932,419.4548472782595,0.9571428571428572,ts-payment-mongo,0,0.0
re1_tt__ts-auth-service_cpu__5,re1_tt,cpu,ts-auth-service,stationary_ar,240,240,1182,70,1661.079666365069,23.73567436401496,402.54323797856307,0.7142857142857143,ts-consign-mongo,0,0.0
re1_tt__ts-auth-service_cpu__5,re1_tt,cpu,ts-auth-service,stationary_counterfactual_ar,240,240,1182,70,2016.5663420712947,327.4656159176841,722.6792414503617,1.0,ts-consign-mongo,0,0.0
re1_tt__ts-auth-service_cpu__5,re1_tt,cpu,ts-auth-service,stationary_counterfactual_ar_uncertainty,240,240,1182,70,1866.9017431015382,132.72287069057342,413.3428969852024,0.9714285714285714,ts-consign-mongo,0,0.0
re1_tt__ts-auth-service_delay__1,re1_tt,delay,ts-auth-service,stationary_ar,240,240,1241,70,1828.5212179299178,122.85568054660219,927.6174093704495,0.9142857142857143,ts-preserve-service,0,0.0
re1_tt__ts-auth-service_delay__1,re1_tt,delay,ts-auth-service,stationary_counterfactual_ar,240,240,1241,70,1828.537721081073,503.66017678821834,1071.0453038777734,0.9857142857142858,ts-preserve-service,0,0.0
re1_tt__ts-auth-service_delay__1,re1_tt,delay,ts-auth-service,stationary_counterfactual_ar_uncertainty,240,240,1241,70,1828.5377208812467,255.48135770793675,997.4796066501345,0.9857142857142858,ts-preserve-service,0,0.0
re1_tt__ts-auth-service_delay__2,re1_tt,delay,ts-auth-service,stationary_ar,240,240,1233,70,2505.750963459847,265.9998042028833,782.4416728094264,0.8571428571428571,192-168-45-158-9100,0,0.0
re1_tt__ts-auth-service_delay__2,re1_tt,delay,ts-auth-service,stationary_counterfactual_ar,240,240,1233,70,2745.030210355828,477.1831909105015,985.1084144068694,1.0,192-168-45-158-9100,0,0.0
re1_tt__ts-auth-service_delay__2,re1_tt,delay,ts-auth-service,stationary_counterfactual_ar_uncertainty,240,240,1233,70,2588.674362297215,292.5995497895807,774.5657054269645,0.9857142857142858,192-168-45-158-9100,0,0.0
re1_tt__ts-auth-service_delay__3,re1_tt,delay,ts-auth-service,stationary_ar,240,240,1232,70,1216.955368376533,81.41477752621854,396.70404297604534,0.8285714285714286,ts-admin-order-service,0,0.0
re1_tt__ts-auth-service_delay__3,re1_tt,delay,ts-auth-service,stationary_counterfactual_ar,240,240,1232,70,1462.6574169550895,358.687601346997,740.5879017684643,0.9857142857142858,ts-order-other-mongo,0,0.0
re1_tt__ts-auth-service_delay__3,re1_tt,delay,ts-auth-service,stationary_counterfactual_ar_uncertainty,240,240,1232,70,1301.3834980812223,146.2770835822319,505.68556423328897,1.0,ts-order-other-mongo,0,0.0
re1_tt__ts-auth-service_delay__4,re1_tt,delay,ts-auth-service,stationary_ar,240,240,1180,70,1593.8566241455974,23.28365540344614,509.1845847669957,0.7285714285714285,ts-auth-mongo,0,0.0
re1_tt__ts-auth-service_delay__4,re1_tt,delay,ts-auth-service,stationary_counterfactual_ar,240,240,1180,70,1960.2683900848972,243.98420354808985,708.7931020648715,0.9857142857142858,ts-auth-mongo,0,0.0
re1_tt__ts-auth-service_delay__4,re1_tt,delay,ts-auth-service,stationary_counterfactual_ar_uncertainty,240,240,1180,70,1760.2925451535757,102.09878625137434,443.2528011648949,0.9428571428571428,ts-auth-mongo,0,0.0
re1_tt__ts-auth-service_delay__5,re1_tt,delay,ts-auth-service,stationary_ar,240,240,1182,70,2555.0795397874767,29.3091318382971,422.32520482335116,0.7,192-168-45-158-9100,0,0.0
re1_tt__ts-auth-service_delay__5,re1_tt,delay,ts-auth-service,stationary_counterfactual_ar,240,240,1182,70,2698.6224250302002,266.98207579195963,661.2989123278018,0.9571428571428572,192-168-45-158-9100,0,0.0
re1_tt__ts-auth-service_delay__5,re1_tt,delay,ts-auth-service,stationary_counterfactual_ar_uncertainty,240,240,1182,70,2593.021025881066,69.14756595184113,461.66867203700696,0.9428571428571428,192-168-45-158-9100,0,0.0
re1_tt__ts-auth-service_disk__1,re1_tt,disk,ts-auth-service,stationary_ar,180,180,1435,72,951.4375810812138,50.93152531033067,264.73091814587684,0.8472222222222222,ts-assurance-mongo,0,0.0
re1_tt__ts-auth-service_disk__1,re1_tt,disk,ts-auth-service,stationary_counterfactual_ar,180,180,1435,72,1268.2611196755504,230.2188604048398,439.2111708319949,0.9861111111111112,ts-assurance-mongo,0,0.0
re1_tt__ts-auth-service_disk__1,re1_tt,disk,ts-auth-service,stationary_counterfactual_ar_uncertainty,180,180,1435,72,1111.9031567907816,106.90074695360067,274.5566709387874,0.9583333333333334,ts-assurance-mongo,0,0.0
re1_tt__ts-auth-service_disk__2,re1_tt,disk,ts-auth-service,stationary_ar,180,180,1435,72,544.1627796861854,33.01823510804175,267.8330557543386,0.875,ts-payment-service,0,0.0
re1_tt__ts-auth-service_disk__2,re1_tt,disk,ts-auth-service,stationary_counterfactual_ar,180,180,1435,72,624.4376279154948,271.6272041692187,490.8000214254936,1.0,ts-travel2-mongo,0,0.0
re1_tt__ts-auth-service_disk__2,re1_tt,disk,ts-auth-service,stationary_counterfactual_ar_uncertainty,180,180,1435,72,544.5326408923796,119.74751312508135,286.2920280872784,0.9861111111111112,ts-consign-service,0,0.0
re1_tt__ts-auth-service_disk__3,re1_tt,disk,ts-auth-service,stationary_ar,180,180,1435,72,1999.2224871494352,56.24356371605657,260.64658780045903,0.9861111111111112,10-192-15-222-9100,0,0.0
re1_tt__ts-auth-service_disk__3,re1_tt,disk,ts-auth-service,stationary_counterfactual_ar,180,180,1435,72,1987.607786291834,270.90951337566196,507.0887445223345,1.0,10-192-15-222-9100,0,0.0
re1_tt__ts-auth-service_disk__3,re1_tt,disk,ts-auth-service,stationary_counterfactual_ar_uncertainty,180,180,1435,72,1989.6345062255957,151.7832551110692,277.2840304414733,1.0,10-192-15-222-9100,0,0.0
re1_tt__ts-auth-service_disk__4,re1_tt,disk,ts-auth-service,stationary_ar,180,180,1435,72,779.7278960222507,40.91018673681238,371.733139046694,0.8333333333333334,ts-consign-mongo,0,0.0
re1_tt__ts-auth-service_disk__4,re1_tt,disk,ts-auth-service,stationary_counterfactual_ar,180,180,1435,72,985.2471995238247,248.5211170008386,520.3602626198808,1.0,ts-consign-mongo,0,0.0
re1_tt__ts-auth-service_disk__4,re1_tt,disk,ts-auth-service,stationary_counterfactual_ar_uncertainty,180,180,1435,72,861.2684622558867,125.14918876015915,304.1859810105697,0.9861111111111112,ts-consign-mongo,0,0.0
re1_tt__ts-auth-service_disk__5,re1_tt,disk,ts-auth-service,stationary_ar,180,180,1438,72,949.0103243237236,72.78136435242519,394.8101572778469,0.8888888888888888,ts-consign-mongo,0,0.0
re1_tt__ts-auth-service_disk__5,re1_tt,disk,ts-auth-service,stationary_counterfactual_ar,180,180,1438,72,1150.3183007871523,255.35165862372338,583.1678784767544,1.0,ts-consign-mongo,0,0.0
re1_tt__ts-auth-service_disk__5,re1_tt,disk,ts-auth-service,stationary_counterfactual_ar_uncertainty,180,180,1438,72,1015.0614301849841,141.10938741276374,391.0484568364468,0.9861111111111112,ts-consign-mongo,0,0.0
re1_tt__ts-auth-service_loss__1,re1_tt,loss,ts-auth-service,stationary_ar,240,240,1250,70,1602.8795025636348,117.84726237186254,649.5307062057703,0.8142857142857143,ts-assurance-mongo,0,0.0
re1_tt__ts-auth-service_loss__1,re1_tt,loss,ts-auth-service,stationary_counterfactual_ar,240,240,1250,70,1787.2561762615696,396.0666256448411,975.6298258764718,0.9857142857142858,ts-assurance-mongo,0,0.0
re1_tt__ts-auth-service_loss__1,re1_tt,loss,ts-auth-service,stationary_counterfactual_ar_uncertainty,240,240,1250,70,1705.3697045803553,170.4821491984605,709.6804514549575,0.9571428571428572,ts-assurance-mongo,0,0.0
re1_tt__ts-auth-service_loss__2,re1_tt,loss,ts-auth-service,stationary_ar,240,240,1237,70,1192.1909738328252,138.53336073122034,693.3032556305191,0.7857142857142857,ts-ticket-office-mongo,0,0.0
re1_tt__ts-auth-service_loss__2,re1_tt,loss,ts-auth-service,stationary_counterfactual_ar,240,240,1237,70,1575.9695024783052,473.24852122531183,848.3155263107128,0.9857142857142858,ts-ticket-office-mongo,0,0.0
re1_tt__ts-auth-service_loss__2,re1_tt,loss,ts-auth-service,stationary_counterfactual_ar_uncertainty,240,240,1237,70,1331.1021339799029,268.1232735133285,600.7760732338795,0.9571428571428572,ts-ticket-office-mongo,0,0.0
re1_tt__ts-auth-service_loss__3,re1_tt,loss,ts-auth-service,stationary_ar,240,240,1230,70,1813.1636600380752,183.22355223017632,817.3242743928326,0.8,ts-news-service,0,0.0
re1_tt__ts-auth-service_loss__3,re1_tt,loss,ts-auth-service,stationary_counterfactual_ar,240,240,1230,70,1795.2264517779379,482.64220268868553,945.1176362387204,0.9857142857142858,ts-news-service,0,0.0
re1_tt__ts-auth-service_loss__3,re1_tt,loss,ts-auth-service,stationary_counterfactual_ar_uncertainty,240,240,1230,70,1658.1693381230968,261.16776189859445,857.9923523880718,0.9857142857142858,ts-news-service,0,0.0
re1_tt__ts-auth-service_loss__4,re1_tt,loss,ts-auth-service,stationary_ar,240,240,1180,70,1786.2651831236547,148.67659313467522,706.2159802302374,0.8571428571428571,ts-contacts-mongo,0,0.0
re1_tt__ts-auth-service_loss__4,re1_tt,loss,ts-auth-service,stationary_counterfactual_ar,240,240,1180,70,1769.9487890036296,398.80038644252136,936.352553676174,1.0,ts-contacts-mongo,0,0.0
re1_tt__ts-auth-service_loss__4,re1_tt,loss,ts-auth-service,stationary_counterfactual_ar_uncertainty,240,240,1180,70,1676.9035493228819,236.38830726786853,715.4407847796615,0.9714285714285714,ts-contacts-mongo,0,0.0
re1_tt__ts-auth-service_loss__5,re1_tt,loss,ts-auth-service,stationary_ar,240,240,1179,70,1760.6846722706139,202.426672078727,1336.5177859079533,0.7285714285714285,ts-security-mongo,0,0.0
re1_tt__ts-auth-service_loss__5,re1_tt,loss,ts-auth-service,stationary_counterfactual_ar,240,240,1179,70,2417.680086401152,456.45544033619115,1466.8086644019593,0.9714285714285714,ts-payment-mongo,0,0.0
re1_tt__ts-auth-service_loss__5,re1_tt,loss,ts-auth-service,stationary_counterfactual_ar_uncertainty,240,240,1179,70,1982.0437746888554,246.0682931040161,1338.2663207693192,0.9714285714285714,ts-payment-mongo,0,0.0
re1_tt__ts-auth-service_mem__1,re1_tt,mem,ts-auth-service,stationary_ar,240,240,1247,70,912.6434036577638,86.54048616713405,368.7147238347043,0.8142857142857143,192-168-51-251-9100,0,0.0
re1_tt__ts-auth-service_mem__1,re1_tt,mem,ts-auth-service,stationary_counterfactual_ar,240,240,1247,70,1104.418150052814,359.295449075782,659.0538171268479,0.9714285714285714,ts-inside-payment-mongo,0,0.0
re1_tt__ts-auth-service_mem__1,re1_tt,mem,ts-auth-service,stationary_counterfactual_ar_uncertainty,240,240,1247,70,879.7598952876784,144.19921360762964,354.6286090050768,0.9571428571428572,ts-user-service,0,0.0
re1_tt__ts-auth-service_mem__2,re1_tt,mem,ts-auth-service,stationary_ar,240,240,1186,70,2494.9924173092672,128.23509611058492,848.3141560214085,0.9,192-168-76-138-9100,0,0.0
re1_tt__ts-auth-service_mem__2,re1_tt,mem,ts-auth-service,stationary_counterfactual_ar,240,240,1186,70,2689.0724218253663,353.6153341248123,961.3446280241781,1.0,192-168-76-138-9100,0,0.0
re1_tt__ts-auth-service_mem__2,re1_tt,mem,ts-auth-service,stationary_counterfactual_ar_uncertainty,240,240,1186,70,2526.933293156928,231.88297196411898,864.5316274224356,0.9857142857142858,192-168-76-138-9100,0,0.0
re1_tt__ts-auth-service_mem__3,re1_tt,mem,ts-auth-service,stationary_ar,240,240,1237,70,1528.8858792386927,109.21923810729297,749.3047986497492,0.8285714285714286,ts-auth-mongo,0,0.0
re1_tt__ts-auth-service_mem__3,re1_tt,mem,ts-auth-service,stationary_counterfactual_ar,240,240,1237,70,1885.0706169703228,337.5000026378568,797.5456785907863,0.9857142857142858,ts-auth-mongo,0,0.0
re1_tt__ts-auth-service_mem__3,re1_tt,mem,ts-auth-service,stationary_counterfactual_ar_uncertainty,240,240,1237,70,1685.3925158266848,165.92948707495927,543.8836827248278,0.9714285714285714,ts-auth-mongo,0,0.0
re1_tt__ts-auth-service_mem__4,re1_tt,mem,ts-auth-service,stationary_ar,240,240,1194,70,1269.3872212911322,44.84476603066702,457.78279726871915,0.7285714285714285,ts-ticket-office-service,0,0.0
re1_tt__ts-auth-service_mem__4,re1_tt,mem,ts-auth-service,stationary_counterfactual_ar,240,240,1194,70,1146.1046840248898,327.02013514217356,705.4944880951404,1.0,ts-ticket-office-service,0,0.0
re1_tt__ts-auth-service_mem__4,re1_tt,mem,ts-auth-service,stationary_counterfactual_ar_uncertainty,240,240,1194,70,1022.2842704609421,130.29938561246718,524.1755278957986,0.9857142857142858,ts-ticket-office-service,0,0.0
re1_tt__ts-auth-service_mem__5,re1_tt,mem,ts-auth-service,stationary_ar,240,240,1189,70,1719.9722346681076,24.944052084029607,642.1065085668373,0.7,ts-news-service,0,0.0
re1_tt__ts-auth-service_mem__5,re1_tt,mem,ts-auth-service,stationary_counterfactual_ar,240,240,1189,70,2008.5790011411536,325.23791091862154,715.2007384702616,0.9714285714285714,ts-news-service,0,0.0
re1_tt__ts-auth-service_mem__5,re1_tt,mem,ts-auth-service,stationary_counterfactual_ar_uncertainty,240,240,1189,70,1908.4361430818856,97.47619214642015,486.50005389486245,0.9571428571428572,ts-news-service,0,0.0
re1_tt__ts-order-service_cpu__1,re1_tt,cpu,ts-order-service,stationary_ar,240,240,1240,70,2629.0949192242165,251.36921528222052,825.555618643982,0.8714285714285714,192-168-93-129-9100,0,0.0
re1_tt__ts-order-service_cpu__1,re1_tt,cpu,ts-order-service,stationary_counterfactual_ar,240,240,1240,70,2746.7090052049875,643.3466494957099,1192.4010109359845,0.9857142857142858,192-168-45-158-9100,0,0.0
re1_tt__ts-order-service_cpu__1,re1_tt,cpu,ts-order-service,stationary_counterfactual_ar_uncertainty,240,240,1240,70,2647.190148089715,334.19666585163844,967.6370370209215,0.9714285714285714,192-168-45-158-9100,0,0.0
re1_tt__ts-order-service_cpu__2,re1_tt,cpu,ts-order-service,stationary_ar,240,240,1230,70,1746.785949757508,125.10633893611497,429.01083809807216,0.8285714285714286,ts-route-mongo,0,0.0
re1_tt__ts-order-service_cpu__2,re1_tt,cpu,ts-order-service,stationary_counterfactual_ar,240,240,1230,70,2007.7955993899177,401.30186210586214,789.5406718387475,0.9857142857142858,ts-route-mongo,0,0.0
re1_tt__ts-order-service_cpu__2,re1_tt,cpu,ts-order-service,stationary_counterfactual_ar_uncertainty,240,240,1230,70,1857.9694040476368,193.38583702984576,560.2835487039376,0.9857142857142858,ts-route-mongo,0,0.0
re1_tt__ts-order-service_cpu__3,re1_tt,cpu,ts-order-service,stationary_ar,240,240,1180,70,1519.6587123047666,90.10363389485609,778.3236502862314,0.7571428571428571,ts-price-mongo,0,0.0
re1_tt__ts-order-service_cpu__3,re1_tt,cpu,ts-order-service,stationary_counterfactual_ar,240,240,1180,70,1758.2775574430405,424.38495733366256,956.5182413780715,0.9714285714285714,ts-security-mongo,0,0.0
re1_tt__ts-order-service_cpu__3,re1_tt,cpu,ts-order-service,stationary_counterfactual_ar_uncertainty,240,240,1180,70,1531.1364819795738,222.6989777346646,734.158825533455,0.9857142857142858,ts-security-mongo,0,0.0
re1_tt__ts-order-service_cpu__4,re1_tt,cpu,ts-order-service,stationary_ar,240,240,1179,70,2566.1940059627595,37.16272819533986,843.2277153907261,0.6714285714285714,192-168-93-129-9100,0,0.0
re1_tt__ts-order-service_cpu__4,re1_tt,cpu,ts-order-service,stationary_counterfactual_ar,240,240,1179,70,2673.84687417904,389.60233653363906,811.887871788965,0.9857142857142858,192-168-93-129-9100,0,0.0
re1_tt__ts-order-service_cpu__4,re1_tt,cpu,ts-order-service,stationary_counterfactual_ar_uncertainty,240,240,1179,70,2604.919595270227,137.46904624671993,516.8471958588466,0.9571428571428572,192-168-93-129-9100,0,0.0
re1_tt__ts-order-service_cpu__5,re1_tt,cpu,ts-order-service,stationary_ar,240,240,1180,70,2497.039231521488,42.08000578191002,891.3296418130009,0.7428571428571429,192-168-45-158-9100,0,0.0
re1_tt__ts-order-service_cpu__5,re1_tt,cpu,ts-order-service,stationary_counterfactual_ar,240,240,1180,70,2620.7762125272925,417.5180311814381,1521.4062036516289,1.0,192-168-45-158-9100,0,0.0
re1_tt__ts-order-service_cpu__5,re1_tt,cpu,ts-order-service,stationary_counterfactual_ar_uncertainty,240,240,1180,70,2517.148412167431,170.23325114754,1245.030549094513,0.9857142857142858,192-168-45-158-9100,0,0.0
re1_tt__ts-order-service_delay__1,re1_tt,delay,ts-order-service,stationary_ar,240,240,1240,70,1282.8882399807596,250.668944233313,738.5436672923584,0.9571428571428572,ts-auth-mongo,0,0.0
re1_tt__ts-order-service_delay__1,re1_tt,delay,ts-order-service,stationary_counterfactual_ar,240,240,1240,70,1626.7236724412012,453.5050269508682,789.6318753591177,1.0,ts-auth-mongo,0,0.0
re1_tt__ts-order-service_delay__1,re1_tt,delay,ts-order-service,stationary_counterfactual_ar_uncertainty,240,240,1240,70,1454.2553463208587,242.49302938507225,670.7668720782443,1.0,ts-auth-mongo,0,0.0
re1_tt__ts-order-service_delay__2,re1_tt,delay,ts-order-service,stationary_ar,240,240,1230,70,1373.8066047938046,127.50761477075756,652.912476820466,0.7571428571428571,ts-train-mongo,0,0.0
re1_tt__ts-order-service_delay__2,re1_tt,delay,ts-order-service,stationary_counterfactual_ar,240,240,1230,70,1663.463310393983,375.94240212659497,871.4956975890914,0.9714285714285714,ts-train-mongo,0,0.0
re1_tt__ts-order-service_delay__2,re1_tt,delay,ts-order-service,stationary_counterfactual_ar_uncertainty,240,240,1230,70,1465.1503896774718,173.74049083128796,688.7513862983706,0.9428571428571428,ts-train-mongo,0,0.0
re1_tt__ts-order-service_delay__3,re1_tt,delay,ts-order-service,stationary_ar,240,240,1180,70,1275.3425616554891,45.60199741879986,339.37888559098235,0.7428571428571429,ts-preserve-other-service,0,0.0
re1_tt__ts-order-service_delay__3,re1_tt,delay,ts-order-service,stationary_counterfactual_ar,240,240,1180,70,1523.094959640446,311.22942365590166,719.4940951657169,1.0,ts-food-map-mongo,0,0.0
re1_tt__ts-order-service_delay__3,re1_tt,delay,ts-order-service,stationary_counterfactual_ar_uncertainty,240,240,1180,70,1327.631120955398,141.88800890798444,390.9016146238281,0.9857142857142858,ts-preserve-other-service,0,0.0
re1_tt__ts-order-service_delay__4,re1_tt,delay,ts-order-service,stationary_ar,240,240,1179,70,1583.2397299217457,26.711573678392295,356.2710655739808,0.8,ts-price-mongo,0,0.0
re1_tt__ts-order-service_delay__4,re1_tt,delay,ts-order-service,stationary_counterfactual_ar,240,240,1179,70,2026.757834165437,281.0329264969648,634.3613121104016,1.0,ts-price-mongo,0,0.0
re1_tt__ts-order-service_delay__4,re1_tt,delay,ts-order-service,stationary_counterfactual_ar_uncertainty,240,240,1179,70,1866.081875741413,131.19915917596575,437.4262980729089,0.9714285714285714,ts-price-mongo,0,0.0
re1_tt__ts-order-service_delay__5,re1_tt,delay,ts-order-service,stationary_ar,240,240,1180,70,1599.2995561797761,54.4142998456615,889.9255286581612,0.8,ts-station-mongo,0,0.0
re1_tt__ts-order-service_delay__5,re1_tt,delay,ts-order-service,stationary_counterfactual_ar,240,240,1180,70,1749.1067425003469,416.8742926981382,977.8172924841159,0.9857142857142858,ts-auth-mongo,0,0.0
re1_tt__ts-order-service_delay__5,re1_tt,delay,ts-order-service,stationary_counterfactual_ar_uncertainty,240,240,1180,70,1624.294475732836,179.53110596382686,904.2259212481326,0.9571428571428572,ts-station-mongo,0,0.0
re1_tt__ts-order-service_disk__1,re1_tt,disk,ts-order-service,stationary_ar,180,180,1439,72,1652.8324223661177,47.15395092368724,261.53472907464146,0.8611111111111112,ts-preserve-other-service,0,0.0
re1_tt__ts-order-service_disk__1,re1_tt,disk,ts-order-service,stationary_counterfactual_ar,180,180,1439,72,1652.8447328447182,259.2311133657695,645.3717674011341,1.0,ts-preserve-other-service,0,0.0
re1_tt__ts-order-service_disk__1,re1_tt,disk,ts-order-service,stationary_counterfactual_ar_uncertainty,180,180,1439,72,1652.84473269548,114.37716137656147,446.32888690127197,0.9583333333333334,ts-preserve-other-service,0,0.0
re1_tt__ts-order-service_disk__2,re1_tt,disk,ts-order-service,stationary_ar,180,180,1440,72,1974.181146568424,54.57725662695941,264.398624005413,0.875,10-192-15-224-9100,0,0.0
re1_tt__ts-order-service_disk__2,re1_tt,disk,ts-order-service,stationary_counterfactual_ar,180,180,1440,72,1996.017601114494,222.5322477189033,483.4794602432039,0.9861111111111112,10-192-15-224-9100,0,0.0
re1_tt__ts-order-service_disk__2,re1_tt,disk,ts-order-service,stationary_counterfactual_ar_uncertainty,180,180,1440,72,1958.486267655095,123.31473083312186,283.75523561345136,0.9861111111111112,10-192-15-224-9100,0,0.0
re1_tt__ts-order-service_disk__3,re1_tt,disk,ts-order-service,stationary_ar,180,180,1443,72,983.4362330006296,35.2021048197135,371.0030688596164,0.8194444444444444,ts-security-mongo,0,0.0
re1_tt__ts-order-service_disk__3,re1_tt,disk,ts-order-service,stationary_counterfactual_ar,180,180,1443,72,1130.0067661366327,237.19051965045162,557.0102555116612,0.9861111111111112,ts-security-mongo,0,0.0
re1_tt__ts-order-service_disk__3,re1_tt,disk,ts-order-service,stationary_counterfactual_ar_uncertainty,180,180,1443,72,998.623164327273,109.35512084957244,403.9817467681135,0.9861111111111112,ts-security-mongo,0,0.0
re1_tt__ts-order-service_disk__4,re1_tt,disk,ts-order-service,stationary_ar,180,180,1443,72,694.7759733315587,44.59773446418208,209.47466025690323,0.8611111111111112,ts-preserve-other-service,0,0.0
re1_tt__ts-order-service_disk__4,re1_tt,disk,ts-order-service,stationary_counterfactual_ar,180,180,1443,72,932.3159262257423,280.60004623085445,461.3212516164057,0.9861111111111112,ts-auth-mongo,0,0.0
re1_tt__ts-order-service_disk__4,re1_tt,disk,ts-order-service,stationary_counterfactual_ar_uncertainty,180,180,1443,72,789.2708375972651,135.1486827664325,291.9253247880631,0.9722222222222222,ts-auth-mongo,0,0.0
re1_tt__ts-order-service_disk__5,re1_tt,disk,ts-order-service,stationary_ar,180,180,1443,72,2118.9767731939423,58.34066211707437,350.5997142005184,0.8888888888888888,10-192-15-222-9100,0,0.0
re1_tt__ts-order-service_disk__5,re1_tt,disk,ts-order-service,stationary_counterfactual_ar,180,180,1443,72,2188.5746498983312,256.6082364361472,562.3074967815849,1.0,10-192-15-222-9100,0,0.0
re1_tt__ts-order-service_disk__5,re1_tt,disk,ts-order-service,stationary_counterfactual_ar_uncertainty,180,180,1443,72,2117.6916457969583,131.51736110613035,350.29490514055544,0.9861111111111112,10-192-15-222-9100,0,0.0
re1_tt__ts-order-service_loss__1,re1_tt,loss,ts-order-service,stationary_ar,240,240,1244,70,1519.1520854781713,106.80765375910059,664.108115036003,0.8857142857142857,ts-travel2-mongo,0,0.0
re1_tt__ts-order-service_loss__1,re1_tt,loss,ts-order-service,stationary_counterfactual_ar,240,240,1244,70,1760.8117586567867,376.09085243569154,788.3855192499925,1.0,ts-travel2-mongo,0,0.0
re1_tt__ts-order-service_loss__1,re1_tt,loss,ts-order-service,stationary_counterfactual_ar_uncertainty,240,240,1244,70,1592.8658879344403,165.03794792902642,524.8414002300218,0.9857142857142858,ts-travel2-mongo,0,0.0
re1_tt__ts-order-service_loss__2,re1_tt,loss,ts-order-service,stationary_ar,240,240,1232,70,1635.6832448257483,225.8585992021944,760.9467867746604,0.7857142857142857,ts-travel-mongo,0,0.0
re1_tt__ts-order-service_loss__2,re1_tt,loss,ts-order-service,stationary_counterfactual_ar,240,240,1232,70,1923.7652011230393,440.0954645816531,1156.0719122018372,0.9857142857142858,ts-travel-mongo,0,0.0
re1_tt__ts-order-service_loss__2,re1_tt,loss,ts-order-service,stationary_counterfactual_ar_uncertainty,240,240,1232,70,1761.698339377086,300.13268177678816,902.0876346061206,0.9857142857142858,ts-order-mongo,0,0.0
re1_tt__ts-order-service_loss__3,re1_tt,loss,ts-order-service,stationary_ar,240,240,1179,70,1798.6462937369026,178.95459240439243,769.7833366889821,0.8714285714285714,ts-security-mongo,0,0.0
re1_tt__ts-order-service_loss__3,re1_tt,loss,ts-order-service,stationary_counterfactual_ar,240,240,1179,70,1774.8858209256243,404.01493529130374,850.9465121541007,1.0,ts-security-mongo,0,0.0
re1_tt__ts-order-service_loss__3,re1_tt,loss,ts-order-service,stationary_counterfactual_ar_uncertainty,240,240,1179,70,1794.2283154184809,259.53189474371067,707.6086881852103,0.9857142857142858,ts-security-mongo,0,0.0
re1_tt__ts-order-service_loss__4,re1_tt,loss,ts-order-service,stationary_ar,240,240,1182,70,1520.7700737314806,187.7309645037583,847.4389521751663,0.9285714285714286,ts-ticket-office-service,0,0.0
re1_tt__ts-order-service_loss__4,re1_tt,loss,ts-order-service,stationary_counterfactual_ar,240,240,1182,70,1748.6641823394082,365.32835703502747,890.6218557666273,0.9857142857142858,ts-ticket-office-service,0,0.0
re1_tt__ts-order-service_loss__4,re1_tt,loss,ts-order-service,stationary_counterfactual_ar_uncertainty,240,240,1182,70,1520.8813420971358,231.6205468092711,725.0723702024854,0.9857142857142858,ts-ticket-office-service,0,0.0
re1_tt__ts-order-service_loss__5,re1_tt,loss,ts-order-service,stationary_ar,240,240,1183,70,2504.257834583829,189.46434394511556,911.2124233685059,0.9571428571428572,192-168-76-138-9100,0,0.0
re1_tt__ts-order-service_loss__5,re1_tt,loss,ts-order-service,stationary_counterfactual_ar,240,240,1183,70,2696.5219497483995,386.8877106593915,1079.3871939727353,1.0,192-168-76-138-9100,0,0.0
re1_tt__ts-order-service_loss__5,re1_tt,loss,ts-order-service,stationary_counterfactual_ar_uncertainty,240,240,1183,70,2599.1633195568315,247.3656433991078,948.0547566330686,1.0,192-168-76-138-9100,0,0.0
re1_tt__ts-order-service_mem__1,re1_tt,mem,ts-order-service,stationary_ar,240,240,1182,70,2591.904158913118,121.88480322244327,764.3325081526655,0.7142857142857143,192-168-51-251-9100,0,0.0
re1_tt__ts-order-service_mem__1,re1_tt,mem,ts-order-service,stationary_counterfactual_ar,240,240,1182,70,2707.2511182162507,375.7118181666808,938.3033877707626,0.9857142857142858,192-168-51-251-9100,0,0.0
re1_tt__ts-order-service_mem__1,re1_tt,mem,ts-order-service,stationary_counterfactual_ar_uncertainty,240,240,1182,70,2631.7006571861784,229.01574061685614,690.2317097295186,0.9571428571428572,192-168-51-251-9100,0,0.0
re1_tt__ts-order-service_mem__2,re1_tt,mem,ts-order-service,stationary_ar,240,240,1182,70,2577.8584559096666,184.101621937403,1208.164631908734,0.8,192-168-76-138-9100,0,0.0
re1_tt__ts-order-service_mem__2,re1_tt,mem,ts-order-service,stationary_counterfactual_ar,240,240,1182,70,2740.575987856968,433.38063481946483,1510.6951450447846,1.0,192-168-29-237-9100,0,0.0
re1_tt__ts-order-service_mem__2,re1_tt,mem,ts-order-service,stationary_counterfactual_ar_uncertainty,240,240,1182,70,2640.3689661828844,290.6569329917618,1309.880363699972,0.9714285714285714,192-168-76-138-9100,0,0.0
re1_tt__ts-order-service_mem__3,re1_tt,mem,ts-order-service,stationary_ar,240,240,1183,70,1894.0502064178079,125.93117413643164,858.3848752021123,0.7285714285714285,ts-station-mongo,0,0.0
re1_tt__ts-order-service_mem__3,re1_tt,mem,ts-order-service,stationary_counterfactual_ar,240,240,1183,70,2066.4428064288754,415.05401220129824,1032.5885014268802,0.9857142857142858,ts-station-mongo,0,0.0
re1_tt__ts-order-service_mem__3,re1_tt,mem,ts-order-service,stationary_counterfactual_ar_uncertainty,240,240,1183,70,1915.2617268378563,216.21681708048573,861.9738437824157,1.0,ts-station-mongo,0,0.0
re1_tt__ts-order-service_mem__4,re1_tt,mem,ts-order-service,stationary_ar,240,240,1181,70,1299.3990818757402,74.22540889645754,666.3945089066734,0.7285714285714285,ts-voucher-service,0,0.0
re1_tt__ts-order-service_mem__4,re1_tt,mem,ts-order-service,stationary_counterfactual_ar,240,240,1181,70,1309.9871945586872,394.0124655474525,706.4154291546577,0.9857142857142858,ts-user-mongo,0,0.0
re1_tt__ts-order-service_mem__4,re1_tt,mem,ts-order-service,stationary_counterfactual_ar_uncertainty,240,240,1181,70,1244.4917785633252,210.79578550138154,521.4345197023212,0.9571428571428572,ts-user-mongo,0,0.0
re1_tt__ts-order-service_mem__5,re1_tt,mem,ts-order-service,stationary_ar,240,240,1182,70,1585.5181802605312,237.4198778957974,685.0503386492878,0.7857142857142857,ts-auth-mongo,0,0.0
re1_tt__ts-order-service_mem__5,re1_tt,mem,ts-order-service,stationary_counterfactual_ar,240,240,1182,70,1828.4390135877068,376.38404345341115,876.5465336596912,1.0,ts-auth-mongo,0,0.0
re1_tt__ts-order-service_mem__5,re1_tt,mem,ts-order-service,stationary_counterfactual_ar_uncertainty,240,240,1182,70,1576.6879160962328,220.0094788560628,621.6856132910837,0.9714285714285714,ts-auth-mongo,0,0.0
re1_tt__ts-route-service_cpu__1,re1_tt,cpu,ts-route-service,stationary_ar,240,240,1241,70,2956.9018162043444,293.07372827496624,1037.9744372604555,0.8428571428571429,192-168-93-129-9100,0,0.0
re1_tt__ts-route-service_cpu__1,re1_tt,cpu,ts-route-service,stationary_counterfactual_ar,240,240,1241,70,3104.0969732255653,628.6585255923321,1421.0992778553664,0.9857142857142858,192-168-93-129-9100,0,0.0
re1_tt__ts-route-service_cpu__1,re1_tt,cpu,ts-route-service,stationary_counterfactual_ar_uncertainty,240,240,1241,70,3055.737327305349,317.5923361753569,1190.4765815938106,0.9571428571428572,192-168-93-129-9100,0,0.0
re1_tt__ts-route-service_cpu__2,re1_tt,cpu,ts-route-service,stationary_ar,240,240,1237,70,2593.7068039530786,117.40931242377042,650.4734803255207,0.9,192-168-45-158-9100,0,0.0
re1_tt__ts-route-service_cpu__2,re1_tt,cpu,ts-route-service,stationary_counterfactual_ar,240,240,1237,70,2696.0398227535266,446.1319736949495,762.4435496254167,0.9857142857142858,192-168-45-158-9100,0,0.0
re1_tt__ts-route-service_cpu__2,re1_tt,cpu,ts-route-service,stationary_counterfactual_ar_uncertainty,240,240,1237,70,2608.8029360287046,228.3743180582824,444.91019534318053,0.9857142857142858,192-168-45-158-9100,0,0.0
re1_tt__ts-route-service_cpu__3,re1_tt,cpu,ts-route-service,stationary_ar,240,240,1230,70,1654.5102834945737,121.75348045384082,838.7433183249972,0.8714285714285714,ts-auth-mongo,0,0.0
re1_tt__ts-route-service_cpu__3,re1_tt,cpu,ts-route-service,stationary_counterfactual_ar,240,240,1230,70,2008.98796960088,421.0192591585893,1083.5360497160157,1.0,ts-auth-mongo,0,0.0
re1_tt__ts-route-service_cpu__3,re1_tt,cpu,ts-route-service,stationary_counterfactual_ar_uncertainty,240,240,1230,70,1858.112366692267,230.64920153974498,817.1769504840032,0.9857142857142858,ts-auth-mongo,0,0.0
re1_tt__ts-route-service_cpu__4,re1_tt,cpu,ts-route-service,stationary_ar,240,240,1180,70,2657.938847111724,60.413706154167656,841.6380092003495,0.8285714285714286,192-168-45-158-9100,0,0.0
re1_tt__ts-route-service_cpu__4,re1_tt,cpu,ts-route-service,stationary_counterfactual_ar,240,240,1180,70,2924.2176943962254,394.3469754195306,1194.7290267641652,0.9857142857142858,192-168-45-158-9100,0,0.0
re1_tt__ts-route-service_cpu__4,re1_tt,cpu,ts-route-service,stationary_counterfactual_ar_uncertainty,240,240,1180,70,2739.1890727467544,171.41515112961758,986.7515804544837,0.9857142857142858,192-168-45-158-9100,0,0.0
re1_tt__ts-route-service_cpu__5,re1_tt,cpu,ts-route-service,stationary_ar,240,240,1179,70,1601.8655857715141,106.88964311395728,860.4822060262509,0.8714285714285714,192-168-29-237-9100,0,0.0
re1_tt__ts-route-service_cpu__5,re1_tt,cpu,ts-route-service,stationary_counterfactual_ar,240,240,1179,70,1668.3251814226603,424.514633245153,1019.7577817523862,0.9857142857142858,ts-order-mongo,0,0.0
re1_tt__ts-route-service_cpu__5,re1_tt,cpu,ts-route-service,stationary_counterfactual_ar_uncertainty,240,240,1179,70,1546.5575909728523,197.0631914558008,910.816590637706,0.9857142857142858,ts-order-mongo,0,0.0
re1_tt__ts-route-service_delay__1,re1_tt,delay,ts-route-service,stationary_ar,240,240,1241,70,1630.8993995100957,146.73404150339957,859.3249866689193,0.8571428571428571,ts-config-mongo,0,0.0
re1_tt__ts-route-service_delay__1,re1_tt,delay,ts-route-service,stationary_counterfactual_ar,240,240,1241,70,2076.2847982433664,422.3089976479389,869.0019746589073,1.0,ts-config-mongo,0,0.0
re1_tt__ts-route-service_delay__1,re1_tt,delay,ts-route-service,stationary_counterfactual_ar_uncertainty,240,240,1241,70,1877.4661025244757,224.3225918496424,628.6435126039569,0.9714285714285714,ts-config-mongo,0,0.0
re1_tt__ts-route-service_delay__2,re1_tt,delay,ts-route-service,stationary_ar,240,240,1237,70,1210.3139888643786,118.59738841334203,640.3982237905217,0.8285714285714286,ts-auth-mongo,0,0.0
re1_tt__ts-route-service_delay__2,re1_tt,delay,ts-route-service,stationary_counterfactual_ar,240,240,1237,70,1694.804498337124,382.2123021545402,766.9980687409061,0.9714285714285714,ts-auth-mongo,0,0.0
re1_tt__ts-route-service_delay__2,re1_tt,delay,ts-route-service,stationary_counterfactual_ar_uncertainty,240,240,1237,70,1471.1073058429872,216.5423539757321,565.4518548975234,0.9714285714285714,ts-auth-mongo,0,0.0
re1_tt__ts-route-service_delay__3,re1_tt,delay,ts-route-service,stationary_ar,240,240,1230,70,2459.521068678199,117.94751009523834,667.9131099350666,0.7714285714285715,192-168-93-129-9100,0,0.0
re1_tt__ts-route-service_delay__3,re1_tt,delay,ts-route-service,stationary_counterfactual_ar,240,240,1230,70,2546.5808783324974,450.0829639257871,846.1601686614797,0.9714285714285714,192-168-93-129-9100,0,0.0
re1_tt__ts-route-service_delay__3,re1_tt,delay,ts-route-service,stationary_counterfactual_ar_uncertainty,240,240,1230,70,2477.8794345609285,231.96848396779205,665.0035528980783,0.9714285714285714,192-168-93-129-9100,0,0.0
re1_tt__ts-route-service_delay__4,re1_tt,delay,ts-route-service,stationary_ar,240,240,1183,70,1331.134894385995,35.97146037927618,670.946933620667,0.7,ts-auth-mongo,0,0.0
re1_tt__ts-route-service_delay__4,re1_tt,delay,ts-route-service,stationary_counterfactual_ar,240,240,1183,70,1762.1358364281284,357.87611362244826,938.2606668034084,1.0,ts-auth-mongo,0,0.0
re1_tt__ts-route-service_delay__4,re1_tt,delay,ts-route-service,stationary_counterfactual_ar_uncertainty,240,240,1183,70,1559.6046158727083,146.94064375084224,747.4811520889524,0.9714285714285714,ts-auth-mongo,0,0.0
re1_tt__ts-route-service_delay__5,re1_tt,delay,ts-route-service,stationary_ar,240,240,1181,70,1238.1240503222673,35.3185083279918,326.4129592919272,0.7,ts-admin-order-service,0,0.0
re1_tt__ts-route-service_delay__5,re1_tt,delay,ts-route-service,stationary_counterfactual_ar,240,240,1181,70,1356.1849792778514,289.5625493785075,637.556453407011,1.0,ts-admin-order-service,0,0.0
re1_tt__ts-route-service_delay__5,re1_tt,delay,ts-route-service,stationary_counterfactual_ar_uncertainty,240,240,1181,70,1256.8150620016258,119.60200554874355,321.83655847489945,0.9857142857142858,ts-admin-order-service,0,0.0
re1_tt__ts-route-service_disk__1,re1_tt,disk,ts-route-service,stationary_ar,180,180,1428,72,2152.656002731273,83.81866710857179,603.0885499404498,0.9027777777777778,10-192-15-224-9100,0,0.0
re1_tt__ts-route-service_disk__1,re1_tt,disk,ts-route-service,stationary_counterfactual_ar,180,180,1428,72,2265.875082832966,323.69637294427025,695.0538656200354,1.0,10-192-15-224-9100,0,0.0
re1_tt__ts-route-service_disk__1,re1_tt,disk,ts-route-service,stationary_counterfactual_ar_uncertainty,180,180,1428,72,2175.9839705350937,165.12181023084625,485.4289297426371,0.9722222222222222,10-192-15-224-9100,0,0.0
re1_tt__ts-route-service_disk__2,re1_tt,disk,ts-route-service,stationary_ar,180,180,1445,72,2107.890482014513,55.937475503689015,279.46012327514796,0.8472222222222222,10-192-15-226-9100,0,0.0
re1_tt__ts-route-service_disk__2,re1_tt,disk,ts-route-service,stationary_counterfactual_ar,180,180,1445,72,2144.4346049406363,255.37860641482558,507.79025238876204,0.9861111111111112,10-192-15-226-9100,0,0.0
re1_tt__ts-route-service_disk__2,re1_tt,disk,ts-route-service,stationary_counterfactual_ar_uncertainty,180,180,1445,72,2115.268669697074,140.0548050853422,311.03805152760117,0.9861111111111112,10-192-15-226-9100,0,0.0
re1_tt__ts-route-service_disk__3,re1_tt,disk,ts-route-service,stationary_ar,180,180,1445,72,927.0514293752782,51.539153049019504,255.00567107441285,0.9583333333333334,ts-security-mongo,0,0.0
re1_tt__ts-route-service_disk__3,re1_tt,disk,ts-route-service,stationary_counterfactual_ar,180,180,1445,72,1172.7066000199104,261.2954561317099,454.9913102671072,1.0,ts-security-mongo,0,0.0
re1_tt__ts-route-service_disk__3,re1_tt,disk,ts-route-service,stationary_counterfactual_ar_uncertainty,180,180,1445,72,1026.3616430393856,121.4410834351473,300.5220475644458,1.0,ts-security-mongo,0,0.0
re1_tt__ts-route-service_disk__4,re1_tt,disk,ts-route-service,stationary_ar,180,180,1445,72,1036.615096549753,54.6630174454171,269.5968447650405,0.9027777777777778,ts-order-other-service,0,0.0
re1_tt__ts-route-service_disk__4,re1_tt,disk,ts-route-service,stationary_counterfactual_ar,180,180,1445,72,1278.5744122089397,268.25009755346264,440.1165231442793,1.0,ts-order-other-service,0,0.0
re1_tt__ts-route-service_disk__4,re1_tt,disk,ts-route-service,stationary_counterfactual_ar_uncertainty,180,180,1445,72,1214.5416787864226,123.80552888945326,288.60414688165395,0.9722222222222222,ts-order-other-service,0,0.0
re1_tt__ts-route-service_disk__5,re1_tt,disk,ts-route-service,stationary_ar,180,180,1445,72,1032.3113207464355,33.85695120206511,230.19427625896196,0.875,ts-price-mongo,0,0.0
re1_tt__ts-route-service_disk__5,re1_tt,disk,ts-route-service,stationary_counterfactual_ar,180,180,1445,72,1152.8067673041753,243.9621919156018,492.1211545199289,1.0,ts-price-mongo,0,0.0
re1_tt__ts-route-service_disk__5,re1_tt,disk,ts-route-service,stationary_counterfactual_ar_uncertainty,180,180,1445,72,1035.7621321439406,108.25808300958147,259.5237502979117,0.9861111111111112,ts-price-mongo,0,0.0
re1_tt__ts-route-service_loss__1,re1_tt,loss,ts-route-service,stationary_ar,240,240,1183,70,1511.590303978229,106.9059370879882,577.4681869560332,0.8571428571428571,ts-station-mongo,0,0.0
re1_tt__ts-route-service_loss__1,re1_tt,loss,ts-route-service,stationary_counterfactual_ar,240,240,1183,70,1495.768501171875,308.32901844996223,805.7725070302929,1.0,ts-consign-price-mongo,0,0.0
re1_tt__ts-route-service_loss__1,re1_tt,loss,ts-route-service,stationary_counterfactual_ar_uncertainty,240,240,1183,70,1288.582956228753,217.31473334275762,541.3005191195117,1.0,ts-station-mongo,0,0.0
re1_tt__ts-route-service_loss__2,re1_tt,loss,ts-route-service,stationary_ar,240,240,1242,70,1893.4649796473307,313.02448721266865,817.4658549776101,0.8714285714285714,ts-news-service,0,0.0
re1_tt__ts-route-service_loss__2,re1_tt,loss,ts-route-service,stationary_counterfactual_ar,240,240,1242,70,2102.505962513243,555.3654726637719,1090.007341082432,0.9857142857142858,ts-travel2-mongo,0,0.0
re1_tt__ts-route-service_loss__2,re1_tt,loss,ts-route-service,stationary_counterfactual_ar_uncertainty,240,240,1242,70,1899.7755692047433,350.8242646385312,828.2983061412228,0.9714285714285714,ts-news-service,0,0.0
re1_tt__ts-route-service_loss__3,re1_tt,loss,ts-route-service,stationary_ar,240,240,1233,70,2490.2673588662524,123.96383561981006,756.3888065141124,0.8857142857142857,192-168-29-237-9100,0,0.0
re1_tt__ts-route-service_loss__3,re1_tt,loss,ts-route-service,stationary_counterfactual_ar,240,240,1233,70,2771.142359650245,401.8848488381161,733.9075484330403,1.0,192-168-29-237-9100,0,0.0
re1_tt__ts-route-service_loss__3,re1_tt,loss,ts-route-service,stationary_counterfactual_ar_uncertainty,240,240,1233,70,2588.3198335564307,247.36873887687287,594.9468231637899,0.9857142857142858,192-168-29-237-9100,0,0.0
re1_tt__ts-route-service_loss__4,re1_tt,loss,ts-route-service,stationary_ar,240,240,1181,70,1849.7163402547628,151.02918752308545,1665.2340727468445,0.7285714285714285,ts-security-mongo,0,0.0
re1_tt__ts-route-service_loss__4,re1_tt,loss,ts-route-service,stationary_counterfactual_ar,240,240,1181,70,2298.2419511542553,436.9568313227595,2055.241977207968,1.0,ts-food-mongo,0,0.0
re1_tt__ts-route-service_loss__4,re1_tt,loss,ts-route-service,stationary_counterfactual_ar_uncertainty,240,240,1181,70,2141.2312910979617,242.49701523826388,1859.7788945382058,0.9714285714285714,ts-food-mongo,0,0.0
re1_tt__ts-route-service_loss__5,re1_tt,loss,ts-route-service,stationary_ar,240,240,1182,70,1946.9586840425225,116.59580727401612,1720.414530941635,0.7857142857142857,ts-food-map-mongo,0,0.0
re1_tt__ts-route-service_loss__5,re1_tt,loss,ts-route-service,stationary_counterfactual_ar,240,240,1182,70,2259.6385895384315,452.3316112826354,2044.2145156933368,1.0,ts-food-map-mongo,0,0.0
re1_tt__ts-route-service_loss__5,re1_tt,loss,ts-route-service,stationary_counterfactual_ar_uncertainty,240,240,1182,70,2081.2921522029987,227.27516753858936,1876.7655652550798,1.0,ts-order-mongo,0,0.0
re1_tt__ts-route-service_mem__1,re1_tt,mem,ts-route-service,stationary_ar,240,240,1183,70,1532.7281348084678,193.1814091199135,649.5388975370158,0.7142857142857143,ts-station-mongo,0,0.0
re1_tt__ts-route-service_mem__1,re1_tt,mem,ts-route-service,stationary_counterfactual_ar,240,240,1183,70,1675.7876323800458,391.3049287153027,910.8494673733936,0.9857142857142858,ts-station-mongo,0,0.0
re1_tt__ts-route-service_mem__1,re1_tt,mem,ts-route-service,stationary_counterfactual_ar_uncertainty,240,240,1183,70,1506.304739360412,211.61618888619392,698.0272839881535,0.9714285714285714,ts-station-mongo,0,0.0
re1_tt__ts-route-service_mem__2,re1_tt,mem,ts-route-service,stationary_ar,240,240,1181,70,1660.3602916419293,81.00718196703824,712.9038605234362,0.7571428571428571,ts-order-other-mongo,0,0.0
re1_tt__ts-route-service_mem__2,re1_tt,mem,ts-route-service,stationary_counterfactual_ar,240,240,1181,70,1955.0339120939016,418.70827984667386,854.9369191449221,0.9857142857142858,ts-ticket-office-mongo,0,0.0
re1_tt__ts-route-service_mem__2,re1_tt,mem,ts-route-service,stationary_counterfactual_ar_uncertainty,240,240,1181,70,1776.3938930590673,287.2322185714389,627.1944721469727,0.9571428571428572,ts-order-other-mongo,0,0.0
re1_tt__ts-route-service_mem__3,re1_tt,mem,ts-route-service,stationary_ar,240,240,1186,70,2536.1568983564207,136.31598208606204,743.4494937851108,0.8857142857142857,192-168-31-243-9100,0,0.0
re1_tt__ts-route-service_mem__3,re1_tt,mem,ts-route-service,stationary_counterfactual_ar,240,240,1186,70,2669.711624993925,364.05535016697763,982.0641758726451,1.0,192-168-31-243-9100,0,0.0
re1_tt__ts-route-service_mem__3,re1_tt,mem,ts-route-service,stationary_counterfactual_ar_uncertainty,240,240,1186,70,2577.465331853359,231.8659777072866,625.9821833499257,0.9857142857142858,192-168-31-243-9100,0,0.0
re1_tt__ts-route-service_mem__4,re1_tt,mem,ts-route-service,stationary_ar,240,240,1181,70,1252.892100040421,58.262746276754584,713.1290933109657,0.7285714285714285,ts-consign-price-mongo,0,0.0
re1_tt__ts-route-service_mem__4,re1_tt,mem,ts-route-service,stationary_counterfactual_ar,240,240,1181,70,1561.200829056051,378.46770041994284,909.4138664679068,0.9857142857142858,ts-news-service,0,0.0
re1_tt__ts-route-service_mem__4,re1_tt,mem,ts-route-service,stationary_counterfactual_ar_uncertainty,240,240,1181,70,1360.487805383879,212.81741248910419,676.6631499164695,0.9857142857142858,ts-consign-price-mongo,0,0.0
re1_tt__ts-route-service_mem__5,re1_tt,mem,ts-route-service,stationary_ar,240,240,1190,70,1251.0783891216001,68.59361166427983,487.2649146912597,0.7571428571428571,ts-ticket-office-service,0,0.0
re1_tt__ts-route-service_mem__5,re1_tt,mem,ts-route-service,stationary_counterfactual_ar,240,240,1190,70,1391.8239074160238,317.07694739387,671.0393057632323,1.0,ts-route-plan-service,0,0.0
re1_tt__ts-route-service_mem__5,re1_tt,mem,ts-route-service,stationary_counterfactual_ar_uncertainty,240,240,1190,70,1255.440675059901,139.1330401112425,521.6527988002888,0.9571428571428572,ts-route-plan-service,0,0.0
re1_tt__ts-train-service_cpu__1,re1_tt,cpu,ts-train-service,stationary_ar,240,240,1243,70,2611.520484257468,243.54171568058112,824.3119254647773,0.7857142857142857,192-168-51-251-9100,0,0.0
re1_tt__ts-train-service_cpu__1,re1_tt,cpu,ts-train-service,stationary_counterfactual_ar,240,240,1243,70,2689.76968792209,521.7160250813505,1176.6694950110655,0.9714285714285714,192-168-51-251-9100,0,0.0
re1_tt__ts-train-service_cpu__1,re1_tt,cpu,ts-train-service,stationary_counterfactual_ar_uncertainty,240,240,1243,70,2614.4185728382026,315.352085747116,941.2574598150992,0.9714285714285714,192-168-51-251-9100,0,0.0
re1_tt__ts-train-service_cpu__2,re1_tt,cpu,ts-train-service,stationary_ar,240,240,1242,70,1774.3441986187888,187.48367099622368,585.522655493274,0.9285714285714286,ts-order-other-mongo,0,0.0
re1_tt__ts-train-service_cpu__2,re1_tt,cpu,ts-train-service,stationary_counterfactual_ar,240,240,1242,70,1700.0439864061934,487.067504233418,800.3651529661997,0.9857142857142858,ts-order-other-mongo,0,0.0
re1_tt__ts-train-service_cpu__2,re1_tt,cpu,ts-train-service,stationary_counterfactual_ar_uncertainty,240,240,1242,70,1570.881241665613,277.81691985347857,567.0353246189732,0.9857142857142858,ts-order-other-mongo,0,0.0
re1_tt__ts-train-service_cpu__3,re1_tt,cpu,ts-train-service,stationary_ar,240,240,1233,70,1257.6387550241018,72.84211357648311,892.6205643007949,0.8857142857142857,ts-admin-order-service,0,0.0
re1_tt__ts-train-service_cpu__3,re1_tt,cpu,ts-train-service,stationary_counterfactual_ar,240,240,1233,70,1539.2939058751901,382.71175134425266,836.8250025933029,1.0,ts-consign-mongo,0,0.0
re1_tt__ts-train-service_cpu__3,re1_tt,cpu,ts-train-service,stationary_counterfactual_ar_uncertainty,240,240,1233,70,1393.46472099248,161.91898840022054,793.2812200922078,0.9857142857142858,ts-consign-mongo,0,0.0
re1_tt__ts-train-service_cpu__4,re1_tt,cpu,ts-train-service,stationary_ar,240,240,1181,70,2612.2104350030963,48.87488886779488,833.5667868487592,0.7428571428571429,192-168-45-158-9100,0,0.0
re1_tt__ts-train-service_cpu__4,re1_tt,cpu,ts-train-service,stationary_counterfactual_ar,240,240,1181,70,2935.2917277037345,376.6819302020269,1008.461933311339,0.9857142857142858,192-168-45-158-9100,0,0.0
re1_tt__ts-train-service_cpu__4,re1_tt,cpu,ts-train-service,stationary_counterfactual_ar_uncertainty,240,240,1181,70,2743.3791392999597,166.04910251721122,690.9730668008609,0.9428571428571428,192-168-45-158-9100,0,0.0
re1_tt__ts-train-service_cpu__5,re1_tt,cpu,ts-train-service,stationary_ar,240,240,1182,70,2520.141003164824,103.15178166240395,941.3502923838105,0.7571428571428571,192-168-51-251-9100,0,0.0
re1_tt__ts-train-service_cpu__5,re1_tt,cpu,ts-train-service,stationary_counterfactual_ar,240,240,1182,70,2771.5388575352117,426.17965846112656,1244.3109418722715,0.9857142857142858,192-168-45-158-9100,0,0.0
re1_tt__ts-train-service_cpu__5,re1_tt,cpu,ts-train-service,stationary_counterfactual_ar_uncertainty,240,240,1182,70,2602.974460191636,241.2732689129714,988.9866570386099,0.9714285714285714,192-168-45-158-9100,0,0.0
re1_tt__ts-train-service_delay__1,re1_tt,delay,ts-train-service,stationary_ar,240,240,1243,70,2471.155564171056,173.513648078506,811.3130978336972,0.9285714285714286,192-168-93-129-9100,0,0.0
re1_tt__ts-train-service_delay__1,re1_tt,delay,ts-train-service,stationary_counterfactual_ar,240,240,1243,70,2697.8872513737238,499.2430636182121,913.310727304788,1.0,192-168-93-129-9100,0,0.0
re1_tt__ts-train-service_delay__1,re1_tt,delay,ts-train-service,stationary_counterfactual_ar_uncertainty,240,240,1243,70,2555.5791942474584,300.6233643475704,814.782963165022,1.0,192-168-93-129-9100,0,0.0
re1_tt__ts-train-service_delay__2,re1_tt,delay,ts-train-service,stationary_ar,240,240,1242,70,961.248255816894,62.441233277995366,425.65845419713787,0.7428571428571429,ts-notification-service,0,0.0
re1_tt__ts-train-service_delay__2,re1_tt,delay,ts-train-service,stationary_counterfactual_ar,240,240,1242,70,1049.3138552222194,354.2352174778175,668.1145930151921,0.9714285714285714,ts-inside-payment-mongo,0,0.0
re1_tt__ts-train-service_delay__2,re1_tt,delay,ts-train-service,stationary_counterfactual_ar_uncertainty,240,240,1242,70,820.1910386095193,121.94960759953477,465.78966587286067,0.9714285714285714,ts-notification-service,0,0.0
re1_tt__ts-train-service_delay__3,re1_tt,delay,ts-train-service,stationary_ar,240,240,1235,70,1321.4740122590238,86.48156741815134,634.4374573441955,0.7142857142857143,ts-voucher-service,0,0.0
re1_tt__ts-train-service_delay__3,re1_tt,delay,ts-train-service,stationary_counterfactual_ar,240,240,1235,70,1755.1422165162705,313.01990889697674,970.5870737011376,0.9857142857142858,ts-payment-mongo,0,0.0
re1_tt__ts-train-service_delay__3,re1_tt,delay,ts-train-service,stationary_counterfactual_ar_uncertainty,240,240,1235,70,1478.6739189133712,145.15300873729933,695.2358350841813,0.9571428571428572,ts-payment-mongo,0,0.0
re1_tt__ts-train-service_delay__4,re1_tt,delay,ts-train-service,stationary_ar,240,240,1183,70,2495.0745449484484,40.678761500657316,472.0590837608992,0.7857142857142857,192-168-45-158-9100,0,0.0
re1_tt__ts-train-service_delay__4,re1_tt,delay,ts-train-service,stationary_counterfactual_ar,240,240,1183,70,2669.4695265370638,360.2503490918298,834.1303084697668,1.0,192-168-45-158-9100,0,0.0
re1_tt__ts-train-service_delay__4,re1_tt,delay,ts-train-service,stationary_counterfactual_ar_uncertainty,240,240,1183,70,2544.2030897517175,159.5882014150082,618.8454603646379,0.9857142857142858,192-168-45-158-9100,0,0.0
re1_tt__ts-train-service_delay__5,re1_tt,delay,ts-train-service,stationary_ar,240,240,1183,70,1613.9705147179693,68.70498458209039,641.4809042758882,0.9,ts-consign-price-mongo,0,0.0
re1_tt__ts-train-service_delay__5,re1_tt,delay,ts-train-service,stationary_counterfactual_ar,240,240,1183,70,1984.9867799806661,366.79261648095337,792.3426347804931,1.0,ts-consign-price-mongo,0,0.0
re1_tt__ts-train-service_delay__5,re1_tt,delay,ts-train-service,stationary_counterfactual_ar_uncertainty,240,240,1183,70,1834.9089040872225,159.75835202852733,604.1386524280273,1.0,ts-consign-price-mongo,0,0.0
re1_tt__ts-train-service_disk__1,re1_tt,disk,ts-train-service,stationary_ar,180,180,1431,72,2063.744498585338,104.30975686907922,359.97228214200675,0.9583333333333334,10-192-15-224-9100,0,0.0
re1_tt__ts-train-service_disk__1,re1_tt,disk,ts-train-service,stationary_counterfactual_ar,180,180,1431,72,2132.7923088259317,247.06171392025453,518.2680227141151,0.9861111111111112,10-192-15-224-9100,0,0.0
re1_tt__ts-train-service_disk__1,re1_tt,disk,ts-train-service,stationary_counterfactual_ar_uncertainty,180,180,1431,72,2071.0394174051175,161.24211997355005,273.05597169673086,0.9861111111111112,10-192-15-224-9100,0,0.0
re1_tt__ts-train-service_disk__2,re1_tt,disk,ts-train-service,stationary_ar,180,180,1445,72,1587.8283698190269,38.60465077280568,380.2074381702976,0.8333333333333334,ts-notification-service,0,0.0
re1_tt__ts-train-service_disk__2,re1_tt,disk,ts-train-service,stationary_counterfactual_ar,180,180,1445,72,1587.8396326651985,271.20774628898823,577.3144516634138,1.0,ts-notification-service,0,0.0
re1_tt__ts-train-service_disk__2,re1_tt,disk,ts-train-service,stationary_counterfactual_ar_uncertainty,180,180,1445,72,1587.8396325159604,131.53088292258835,454.781553118204,0.9861111111111112,ts-notification-service,0,0.0
re1_tt__ts-train-service_disk__3,re1_tt,disk,ts-train-service,stationary_ar,180,180,1445,72,1329.231448766359,30.440575459310185,181.44154034541884,0.9027777777777778,ts-consign-service,0,0.0
re1_tt__ts-train-service_disk__3,re1_tt,disk,ts-train-service,stationary_counterfactual_ar,180,180,1445,72,1329.231449060086,234.14848686155437,502.4654935024953,1.0,ts-consign-service,0,0.0
re1_tt__ts-train-service_disk__3,re1_tt,disk,ts-train-service,stationary_counterfactual_ar_uncertainty,180,180,1445,72,1329.231449060086,95.92646173149046,263.8389728577726,1.0,ts-consign-service,0,0.0
re1_tt__ts-train-service_disk__4,re1_tt,disk,ts-train-service,stationary_ar,180,180,1445,72,706.5938310524408,48.961670912793195,242.49975885871496,0.9027777777777778,ts-contacts-service,0,0.0
re1_tt__ts-train-service_disk__4,re1_tt,disk,ts-train-service,stationary_counterfactual_ar,180,180,1445,72,848.4888197441187,230.01794243040092,445.4640324166228,0.9861111111111112,ts-config-mongo,0,0.0
re1_tt__ts-train-service_disk__4,re1_tt,disk,ts-train-service,stationary_counterfactual_ar_uncertainty,180,180,1445,72,738.8320447588206,123.26320093478888,245.8406421675096,0.9861111111111112,ts-config-mongo,0,0.0
re1_tt__ts-train-service_disk__5,re1_tt,disk,ts-train-service,stationary_ar,180,180,1445,72,985.7252801203825,51.04233347495999,345.46690770124394,0.875,ts-user-mongo,0,0.0
re1_tt__ts-train-service_disk__5,re1_tt,disk,ts-train-service,stationary_counterfactual_ar,180,180,1445,72,1312.2340847601915,239.63124266364986,594.6582255522554,0.9722222222222222,ts-user-mongo,0,0.0
re1_tt__ts-train-service_disk__5,re1_tt,disk,ts-train-service,stationary_counterfactual_ar_uncertainty,180,180,1445,72,1195.1581582153997,123.52320839630661,443.97957600354374,0.9583333333333334,ts-user-mongo,0,0.0
re1_tt__ts-train-service_loss__1,re1_tt,loss,ts-train-service,stationary_ar,240,240,1185,70,1596.1584463898982,52.050418270570354,693.9948449122137,0.7428571428571429,ts-travel-mongo,0,0.0
re1_tt__ts-train-service_loss__1,re1_tt,loss,ts-train-service,stationary_counterfactual_ar,240,240,1185,70,1996.5192151934364,325.81086095477514,861.7920581806303,0.9714285714285714,ts-news-service,0,0.0
re1_tt__ts-train-service_loss__1,re1_tt,loss,ts-train-service,stationary_counterfactual_ar_uncertainty,240,240,1185,70,1793.3496371873805,133.5356605765059,609.8169268320527,0.9571428571428572,ts-news-service,0,0.0
re1_tt__ts-train-service_loss__2,re1_tt,loss,ts-train-service,stationary_ar,240,240,1242,70,1785.9722225632734,255.11954670619815,754.6175447456044,0.8,ts-notification-service,0,0.0
re1_tt__ts-train-service_loss__2,re1_tt,loss,ts-train-service,stationary_counterfactual_ar,240,240,1242,70,1785.988647440412,464.2541095835719,924.4592002896704,0.9857142857142858,ts-notification-service,0,0.0
re1_tt__ts-train-service_loss__2,re1_tt,loss,ts-train-service,stationary_counterfactual_ar_uncertainty,240,240,1242,70,1785.9886472405851,289.1983806322809,749.1432725940809,0.9285714285714286,ts-notification-service,0,0.0
re1_tt__ts-train-service_loss__3,re1_tt,loss,ts-train-service,stationary_ar,240,240,1237,70,1406.0054477136384,147.4573500526265,439.92190018848845,0.8571428571428571,ts-payment-mongo,0,0.0
re1_tt__ts-train-service_loss__3,re1_tt,loss,ts-train-service,stationary_counterfactual_ar,240,240,1237,70,1838.5474937172282,411.98957807879583,826.8372405523257,0.9857142857142858,ts-payment-mongo,0,0.0
re1_tt__ts-train-service_loss__3,re1_tt,loss,ts-train-service,stationary_counterfactual_ar_uncertainty,240,240,1237,70,1630.7715979079003,213.01828950322482,575.6459160658359,0.9857142857142858,ts-payment-mongo,0,0.0
re1_tt__ts-train-service_loss__4,re1_tt,loss,ts-train-service,stationary_ar,240,240,1181,70,2526.1450124837465,110.00975614991066,416.9954657032752,0.8714285714285714,192-168-45-158-9100,0,0.0
re1_tt__ts-train-service_loss__4,re1_tt,loss,ts-train-service,stationary_counterfactual_ar,240,240,1181,70,2732.3602963289545,351.07086059609867,756.019547513715,1.0,192-168-45-158-9100,0,0.0
re1_tt__ts-train-service_loss__4,re1_tt,loss,ts-train-service,stationary_counterfactual_ar_uncertainty,240,240,1181,70,2658.5879632131596,187.73400759719704,425.5536092614135,0.9857142857142858,192-168-45-158-9100,0,0.0
re1_tt__ts-train-service_loss__5,re1_tt,loss,ts-train-service,stationary_ar,240,240,1181,70,1575.2995120431797,143.01080606554714,804.3682204623093,0.9,ts-order-mongo,0,0.0
re1_tt__ts-train-service_loss__5,re1_tt,loss,ts-train-service,stationary_counterfactual_ar,240,240,1181,70,1918.6224672781893,379.2543081011371,1028.362918336743,0.9857142857142858,ts-order-mongo,0,0.0
re1_tt__ts-train-service_loss__5,re1_tt,loss,ts-train-service,stationary_counterfactual_ar_uncertainty,240,240,1181,70,1716.7318594362123,203.17294824470335,911.1386158219159,0.9714285714285714,ts-order-mongo,0,0.0
re1_tt__ts-train-service_mem__1,re1_tt,mem,ts-train-service,stationary_ar,240,240,1245,70,2535.608408471478,309.78465843357606,1190.1047587119808,0.8857142857142857,192-168-29-237-9100,0,0.0
re1_tt__ts-train-service_mem__1,re1_tt,mem,ts-train-service,stationary_counterfactual_ar,240,240,1245,70,2625.004502593824,492.96252380267777,1509.1583497441086,0.9857142857142858,192-168-29-237-9100,0,0.0
re1_tt__ts-train-service_mem__1,re1_tt,mem,ts-train-service,stationary_counterfactual_ar_uncertainty,240,240,1245,70,2546.004651243285,277.7739567373269,1253.351303658953,0.9857142857142858,192-168-29-237-9100,0,0.0
re1_tt__ts-train-service_mem__2,re1_tt,mem,ts-train-service,stationary_ar,240,240,1251,70,1798.9268345541793,50.40348730605885,692.8844395481278,0.7142857142857143,ts-preserve-service,0,0.0
re1_tt__ts-train-service_mem__2,re1_tt,mem,ts-train-service,stationary_counterfactual_ar,240,240,1251,70,1798.9432673793551,315.69943445366187,964.9342940147392,0.9571428571428572,ts-preserve-service,0,0.0
re1_tt__ts-train-service_mem__2,re1_tt,mem,ts-train-service,stationary_counterfactual_ar_uncertainty,240,240,1251,70,1798.9432671795282,135.73166185791206,687.4053788612483,0.8857142857142857,ts-preserve-service,0,0.0
re1_tt__ts-train-service_mem__3,re1_tt,mem,ts-train-service,stationary_ar,240,240,1237,70,1628.122845239618,138.78905141729004,775.769937455647,0.8571428571428571,ts-payment-mongo,0,0.0
re1_tt__ts-train-service_mem__3,re1_tt,mem,ts-train-service,stationary_counterfactual_ar,240,240,1237,70,1931.4980533966057,485.04697978036836,950.6392970048589,0.9857142857142858,ts-payment-mongo,0,0.0
re1_tt__ts-train-service_mem__3,re1_tt,mem,ts-train-service,stationary_counterfactual_ar_uncertainty,240,240,1237,70,1783.9986712396767,269.2672026001498,737.2894669606346,0.9714285714285714,ts-payment-mongo,0,0.0
re1_tt__ts-train-service_mem__4,re1_tt,mem,ts-train-service,stationary_ar,240,240,1181,70,1544.7308518422142,43.64168854907547,666.7781356374705,0.7571428571428571,ts-auth-mongo,0,0.0
re1_tt__ts-train-service_mem__4,re1_tt,mem,ts-train-service,stationary_counterfactual_ar,240,240,1181,70,1762.4672759957523,392.06252300064887,838.4237212856975,0.9857142857142858,ts-auth-mongo,0,0.0
re1_tt__ts-train-service_mem__4,re1_tt,mem,ts-train-service,stationary_counterfactual_ar_uncertainty,240,240,1181,70,1610.8741725676564,170.19039440237373,590.379787442918,0.9857142857142858,ts-auth-mongo,0,0.0
re1_tt__ts-train-service_mem__5,re1_tt,mem,ts-train-service,stationary_ar,240,240,1181,70,1712.0109541613228,151.83005944277107,751.9776574500794,0.7,ts-consign-price-mongo,0,0.0
re1_tt__ts-train-service_mem__5,re1_tt,mem,ts-train-service,stationary_counterfactual_ar,240,240,1181,70,2087.4500559488483,429.9302413774981,931.4222785785297,0.9714285714285714,ts-consign-price-mongo,0,0.0
re1_tt__ts-train-service_mem__5,re1_tt,mem,ts-train-service,stationary_counterfactual_ar_uncertainty,240,240,1181,70,1938.5263947397746,224.44070444218744,672.342802126667,0.9714285714285714,ts-consign-price-mongo,0,0.0
re1_tt__ts-travel-service_cpu__1,re1_tt,cpu,ts-travel-service,stationary_ar,240,240,1246,70,2496.3354861902135,86.67357795607359,645.2830403377353,0.8285714285714286,192-168-76-138-9100,0,0.0
re1_tt__ts-travel-service_cpu__1,re1_tt,cpu,ts-travel-service,stationary_counterfactual_ar,240,240,1246,70,2666.1367692767312,329.96658193171754,798.4571375521217,1.0,192-168-76-138-9100,0,0.0
re1_tt__ts-travel-service_cpu__1,re1_tt,cpu,ts-travel-service,stationary_counterfactual_ar_uncertainty,240,240,1246,70,2541.2845389963372,145.26674592995334,604.1326589443879,0.9857142857142858,192-168-76-138-9100,0,0.0
re1_tt__ts-travel-service_cpu__2,re1_tt,cpu,ts-travel-service,stationary_ar,240,240,1242,70,1803.7684768141644,135.25756758477831,768.7493442319187,0.9,ts-preserve-service,0,0.0
re1_tt__ts-travel-service_cpu__2,re1_tt,cpu,ts-travel-service,stationary_counterfactual_ar,240,240,1242,70,1803.784996928812,436.22632355938765,927.9686022868029,1.0,ts-preserve-service,0,0.0
re1_tt__ts-travel-service_cpu__2,re1_tt,cpu,ts-travel-service,stationary_counterfactual_ar_uncertainty,240,240,1242,70,1803.7849967289849,252.12326774746387,784.0088447668612,1.0,ts-preserve-service,0,0.0
re1_tt__ts-travel-service_cpu__3,re1_tt,cpu,ts-travel-service,stationary_ar,240,240,1237,70,1733.768702131868,71.852901970143,497.9560252498379,0.7857142857142857,ts-news-service,0,0.0
re1_tt__ts-travel-service_cpu__3,re1_tt,cpu,ts-travel-service,stationary_counterfactual_ar,240,240,1237,70,1890.9343367846602,322.42665223373604,676.3660308479507,0.9857142857142858,ts-news-service,0,0.0
re1_tt__ts-travel-service_cpu__3,re1_tt,cpu,ts-travel-service,stationary_counterfactual_ar_uncertainty,240,240,1237,70,1805.0230802774493,159.19741411961516,454.3364396233706,0.9571428571428572,ts-news-service,0,0.0
re1_tt__ts-travel-service_cpu__4,re1_tt,cpu,ts-travel-service,stationary_ar,240,240,1181,70,1749.4833404952476,63.54301652385501,1208.1811131879422,0.7857142857142857,ts-ticket-office-service,0,0.0
re1_tt__ts-travel-service_cpu__4,re1_tt,cpu,ts-travel-service,stationary_counterfactual_ar,240,240,1181,70,2014.4037482979154,347.27360656661875,1288.1211109709895,0.9857142857142858,ts-ticket-office-service,0,0.0
re1_tt__ts-travel-service_cpu__4,re1_tt,cpu,ts-travel-service,stationary_counterfactual_ar_uncertainty,240,240,1181,70,1899.773679585841,151.85216208319437,1224.1205451073135,0.9714285714285714,ts-ticket-office-service,0,0.0
re1_tt__ts-travel-service_cpu__5,re1_tt,cpu,ts-travel-service,stationary_ar,240,240,1181,70,1262.5159295340525,88.54218236925237,548.1071116064983,0.8285714285714286,ts-route-mongo,0,0.0
re1_tt__ts-travel-service_cpu__5,re1_tt,cpu,ts-travel-service,stationary_counterfactual_ar,240,240,1181,70,1591.5364366114582,325.749595415932,834.1793485351693,0.9714285714285714,ts-food-mongo,0,0.0
re1_tt__ts-travel-service_cpu__5,re1_tt,cpu,ts-travel-service,stationary_counterfactual_ar_uncertainty,240,240,1181,70,1405.3056104646848,176.07605697318996,548.1167400012714,0.9714285714285714,ts-food-mongo,0,0.0
re1_tt__ts-travel-service_delay__1,re1_tt,delay,ts-travel-service,stationary_ar,240,240,1241,70,1877.3162458112229,212.21466544999572,1303.230162991328,0.9428571428571428,ts-order-other-mongo,0,0.0
re1_tt__ts-travel-service_delay__1,re1_tt,delay,ts-travel-service,stationary_counterfactual_ar,240,240,1241,70,1958.8661211755132,478.5700477397588,1472.5922569077218,1.0,ts-order-other-mongo,0,0.0
re1_tt__ts-travel-service_delay__1,re1_tt,delay,ts-travel-service,stationary_counterfactual_ar_uncertainty,240,240,1241,70,1789.2879782193183,249.98164123451932,1284.0545796297883,1.0,ts-order-other-mongo,0,0.0
re1_tt__ts-travel-service_delay__2,re1_tt,delay,ts-travel-service,stationary_ar,240,240,1181,70,2598.837528168711,141.6992903768878,471.70433742992196,0.9428571428571428,192-168-31-243-9100,0,0.0
re1_tt__ts-travel-service_delay__2,re1_tt,delay,ts-travel-service,stationary_counterfactual_ar,240,240,1181,70,2715.5966459557367,349.2583813240532,789.3570810612717,1.0,192-168-31-243-9100,0,0.0
re1_tt__ts-travel-service_delay__2,re1_tt,delay,ts-travel-service,stationary_counterfactual_ar_uncertainty,240,240,1181,70,2640.321012016391,211.4983542652269,556.2080191708114,1.0,192-168-31-243-9100,0,0.0
re1_tt__ts-travel-service_delay__3,re1_tt,delay,ts-travel-service,stationary_ar,240,240,1239,70,1452.053303460887,28.132880705311226,375.5854313382214,0.7285714285714285,ts-news-service,0,0.0
re1_tt__ts-travel-service_delay__3,re1_tt,delay,ts-travel-service,stationary_counterfactual_ar,240,240,1239,70,1362.0469469017935,327.63937971799305,664.7132003997583,0.9857142857142858,ts-preserve-service,0,0.0
re1_tt__ts-travel-service_delay__3,re1_tt,delay,ts-travel-service,stationary_counterfactual_ar_uncertainty,240,240,1239,70,1252.656174674885,113.6812711411747,513.1245244608749,0.9428571428571428,ts-preserve-service,0,0.0
re1_tt__ts-travel-service_delay__4,re1_tt,delay,ts-travel-service,stationary_ar,240,240,1183,70,2608.0366913308203,40.05644023335661,768.261382694394,0.7142857142857143,192-168-29-237-9100,0,0.0
re1_tt__ts-travel-service_delay__4,re1_tt,delay,ts-travel-service,stationary_counterfactual_ar,240,240,1183,70,2770.439778725476,278.73939771770995,889.6742016371068,0.9714285714285714,192-168-29-237-9100,0,0.0
re1_tt__ts-travel-service_delay__4,re1_tt,delay,ts-travel-service,stationary_counterfactual_ar_uncertainty,240,240,1183,70,2637.5410327276036,120.78181722742343,651.9251274931581,0.9571428571428572,192-168-29-237-9100,0,0.0
re1_tt__ts-travel-service_delay__5,re1_tt,delay,ts-travel-service,stationary_ar,240,240,1183,70,1609.4365983442942,12.205369721583391,421.0218760707888,0.6714285714285714,ts-consign-mongo,0,0.0
re1_tt__ts-travel-service_delay__5,re1_tt,delay,ts-travel-service,stationary_counterfactual_ar,240,240,1183,70,1723.1051886148427,277.4348976903231,686.4868299758061,0.9714285714285714,ts-news-service,0,0.0
re1_tt__ts-travel-service_delay__5,re1_tt,delay,ts-travel-service,stationary_counterfactual_ar_uncertainty,240,240,1183,70,1474.976182154541,96.12717610618213,430.2560059995656,0.9428571428571428,ts-news-service,0,0.0
re1_tt__ts-travel-service_disk__1,re1_tt,disk,ts-travel-service,stationary_ar,180,180,1433,72,2369.222005304078,61.904753214537486,682.9398172448293,0.8333333333333334,10-192-15-221-9100,0,0.0
re1_tt__ts-travel-service_disk__1,re1_tt,disk,ts-travel-service,stationary_counterfactual_ar,180,180,1433,72,2375.1561676081305,271.7614801495931,865.3189589940971,0.9861111111111112,10-192-15-221-9100,0,0.0
re1_tt__ts-travel-service_disk__1,re1_tt,disk,ts-travel-service,stationary_counterfactual_ar_uncertainty,180,180,1433,72,2337.869719625945,144.0482005101045,724.4222021206444,0.9861111111111112,10-192-15-221-9100,0,0.0
re1_tt__ts-travel-service_disk__2,re1_tt,disk,ts-travel-service,stationary_ar,180,180,1445,72,2010.107215823479,49.37679757451125,250.82549810866175,0.875,10-192-15-222-9100,0,0.0
re1_tt__ts-travel-service_disk__2,re1_tt,disk,ts-travel-service,stationary_counterfactual_ar,180,180,1445,72,2136.7484435211913,239.6878587821199,427.85425935583356,1.0,10-192-15-222-9100,0,0.0
re1_tt__ts-travel-service_disk__2,re1_tt,disk,ts-travel-service,stationary_counterfactual_ar_uncertainty,180,180,1445,72,2089.8996577479306,94.0403408217312,243.4154237801074,0.9722222222222222,10-192-15-222-9100,0,0.0
re1_tt__ts-travel-service_disk__3,re1_tt,disk,ts-travel-service,stationary_ar,180,180,1445,72,1068.6034010736346,38.722257763997526,238.01230801585845,0.875,ts-consign-mongo,0,0.0
re1_tt__ts-travel-service_disk__3,re1_tt,disk,ts-travel-service,stationary_counterfactual_ar,180,180,1445,72,1422.8380726658634,273.7964273728185,511.91684563532317,1.0,ts-consign-mongo,0,0.0
re1_tt__ts-travel-service_disk__3,re1_tt,disk,ts-travel-service,stationary_counterfactual_ar_uncertainty,180,180,1445,72,1321.297949286933,126.33954435298848,320.6354217272924,0.9583333333333334,ts-consign-mongo,0,0.0
re1_tt__ts-travel-service_disk__4,re1_tt,disk,ts-travel-service,stationary_ar,180,180,1445,72,2056.0653155328873,46.7968122015714,246.55876179286895,0.9027777777777778,10-192-15-222-9100,0,0.0
re1_tt__ts-travel-service_disk__4,re1_tt,disk,ts-travel-service,stationary_counterfactual_ar,180,180,1445,72,2086.1628276827155,239.00055162149886,450.04308829376527,1.0,10-192-15-222-9100,0,0.0
re1_tt__ts-travel-service_disk__4,re1_tt,disk,ts-travel-service,stationary_counterfactual_ar_uncertainty,180,180,1445,72,2050.8659234249058,116.00772022870626,307.886283480448,1.0,10-192-15-222-9100,0,0.0
re1_tt__ts-travel-service_disk__5,re1_tt,disk,ts-travel-service,stationary_ar,180,180,1445,72,768.5488704804146,41.2968168167319,290.29917344803795,0.8888888888888888,ts-auth-mongo,0,0.0
re1_tt__ts-travel-service_disk__5,re1_tt,disk,ts-travel-service,stationary_counterfactual_ar,180,180,1445,72,1006.8889831927705,276.5354651872745,469.74305210219705,1.0,ts-auth-mongo,0,0.0
re1_tt__ts-travel-service_disk__5,re1_tt,disk,ts-travel-service,stationary_counterfactual_ar_uncertainty,180,180,1445,72,887.333822485103,129.64350010607023,328.25596346407565,0.9861111111111112,ts-auth-mongo,0,0.0
re1_tt__ts-travel-service_loss__1,re1_tt,loss,ts-travel-service,stationary_ar,240,240,1248,70,2492.5657788821186,42.56755724552218,404.0795343247306,0.7285714285714285,192-168-45-158-9100,0,0.0
re1_tt__ts-travel-service_loss__1,re1_tt,loss,ts-travel-service,stationary_counterfactual_ar,240,240,1248,70,2622.174026794241,368.3503893708147,688.3050572567971,1.0,192-168-45-158-9100,0,0.0
re1_tt__ts-travel-service_loss__1,re1_tt,loss,ts-travel-service,stationary_counterfactual_ar_uncertainty,240,240,1248,70,2514.4316669389045,160.27680390108202,463.0439005529903,1.0,192-168-45-158-9100,0,0.0
re1_tt__ts-travel-service_loss__2,re1_tt,loss,ts-travel-service,stationary_ar,240,240,1185,70,1271.0372056968233,47.71728260500451,764.1502342813928,0.7428571428571429,ts-admin-route-service,0,0.0
re1_tt__ts-travel-service_loss__2,re1_tt,loss,ts-travel-service,stationary_counterfactual_ar,240,240,1185,70,1515.7772905137347,282.6886513116542,770.5319242698573,1.0,ts-station-mongo,0,0.0
re1_tt__ts-travel-service_loss__2,re1_tt,loss,ts-travel-service,stationary_counterfactual_ar_uncertainty,240,240,1185,70,1283.2276042079973,98.3896673971353,668.3253126707402,0.9571428571428572,ts-station-mongo,0,0.0
re1_tt__ts-travel-service_loss__3,re1_tt,loss,ts-travel-service,stationary_ar,240,240,1180,70,1931.257497270737,158.86898518920032,1733.44979098871,0.7571428571428571,ts-consign-mongo,0,0.0
re1_tt__ts-travel-service_loss__3,re1_tt,loss,ts-travel-service,stationary_counterfactual_ar,240,240,1180,70,2340.99301252578,454.16312491619817,2065.114562055551,0.9857142857142858,ts-consign-mongo,0,0.0
re1_tt__ts-travel-service_loss__3,re1_tt,loss,ts-travel-service,stationary_counterfactual_ar_uncertainty,240,240,1180,70,2190.4429233310075,249.61021187756535,1895.833942689458,0.9714285714285714,ts-consign-mongo,0,0.0
re1_tt__ts-travel-service_loss__4,re1_tt,loss,ts-travel-service,stationary_ar,240,240,1179,70,2110.2550183782496,170.1003632354679,1699.3204336066779,0.8,ts-news-service,0,0.0
re1_tt__ts-travel-service_loss__4,re1_tt,loss,ts-travel-service,stationary_counterfactual_ar,240,240,1179,70,2329.2685434328773,418.96976137020624,1948.3868911910226,1.0,ts-news-service,0,0.0
re1_tt__ts-travel-service_loss__4,re1_tt,loss,ts-travel-service,stationary_counterfactual_ar_uncertainty,240,240,1179,70,2208.4769831393564,266.51842068555004,1868.303110838659,0.9857142857142858,ts-news-service,0,0.0
re1_tt__ts-travel-service_loss__5,re1_tt,loss,ts-travel-service,stationary_ar,240,240,1180,70,2570.5626975769937,293.0160500303239,1610.3538028317375,0.7571428571428571,192-168-93-129-9100,0,0.0
re1_tt__ts-travel-service_loss__5,re1_tt,loss,ts-travel-service,stationary_counterfactual_ar,240,240,1180,70,2777.1718650657654,390.3284589472081,1970.5162620079104,0.9857142857142858,192-168-93-129-9100,0,0.0
re1_tt__ts-travel-service_loss__5,re1_tt,loss,ts-travel-service,stationary_counterfactual_ar_uncertainty,240,240,1180,70,2654.127548544047,292.5145451248257,1815.1034646837643,0.9714285714285714,192-168-93-129-9100,0,0.0
re1_tt__ts-travel-service_mem__1,re1_tt,mem,ts-travel-service,stationary_ar,240,240,1248,70,1739.863466099685,195.2825628383069,732.9230048077872,0.8571428571428571,ts-config-mongo,0,0.0
re1_tt__ts-travel-service_mem__1,re1_tt,mem,ts-travel-service,stationary_counterfactual_ar,240,240,1248,70,1924.7608286801697,553.8990822667942,1104.5037061343687,1.0,ts-config-mongo,0,0.0
re1_tt__ts-travel-service_mem__1,re1_tt,mem,ts-travel-service,stationary_counterfactual_ar_uncertainty,240,240,1248,70,1726.134357545154,292.2314739955402,873.0653542865003,0.9857142857142858,ts-config-mongo,0,0.0
re1_tt__ts-travel-service_mem__2,re1_tt,mem,ts-travel-service,stationary_ar,240,240,1185,70,1317.0022508440863,22.285488121066514,669.4357045705347,0.7571428571428571,ts-auth-mongo,0,0.0
re1_tt__ts-travel-service_mem__2,re1_tt,mem,ts-travel-service,stationary_counterfactual_ar,240,240,1185,70,1740.6104457634283,352.1994238083892,899.449005734307,0.9857142857142858,ts-auth-mongo,0,0.0
re1_tt__ts-travel-service_mem__2,re1_tt,mem,ts-travel-service,stationary_counterfactual_ar_uncertainty,240,240,1185,70,1492.6262052324353,106.52581402138259,574.9609095372186,0.9714285714285714,ts-auth-mongo,0,0.0
re1_tt__ts-travel-service_mem__3,re1_tt,mem,ts-travel-service,stationary_ar,240,240,1190,70,1602.4389512703972,83.62066042486771,860.1682152540128,0.7857142857142857,ts-train-mongo,0,0.0
re1_tt__ts-travel-service_mem__3,re1_tt,mem,ts-travel-service,stationary_counterfactual_ar,240,240,1190,70,1951.7340361054794,377.17809328330685,1039.1091045552898,0.9857142857142858,ts-train-mongo,0,0.0
re1_tt__ts-travel-service_mem__3,re1_tt,mem,ts-travel-service,stationary_counterfactual_ar_uncertainty,240,240,1190,70,1800.9113228824706,198.1903816406114,924.506727601571,0.9714285714285714,ts-train-mongo,0,0.0
re1_tt__ts-travel-service_mem__4,re1_tt,mem,ts-travel-service,stationary_ar,240,240,1185,70,1598.4365024242982,112.39671784869549,833.1104362182897,0.9,ts-config-mongo,0,0.0
re1_tt__ts-travel-service_mem__4,re1_tt,mem,ts-travel-service,stationary_counterfactual_ar,240,240,1185,70,1986.6654576948897,357.46143818159163,949.3575555668076,1.0,ts-config-mongo,0,0.0
re1_tt__ts-travel-service_mem__4,re1_tt,mem,ts-travel-service,stationary_counterfactual_ar_uncertainty,240,240,1185,70,1788.3035696734767,199.6676221818831,860.4521377328085,1.0,ts-config-mongo,0,0.0
re1_tt__ts-travel-service_mem__5,re1_tt,mem,ts-travel-service,stationary_ar,240,240,1248,70,2383.9344115804874,155.04046664740184,696.4153993809322,0.9285714285714286,192-168-90-92-9100,0,0.0
re1_tt__ts-travel-service_mem__5,re1_tt,mem,ts-travel-service,stationary_counterfactual_ar,240,240,1248,70,2526.0400135996783,573.0396757298968,906.3403519914114,1.0,192-168-90-92-9100,0,0.0
re1_tt__ts-travel-service_mem__5,re1_tt,mem,ts-travel-service,stationary_counterfactual_ar_uncertainty,240,240,1248,70,2415.2253752186966,263.8370973953315,681.2549393876506,1.0,192-168-90-92-9100,0,0.0
