case_id,dataset,fault_type,root_cause_service,residualization,fit_samples,pseudo_abnormal_samples,n_metrics,n_services,max_service_score,median_service_score,p90_service_score,positive_service_fraction,top_service,metrics_with_any_clip,mean_metric_clip_fraction
re1_ob__adservice_cpu__1,re1_ob,cpu,adservice,raw,300,300,50,15,395.4401764815109,48.61438643994779,246.8794368750735,0.8,recommendationservice,0,0.0
re1_ob__adservice_cpu__1,re1_ob,cpu,adservice,ar,300,300,50,15,306.912352058545,20.428824394310016,169.8012924322621,0.6666666666666666,recommendationservice,0,0.0
re1_ob__adservice_cpu__1,re1_ob,cpu,adservice,counterfactual_ar,300,300,50,15,342.1278304287878,103.53948127101201,297.4229113241,0.8,main,2,0.04
re1_ob__adservice_cpu__2,re1_ob,cpu,adservice,raw,300,300,50,15,614.1863708435487,38.56730668262086,291.5448878891835,0.8666666666666667,frontend-external,0,0.0
re1_ob__adservice_cpu__2,re1_ob,cpu,adservice,ar,300,300,50,15,614.4372442749806,19.701002929791553,186.31795362170578,0.6666666666666666,frontend-external,0,0.0
re1_ob__adservice_cpu__2,re1_ob,cpu,adservice,counterfactual_ar,300,300,50,15,614.4025775203515,118.6552602645789,340.8991687009891,0.8666666666666667,frontend-external,3,0.06
re1_ob__adservice_cpu__3,re1_ob,cpu,adservice,raw,300,300,50,15,2016.9864987935048,94.14764578728318,451.3420989571566,0.8,frontend-external,0,0.0
re1_ob__adservice_cpu__3,re1_ob,cpu,adservice,ar,300,300,50,15,1997.0331820796432,27.42955055463479,294.97231949973354,0.6666666666666666,frontend-external,0,0.0
re1_ob__adservice_cpu__3,re1_ob,cpu,adservice,counterfactual_ar,300,300,50,15,1997.251432654434,95.98005746462529,474.16166642891494,0.8666666666666667,frontend-external,4,0.07226666666666666
re1_ob__adservice_cpu__4,re1_ob,cpu,adservice,raw,300,300,50,15,299.3703973799084,-0.6633330092664474,194.87286190960577,0.4666666666666667,emailservice,0,0.0
re1_ob__adservice_cpu__4,re1_ob,cpu,adservice,ar,300,300,50,15,294.6944953391606,-8.132187266109517,42.769030006637166,0.2,emailservice,0,0.0
re1_ob__adservice_cpu__4,re1_ob,cpu,adservice,counterfactual_ar,300,300,50,15,550.0190999504854,306.87509699244,487.85878602598035,0.8,currencyservice,4,0.08
re1_ob__adservice_cpu__5,re1_ob,cpu,adservice,raw,300,300,50,15,1342.3684532316563,15.969542469035295,226.5723008643602,0.6,frontend,0,0.0
re1_ob__adservice_cpu__5,re1_ob,cpu,adservice,ar,300,300,50,15,1330.1219797186325,-6.378723287032358,156.5486842578247,0.4,frontend,0,0.0
re1_ob__adservice_cpu__5,re1_ob,cpu,adservice,counterfactual_ar,300,300,50,15,1577.5956122864375,286.8626483620039,509.8849123871562,0.8,frontend,2,0.04
re1_ob__adservice_delay__1,re1_ob,delay,adservice,raw,180,180,47,13,352.1700175535154,96.37056751918385,314.25870066291765,0.9230769230769231,emailservice,0,0.0
re1_ob__adservice_delay__1,re1_ob,delay,adservice,ar,180,180,47,13,347.08638394340676,28.327008350474546,259.4994596269036,0.7692307692307693,frontend-external,0,0.0
re1_ob__adservice_delay__1,re1_ob,delay,adservice,counterfactual_ar,180,180,47,13,354.5450842700903,135.7851803542521,330.9320811730397,1.0,emailservice,0,0.0
re1_ob__adservice_delay__2,re1_ob,delay,adservice,raw,180,180,47,13,232.7187160393033,5.1758951596859974,221.92596606350412,0.6923076923076923,checkoutservice,0,0.0
re1_ob__adservice_delay__2,re1_ob,delay,adservice,ar,180,180,47,13,226.23001290788451,0.27631615483068117,183.76946053243427,0.5384615384615384,adservice,0,0.0
re1_ob__adservice_delay__2,re1_ob,delay,adservice,counterfactual_ar,180,180,47,13,270.22057073374066,24.80557206533827,254.92863004987223,0.9230769230769231,adservice,5,0.10614657210401891
re1_ob__adservice_delay__3,re1_ob,delay,adservice,raw,180,180,47,13,272.85849535539006,60.45825126691408,229.78599720787437,0.9230769230769231,cartservice,0,0.0
re1_ob__adservice_delay__3,re1_ob,delay,adservice,ar,180,180,47,13,226.9387238026089,21.590587319504323,206.9103805530139,0.6923076923076923,adservice,0,0.0
re1_ob__adservice_delay__3,re1_ob,delay,adservice,counterfactual_ar,180,180,47,13,263.8574618714359,100.02270800485933,184.24934439949175,0.9230769230769231,adservice,5,0.10472813238770687
re1_ob__adservice_delay__4,re1_ob,delay,adservice,raw,180,180,47,13,344.16259027357717,71.74041662872888,280.8979861781008,0.9230769230769231,frontend-external,0,0.0
re1_ob__adservice_delay__4,re1_ob,delay,adservice,ar,180,180,47,13,344.45333207269044,45.30845227828627,223.8300350039256,0.7692307692307693,frontend-external,0,0.0
re1_ob__adservice_delay__4,re1_ob,delay,adservice,counterfactual_ar,180,180,47,13,352.54030726692025,106.88647725909793,335.44570480724997,1.0,adservice,5,0.10614657210401891
re1_ob__adservice_delay__5,re1_ob,delay,adservice,raw,180,180,48,13,1210.5043338893688,77.06806658887746,290.31717809216724,1.0,frontend-external,0,0.0
re1_ob__adservice_delay__5,re1_ob,delay,adservice,ar,180,180,48,13,1189.222326342587,43.241543012107265,227.5640197247345,0.8461538461538461,frontend-external,0,0.0
re1_ob__adservice_delay__5,re1_ob,delay,adservice,counterfactual_ar,180,180,48,13,1188.975473451586,107.96405807864083,262.8046948290592,1.0,frontend-external,5,0.10347222222222223
re1_ob__adservice_disk__1,re1_ob,disk,adservice,raw,180,180,46,13,191.63429349033936,29.805906083949537,174.1675548297114,0.9230769230769231,redis,0,0.0
re1_ob__adservice_disk__1,re1_ob,disk,adservice,ar,180,180,46,13,191.48393171628544,5.889624949955703,115.89747051627516,0.7692307692307693,redis,0,0.0
re1_ob__adservice_disk__1,re1_ob,disk,adservice,counterfactual_ar,180,180,46,13,210.5043882706575,83.09157081601126,184.67048863406256,0.9230769230769231,recommendationservice,1,0.021739130434782608
re1_ob__adservice_disk__2,re1_ob,disk,adservice,raw,180,180,47,13,81.55711530739256,10.547602228723653,18.131870216332466,0.8461538461538461,adservice,0,0.0
re1_ob__adservice_disk__2,re1_ob,disk,adservice,ar,180,180,47,13,57.24998552448424,0.13587908241007796,10.419894053214373,0.5384615384615384,adservice,0,0.0
re1_ob__adservice_disk__2,re1_ob,disk,adservice,counterfactual_ar,180,180,47,13,150.2557513020935,62.67020965442274,121.75773873205478,0.9230769230769231,adservice,0,0.0
re1_ob__adservice_disk__3,re1_ob,disk,adservice,raw,180,180,47,13,209.66206564760932,30.573840123127127,179.41924632056487,0.9230769230769231,emailservice,0,0.0
re1_ob__adservice_disk__3,re1_ob,disk,adservice,ar,180,180,47,13,201.24131614256984,15.410172676679792,136.63694190938853,0.7692307692307693,redis,0,0.0
re1_ob__adservice_disk__3,re1_ob,disk,adservice,counterfactual_ar,180,180,47,13,198.59818057122936,115.73972599202995,150.4325084430678,0.9230769230769231,cartservice,0,0.0
re1_ob__adservice_disk__4,re1_ob,disk,adservice,raw,180,180,47,13,135.07455423169412,16.847706883335757,116.10353153973735,0.6923076923076923,cartservice,0,0.0
re1_ob__adservice_disk__4,re1_ob,disk,adservice,ar,180,180,47,13,146.94322927082774,2.3879309010401357,94.6798740643689,0.6923076923076923,cartservice,0,0.0
re1_ob__adservice_disk__4,re1_ob,disk,adservice,counterfactual_ar,180,180,47,13,223.85442026476153,54.72848295380291,199.45566268943114,0.9230769230769231,paymentservice,1,0.02127659574468085
re1_ob__adservice_disk__5,re1_ob,disk,adservice,raw,180,180,47,13,232.99599685286753,75.323033336688,191.75906390512813,0.9230769230769231,cartservice,0,0.0
re1_ob__adservice_disk__5,re1_ob,disk,adservice,ar,180,180,47,13,207.63379613486782,63.38112535430363,155.1155316608612,0.7692307692307693,cartservice,0,0.0
re1_ob__adservice_disk__5,re1_ob,disk,adservice,counterfactual_ar,180,180,47,13,347.1747340482555,122.71754370700035,208.9933589711731,0.9230769230769231,recommendationservice,0,0.0
re1_ob__adservice_loss__1,re1_ob,loss,adservice,raw,180,180,49,13,226.2973892461341,60.799960366558274,142.542459107407,0.8461538461538461,cartservice,0,0.0
re1_ob__adservice_loss__1,re1_ob,loss,adservice,ar,180,180,49,13,219.70861684916747,14.510571081078288,59.564485313201395,0.6923076923076923,cartservice,0,0.0
re1_ob__adservice_loss__1,re1_ob,loss,adservice,counterfactual_ar,180,180,49,13,194.18412000098647,61.81605945558817,175.93880965867058,0.9230769230769231,main,2,0.04081632653061224
re1_ob__adservice_loss__2,re1_ob,loss,adservice,raw,180,180,49,13,883.4553346638512,78.39708557265114,184.32439291544821,0.8461538461538461,frontend,0,0.0
re1_ob__adservice_loss__2,re1_ob,loss,adservice,ar,180,180,49,13,832.0595356751461,33.89468398727677,128.83906651084476,0.6923076923076923,frontend,0,0.0
re1_ob__adservice_loss__2,re1_ob,loss,adservice,counterfactual_ar,180,180,49,13,821.5710482481544,106.71617440203545,239.12364439274646,0.9230769230769231,frontend,2,0.04081632653061224
re1_ob__adservice_loss__3,re1_ob,loss,adservice,raw,180,180,49,13,306.36071185695744,14.635161821598691,150.0523853618373,0.6923076923076923,redis,0,0.0
re1_ob__adservice_loss__3,re1_ob,loss,adservice,ar,180,180,49,13,230.1111263166718,-1.3370684823285615,83.23281918647304,0.46153846153846156,redis,0,0.0
re1_ob__adservice_loss__3,re1_ob,loss,adservice,counterfactual_ar,180,180,49,13,212.40273470696906,63.71839998913123,155.3019321613679,0.8461538461538461,main,2,0.04081632653061224
re1_ob__adservice_loss__4,re1_ob,loss,adservice,raw,180,180,49,13,173.73401453610103,20.52950066450639,99.02452493195398,0.7692307692307693,main,0,0.0
re1_ob__adservice_loss__4,re1_ob,loss,adservice,ar,180,180,49,13,29.759012790883038,6.360055366373317,28.142312483696614,0.5384615384615384,paymentservice,0,0.0
re1_ob__adservice_loss__4,re1_ob,loss,adservice,counterfactual_ar,180,180,49,13,156.417847918441,69.47535311056065,138.62314930635512,0.9230769230769231,recommendationservice,3,0.061224489795918366
re1_ob__adservice_loss__5,re1_ob,loss,adservice,raw,180,180,49,13,236.28440554710497,46.60206617127593,131.5564928412326,0.8461538461538461,recommendationservice,0,0.0
re1_ob__adservice_loss__5,re1_ob,loss,adservice,ar,180,180,49,13,166.9262088438235,16.150320254883678,96.59954244410173,0.6153846153846154,recommendationservice,0,0.0
re1_ob__adservice_loss__5,re1_ob,loss,adservice,counterfactual_ar,180,180,49,13,301.2359835450783,70.91455196634944,175.64409561298268,0.9230769230769231,frontend,1,0.02040816326530612
re1_ob__adservice_mem__1,re1_ob,mem,adservice,raw,300,300,50,15,149.53294842534518,-1.7868838903080473,105.74679779415213,0.4,frontend-external,0,0.0
re1_ob__adservice_mem__1,re1_ob,mem,adservice,ar,300,300,50,15,22.581547135588778,-7.415358031864002,11.458556807548518,0.3333333333333333,frontend-external,0,0.0
re1_ob__adservice_mem__1,re1_ob,mem,adservice,counterfactual_ar,300,300,50,15,359.2252193655252,282.1609691202446,335.8481435673652,0.8,currencyservice,4,0.08
re1_ob__adservice_mem__2,re1_ob,mem,adservice,raw,300,300,50,15,455.58459692379046,18.781118918504678,286.2156278102251,0.6,main,0,0.0
re1_ob__adservice_mem__2,re1_ob,mem,adservice,ar,300,300,50,15,286.06857494343404,0.9872778894546173,155.8089777711887,0.5333333333333333,recommendationservice,0,0.0
re1_ob__adservice_mem__2,re1_ob,mem,adservice,counterfactual_ar,300,300,50,15,749.7396650537307,287.7880700747007,439.0968657584921,0.8,main,3,0.06
re1_ob__adservice_mem__3,re1_ob,mem,adservice,raw,300,300,50,15,356.96380592863534,-2.133358313649751,276.6852876563154,0.4666666666666667,emailservice,0,0.0
re1_ob__adservice_mem__3,re1_ob,mem,adservice,ar,300,300,50,15,282.5201598510887,-8.953036560755663,153.9392355698484,0.3333333333333333,emailservice,0,0.0
re1_ob__adservice_mem__3,re1_ob,mem,adservice,counterfactual_ar,300,300,50,15,490.5744031840763,315.3859297639029,429.2769919145309,0.8,adservice,5,0.09179999999999999
re1_ob__adservice_mem__4,re1_ob,mem,adservice,raw,300,300,50,15,301.0042573749828,-2.145310984161862,114.16111970032196,0.4666666666666667,main,0,0.0
re1_ob__adservice_mem__4,re1_ob,mem,adservice,ar,300,300,50,15,52.86920217348554,-6.369938322966088,26.311036507891252,0.2,emailservice,0,0.0
re1_ob__adservice_mem__4,re1_ob,mem,adservice,counterfactual_ar,300,300,50,15,419.4732981867169,255.39554280326698,336.9765534609504,0.8,paymentservice,3,0.06
re1_ob__adservice_mem__5,re1_ob,mem,adservice,raw,300,300,50,15,814.4987335079744,-3.6048039500643276,332.6984204724826,0.4666666666666667,emailservice,0,0.0
re1_ob__adservice_mem__5,re1_ob,mem,adservice,ar,300,300,50,15,732.3853372210982,0.7411358412133874,237.59008338169792,0.5333333333333333,emailservice,0,0.0
re1_ob__adservice_mem__5,re1_ob,mem,adservice,counterfactual_ar,300,300,50,15,845.3911364375821,296.6182608299361,516.098965855779,0.8,emailservice,2,0.04
re1_ob__cartservice_cpu__1,re1_ob,cpu,cartservice,raw,300,300,50,15,614.945776844545,1.5678688796814793,103.79640240625605,0.5333333333333333,frontend-external,0,0.0
re1_ob__cartservice_cpu__1,re1_ob,cpu,cartservice,ar,300,300,50,15,614.5329234968226,-8.340741923208535,67.20366295053698,0.3333333333333333,frontend-external,0,0.0
re1_ob__cartservice_cpu__1,re1_ob,cpu,cartservice,counterfactual_ar,300,300,50,15,614.8860899470485,278.69139088590777,426.0066341050174,0.8666666666666667,frontend-external,3,0.06
re1_ob__cartservice_cpu__2,re1_ob,cpu,cartservice,raw,300,300,50,15,216.26695290001518,7.398624509659915,154.7469407667091,0.5333333333333333,cartservice,0,0.0
re1_ob__cartservice_cpu__2,re1_ob,cpu,cartservice,ar,300,300,50,15,236.82631554811795,-5.797577986503796,63.292010915335496,0.3333333333333333,cartservice,0,0.0
re1_ob__cartservice_cpu__2,re1_ob,cpu,cartservice,counterfactual_ar,300,300,50,15,542.4949954819331,325.0825296042577,496.03650919056,0.7333333333333333,adservice,3,0.06
re1_ob__cartservice_cpu__3,re1_ob,cpu,cartservice,raw,300,300,50,15,575.9132185387534,-3.9184266117703905,143.2870114608462,0.4666666666666667,emailservice,0,0.0
re1_ob__cartservice_cpu__3,re1_ob,cpu,cartservice,ar,300,300,50,15,469.6949847254395,-6.984891497788908,28.726056222328737,0.2,emailservice,0,0.0
re1_ob__cartservice_cpu__3,re1_ob,cpu,cartservice,counterfactual_ar,300,300,50,15,517.7236723074925,265.45517400440184,434.565355325134,0.8,emailservice,3,0.06
re1_ob__cartservice_cpu__4,re1_ob,cpu,cartservice,raw,300,300,50,15,298.06503085027936,14.29551047268861,173.7089175744032,0.5333333333333333,recommendationservice,0,0.0
re1_ob__cartservice_cpu__4,re1_ob,cpu,cartservice,ar,300,300,50,15,276.90640298004246,-3.821493197892399,130.7955951478682,0.4,recommendationservice,0,0.0
re1_ob__cartservice_cpu__4,re1_ob,cpu,cartservice,counterfactual_ar,300,300,50,15,491.4653657356303,247.0646708682525,397.90466246356186,0.8,adservice,3,0.06
re1_ob__cartservice_cpu__5,re1_ob,cpu,cartservice,raw,300,300,50,15,154.6035923923049,-3.23712269054397,85.08499122011781,0.4666666666666667,emailservice,0,0.0
re1_ob__cartservice_cpu__5,re1_ob,cpu,cartservice,ar,300,300,50,15,60.617235936368196,-8.991494044673649,16.59978647832669,0.3333333333333333,emailservice,0,0.0
re1_ob__cartservice_cpu__5,re1_ob,cpu,cartservice,counterfactual_ar,300,300,50,15,341.7739605997587,243.7753017081926,331.927752010343,0.8,adservice,2,0.04
re1_ob__cartservice_delay__1,re1_ob,delay,cartservice,raw,180,180,48,13,262.70086026928925,23.014886602423378,95.13220388153542,0.8461538461538461,frontend,0,0.0
re1_ob__cartservice_delay__1,re1_ob,delay,cartservice,ar,180,180,48,13,250.9320225120678,6.355922293309334,96.60026844370405,0.6153846153846154,frontend,0,0.0
re1_ob__cartservice_delay__1,re1_ob,delay,cartservice,counterfactual_ar,180,180,48,13,292.28717091943196,87.25742096206038,171.23106674858585,0.9230769230769231,frontend,2,0.041666666666666664
re1_ob__cartservice_delay__2,re1_ob,delay,cartservice,raw,180,180,48,13,301.5981942235069,53.07107430822115,227.85881013421832,0.9230769230769231,main,0,0.0
re1_ob__cartservice_delay__2,re1_ob,delay,cartservice,ar,180,180,48,13,225.33542314466524,9.411272393788218,201.74202070735433,0.7692307692307693,cartservice,0,0.0
re1_ob__cartservice_delay__2,re1_ob,delay,cartservice,counterfactual_ar,180,180,48,13,324.7609725136132,69.31715053510489,245.51814485665145,0.9230769230769231,main,3,0.061111111111111116
re1_ob__cartservice_delay__3,re1_ob,delay,cartservice,raw,180,180,48,13,468.75241271220335,32.40536976535654,258.90850656891894,1.0,main,0,0.0
re1_ob__cartservice_delay__3,re1_ob,delay,cartservice,ar,180,180,48,13,235.24675109821783,34.40683553018838,212.81288805286079,0.9230769230769231,cartservice,0,0.0
re1_ob__cartservice_delay__3,re1_ob,delay,cartservice,counterfactual_ar,180,180,48,13,326.4995098008117,60.17749977627301,183.0160157459228,0.9230769230769231,cartservice,5,0.10324074074074074
re1_ob__cartservice_delay__4,re1_ob,delay,cartservice,raw,180,180,48,13,247.0123728084512,28.613420886792692,222.70369324005495,0.8461538461538461,cartservice,0,0.0
re1_ob__cartservice_delay__4,re1_ob,delay,cartservice,ar,180,180,48,13,220.79899510655227,18.17040645380564,149.59342010583822,0.8461538461538461,checkoutservice,0,0.0
re1_ob__cartservice_delay__4,re1_ob,delay,cartservice,counterfactual_ar,180,180,48,13,271.0801767508631,56.655861157815444,209.63266507999006,0.8461538461538461,cartservice,5,0.10335648148148148
re1_ob__cartservice_delay__5,re1_ob,delay,cartservice,raw,180,180,48,13,450.24973207525386,102.3109903401276,313.36363054109995,0.9230769230769231,recommendationservice,0,0.0
re1_ob__cartservice_delay__5,re1_ob,delay,cartservice,ar,180,180,48,13,400.139758847894,19.04460059925348,229.28630332630047,0.7692307692307693,recommendationservice,0,0.0
re1_ob__cartservice_delay__5,re1_ob,delay,cartservice,counterfactual_ar,180,180,48,13,424.7949786897696,115.69451456539416,297.77163445071545,0.9230769230769231,cartservice,4,0.08263888888888889
re1_ob__cartservice_disk__1,re1_ob,disk,cartservice,raw,180,180,46,13,240.08723834864955,72.37313994521924,189.89290794441175,0.9230769230769231,emailservice,0,0.0
re1_ob__cartservice_disk__1,re1_ob,disk,cartservice,ar,180,180,46,13,189.49522638841117,39.898732667197464,182.63834256702825,0.8461538461538461,emailservice,0,0.0
re1_ob__cartservice_disk__1,re1_ob,disk,cartservice,counterfactual_ar,180,180,46,13,297.6996813147053,121.35556141567754,249.68700382880735,0.9230769230769231,redis,0,0.0
re1_ob__cartservice_disk__2,re1_ob,disk,cartservice,raw,180,180,47,13,246.61427081304296,72.35473756096644,211.93606920320815,0.9230769230769231,cartservice,0,0.0
re1_ob__cartservice_disk__2,re1_ob,disk,cartservice,ar,180,180,47,13,218.61154642408215,47.124007121221176,170.00805317444645,0.8461538461538461,cartservice,0,0.0
re1_ob__cartservice_disk__2,re1_ob,disk,cartservice,counterfactual_ar,180,180,47,13,187.2246194893274,114.02371208878691,164.49246966730325,0.9230769230769231,adservice,0,0.0
re1_ob__cartservice_disk__3,re1_ob,disk,cartservice,raw,180,180,48,14,5485.290092331663,155.22263736051679,528.9167810778608,0.9285714285714286,frontend-check,0,0.0
re1_ob__cartservice_disk__3,re1_ob,disk,cartservice,ar,180,180,48,14,5393.708922269707,98.2506186978676,413.96912358128276,0.9285714285714286,frontend-check,0,0.0
re1_ob__cartservice_disk__3,re1_ob,disk,cartservice,counterfactual_ar,180,180,48,14,5393.708922269707,239.0425294825077,644.2675511833125,0.9285714285714286,frontend-check,1,0.020833333333333332
re1_ob__cartservice_disk__4,re1_ob,disk,cartservice,raw,180,180,47,13,172.07145792828334,35.265734951100455,122.75654131552265,0.9230769230769231,redis,0,0.0
re1_ob__cartservice_disk__4,re1_ob,disk,cartservice,ar,180,180,47,13,193.72868310688108,26.742062853836824,67.94916093050715,0.7692307692307693,redis,0,0.0
re1_ob__cartservice_disk__4,re1_ob,disk,cartservice,counterfactual_ar,180,180,47,13,110.42563111007435,61.4645061113279,92.91677458978278,0.9230769230769231,paymentservice,0,0.0
re1_ob__cartservice_disk__5,re1_ob,disk,cartservice,raw,180,180,48,13,246.91099061347117,38.71314337567505,147.8851547478364,0.8461538461538461,emailservice,0,0.0
re1_ob__cartservice_disk__5,re1_ob,disk,cartservice,ar,180,180,48,13,184.95381541659745,14.426753980418482,80.07774717448687,0.8461538461538461,emailservice,0,0.0
re1_ob__cartservice_disk__5,re1_ob,disk,cartservice,counterfactual_ar,180,180,48,13,250.51615746473558,49.38950467856057,132.52301727493474,0.9230769230769231,emailservice,1,0.00011574074074074075
re1_ob__cartservice_loss__1,re1_ob,loss,cartservice,raw,180,180,49,13,510.9254014406641,245.50794407696807,385.95381123474976,0.9230769230769231,cartservice,0,0.0
re1_ob__cartservice_loss__1,re1_ob,loss,cartservice,ar,180,180,49,13,369.84314970608057,171.49799320305215,254.73575951865783,0.9230769230769231,cartservice,0,0.0
re1_ob__cartservice_loss__1,re1_ob,loss,cartservice,counterfactual_ar,180,180,49,13,466.61979530947224,106.96978060107682,271.8339856524257,0.9230769230769231,adservice,0,0.0
re1_ob__cartservice_loss__2,re1_ob,loss,cartservice,raw,180,180,49,13,1259.2392408753685,50.466765460336035,310.56002361129316,0.9230769230769231,frontend-external,0,0.0
re1_ob__cartservice_loss__2,re1_ob,loss,cartservice,ar,180,180,49,13,1237.565156285067,12.241515216998371,293.8582516889785,0.5384615384615384,frontend-external,0,0.0
re1_ob__cartservice_loss__2,re1_ob,loss,cartservice,counterfactual_ar,180,180,49,13,1237.8810098440226,108.68094177783139,376.4679966098896,1.0,frontend-external,4,0.08163265306122448
re1_ob__cartservice_loss__3,re1_ob,loss,cartservice,raw,180,180,49,13,361.72015482974115,22.59850895459806,164.59979731893688,0.8461538461538461,cartservice,0,0.0
re1_ob__cartservice_loss__3,re1_ob,loss,cartservice,ar,180,180,49,13,376.7427735190875,-2.5065940727173577,162.73945246519745,0.46153846153846156,cartservice,0,0.0
re1_ob__cartservice_loss__3,re1_ob,loss,cartservice,counterfactual_ar,180,180,49,13,428.2901096542126,64.16197290228514,227.25853340521562,0.9230769230769231,cartservice,3,0.061224489795918366
re1_ob__cartservice_loss__4,re1_ob,loss,cartservice,raw,180,180,49,13,311.9398001437962,26.13531118006449,181.8926419294608,0.7692307692307693,adservice,0,0.0
re1_ob__cartservice_loss__4,re1_ob,loss,cartservice,ar,180,180,49,13,258.3236418114249,5.225763279171464,136.40231245912418,0.6153846153846154,adservice,0,0.0
re1_ob__cartservice_loss__4,re1_ob,loss,cartservice,counterfactual_ar,180,180,49,13,382.8555285018006,70.22954476829035,177.28541732089096,0.9230769230769231,adservice,3,0.061224489795918366
re1_ob__cartservice_loss__5,re1_ob,loss,cartservice,raw,180,180,49,13,344.18634839832043,26.128872563327036,148.86588751342927,0.8461538461538461,frontend-external,0,0.0
re1_ob__cartservice_loss__5,re1_ob,loss,cartservice,ar,180,180,49,13,343.9490619670876,-1.1191694979110025,60.10923114999367,0.46153846153846156,frontend-external,0,0.0
re1_ob__cartservice_loss__5,re1_ob,loss,cartservice,counterfactual_ar,180,180,49,13,343.8920513407778,54.527318973104435,168.84989357232914,1.0,frontend-external,2,0.04081632653061224
re1_ob__cartservice_mem__1,re1_ob,mem,cartservice,raw,300,300,50,15,126.27556072706614,-0.9322900286442936,71.11693003547985,0.4666666666666667,emailservice,0,0.0
re1_ob__cartservice_mem__1,re1_ob,mem,cartservice,ar,300,300,50,15,106.17701610881028,-8.651277459104714,41.68323364922259,0.2,adservice,0,0.0
re1_ob__cartservice_mem__1,re1_ob,mem,cartservice,counterfactual_ar,300,300,50,15,485.22254939397345,244.27895682097565,399.23280456947646,0.8,adservice,4,0.08
re1_ob__cartservice_mem__2,re1_ob,mem,cartservice,raw,300,300,50,15,379.261001084986,1.191202780622272,231.4476473611759,0.6,main,0,0.0
re1_ob__cartservice_mem__2,re1_ob,mem,cartservice,ar,300,300,50,15,264.81880749469826,-5.623723577364672,81.65075971634823,0.4666666666666667,emailservice,0,0.0
re1_ob__cartservice_mem__2,re1_ob,mem,cartservice,counterfactual_ar,300,300,50,15,614.1130492308489,316.4320007262085,517.6978287693727,0.8,main,2,0.04
re1_ob__cartservice_mem__3,re1_ob,mem,cartservice,raw,300,300,50,15,171.99803284718314,-3.9916170780107527,104.74941343105515,0.4,recommendationservice,0,0.0
re1_ob__cartservice_mem__3,re1_ob,mem,cartservice,ar,300,300,50,15,99.69389443582826,-7.556577524782028,57.06349380435791,0.13333333333333333,cartservice,0,0.0
re1_ob__cartservice_mem__3,re1_ob,mem,cartservice,counterfactual_ar,300,300,50,15,464.48464903002946,290.03115705494923,376.55371112795353,0.7333333333333333,recommendationservice,4,0.08
re1_ob__cartservice_mem__4,re1_ob,mem,cartservice,raw,300,300,50,15,613.8409555015916,2.658763889266917,103.59961614203795,0.6,frontend-external,0,0.0
re1_ob__cartservice_mem__4,re1_ob,mem,cartservice,ar,300,300,50,15,613.552145032615,-7.15293085216202,8.308826534370347,0.2,frontend-external,0,0.0
re1_ob__cartservice_mem__4,re1_ob,mem,cartservice,counterfactual_ar,300,300,50,15,613.5175824980424,289.86516801575226,427.079526203096,0.8,frontend-external,3,0.06
re1_ob__cartservice_mem__5,re1_ob,mem,cartservice,raw,300,300,50,15,363.2880092892502,-6.2598346500669395,212.4935692767459,0.4666666666666667,main,0,0.0
re1_ob__cartservice_mem__5,re1_ob,mem,cartservice,ar,300,300,50,15,248.940867910911,-9.487699080606035,83.08129562003816,0.26666666666666666,cartservice,0,0.0
re1_ob__cartservice_mem__5,re1_ob,mem,cartservice,counterfactual_ar,300,300,50,15,475.7748603405273,240.10503032708803,362.8423354527051,0.8,paymentservice,3,0.06
re1_ob__checkoutservice_cpu__1,re1_ob,cpu,checkoutservice,raw,300,300,50,15,87.73194203826833,-5.473319115176935,30.441744949416965,0.4,main,0,0.0
re1_ob__checkoutservice_cpu__1,re1_ob,cpu,checkoutservice,ar,300,300,50,15,76.82594867558389,-8.744302807230346,27.513341692123657,0.2,cartservice,0,0.0
re1_ob__checkoutservice_cpu__1,re1_ob,cpu,checkoutservice,counterfactual_ar,300,300,50,15,378.5520545806556,246.48142904058784,326.6924939304418,0.7333333333333333,cartservice,2,0.04
re1_ob__checkoutservice_cpu__2,re1_ob,cpu,checkoutservice,raw,300,300,50,15,407.1316039042628,8.403152058107802,142.4511694776001,0.6,frontend,0,0.0
re1_ob__checkoutservice_cpu__2,re1_ob,cpu,checkoutservice,ar,300,300,50,15,404.8671527610677,-5.953511714733319,171.16678992279816,0.4666666666666667,frontend,0,0.0
re1_ob__checkoutservice_cpu__2,re1_ob,cpu,checkoutservice,counterfactual_ar,300,300,50,15,642.8978499766586,252.5388215600739,425.32228371072017,0.8,frontend,1,0.02
re1_ob__checkoutservice_cpu__3,re1_ob,cpu,checkoutservice,raw,300,300,50,15,256.0415956217737,10.428586577892512,182.26909006440314,0.6,recommendationservice,0,0.0
re1_ob__checkoutservice_cpu__3,re1_ob,cpu,checkoutservice,ar,300,300,50,15,221.24257364767803,-3.4873803093576803,86.7055977062291,0.4666666666666667,recommendationservice,0,0.0
re1_ob__checkoutservice_cpu__3,re1_ob,cpu,checkoutservice,counterfactual_ar,300,300,50,15,581.3374234688632,252.2003429902019,430.18757504834946,0.8,recommendationservice,3,0.05906666666666666
re1_ob__checkoutservice_cpu__4,re1_ob,cpu,checkoutservice,raw,300,300,50,15,2017.1197096233896,24.062315007583834,412.534055589319,0.6666666666666666,frontend-external,0,0.0
re1_ob__checkoutservice_cpu__4,re1_ob,cpu,checkoutservice,ar,300,300,50,15,1996.4654275302287,5.100711405641732,336.218662462996,0.6666666666666666,frontend-external,0,0.0
re1_ob__checkoutservice_cpu__4,re1_ob,cpu,checkoutservice,counterfactual_ar,300,300,50,15,1996.911725422765,288.7290374798338,480.57527573567455,0.8666666666666667,frontend-external,3,0.06
re1_ob__checkoutservice_cpu__5,re1_ob,cpu,checkoutservice,raw,300,300,50,15,202.69891633955982,19.455205808748133,114.63670225579494,0.6,recommendationservice,0,0.0
re1_ob__checkoutservice_cpu__5,re1_ob,cpu,checkoutservice,ar,300,300,50,15,179.4545635110974,1.5111766923833254,90.48287822560809,0.5333333333333333,recommendationservice,0,0.0
re1_ob__checkoutservice_cpu__5,re1_ob,cpu,checkoutservice,counterfactual_ar,300,300,50,15,558.7840481380157,280.0126415288726,388.2075480333675,0.8,recommendationservice,2,0.04
re1_ob__checkoutservice_delay__1,re1_ob,delay,checkoutservice,raw,180,180,47,13,216.8392783675744,93.27941447623287,198.0374055287719,0.8461538461538461,adservice,0,0.0
re1_ob__checkoutservice_delay__1,re1_ob,delay,checkoutservice,ar,180,180,47,13,160.59196763166975,52.67116416327061,105.05861751878061,0.9230769230769231,adservice,0,0.0
re1_ob__checkoutservice_delay__1,re1_ob,delay,checkoutservice,counterfactual_ar,180,180,47,13,200.986834711909,110.22080700941173,189.8005943238821,0.9230769230769231,main,3,0.06382978723404255
re1_ob__checkoutservice_delay__2,re1_ob,delay,checkoutservice,raw,180,180,47,13,258.585770916072,48.85259304686298,226.02926887423644,0.8461538461538461,checkoutservice,0,0.0
re1_ob__checkoutservice_delay__2,re1_ob,delay,checkoutservice,ar,180,180,47,13,256.65567240403533,5.085242464147673,180.7366661102738,0.6923076923076923,checkoutservice,0,0.0
re1_ob__checkoutservice_delay__2,re1_ob,delay,checkoutservice,counterfactual_ar,180,180,47,13,262.4018870330721,65.57720383269475,124.1814928038576,0.9230769230769231,checkoutservice,3,0.0635933806146572
re1_ob__checkoutservice_delay__3,re1_ob,delay,checkoutservice,raw,180,180,47,13,1209.8086965998305,16.156804715273893,241.01711568732887,0.8461538461538461,frontend-external,0,0.0
re1_ob__checkoutservice_delay__3,re1_ob,delay,checkoutservice,ar,180,180,47,13,1189.3213986807207,28.158507929184832,209.33589352256232,0.5384615384615384,frontend-external,0,0.0
re1_ob__checkoutservice_delay__3,re1_ob,delay,checkoutservice,counterfactual_ar,180,180,47,13,1189.1326949909294,88.4702819348372,250.80426922653905,1.0,frontend-external,4,0.08463356973995272
re1_ob__checkoutservice_delay__4,re1_ob,delay,checkoutservice,raw,180,180,48,13,252.04086253599016,83.89513004825142,226.7339999090799,0.8461538461538461,emailservice,0,0.0
re1_ob__checkoutservice_delay__4,re1_ob,delay,checkoutservice,ar,180,180,48,13,223.24000406836976,41.93336765088922,172.86312843311197,0.8461538461538461,checkoutservice,0,0.0
re1_ob__checkoutservice_delay__4,re1_ob,delay,checkoutservice,counterfactual_ar,180,180,48,13,293.9624622942926,157.15200744279994,249.86551119294214,0.9230769230769231,main,3,0.06215277777777778
re1_ob__checkoutservice_delay__5,re1_ob,delay,checkoutservice,raw,180,180,48,13,344.9822243648923,52.8004408621969,225.3946766403917,0.9230769230769231,frontend-external,0,0.0
re1_ob__checkoutservice_delay__5,re1_ob,delay,checkoutservice,ar,180,180,48,13,344.9213818364825,25.054758607335923,202.38586967239502,0.8461538461538461,frontend-external,0,0.0
re1_ob__checkoutservice_delay__5,re1_ob,delay,checkoutservice,counterfactual_ar,180,180,48,13,344.4010801000217,50.4241418651157,245.04422819740108,1.0,frontend-external,2,0.041666666666666664
re1_ob__checkoutservice_disk__1,re1_ob,disk,checkoutservice,raw,180,180,46,13,114.40382245544392,9.258759885414207,62.78493839074749,0.7692307692307693,emailservice,0,0.0
re1_ob__checkoutservice_disk__1,re1_ob,disk,checkoutservice,ar,180,180,46,13,95.38305938042403,2.555404248135081,14.161892095430241,0.6153846153846154,emailservice,0,0.0
re1_ob__checkoutservice_disk__1,re1_ob,disk,checkoutservice,counterfactual_ar,180,180,46,13,146.93628940036533,81.25983446111216,121.59962772719972,0.9230769230769231,frontend,1,0.019806763285024155
re1_ob__checkoutservice_disk__2,re1_ob,disk,checkoutservice,raw,180,180,48,13,204.44060483999112,2.5284578904858486,90.2442840183015,0.5384615384615384,redis,0,0.0
re1_ob__checkoutservice_disk__2,re1_ob,disk,checkoutservice,ar,180,180,48,13,193.55094095065056,-3.020704355766535,92.98478406710142,0.38461538461538464,redis,0,0.0
re1_ob__checkoutservice_disk__2,re1_ob,disk,checkoutservice,counterfactual_ar,180,180,48,13,269.56590968036454,99.57336134093954,197.6885394871286,0.8461538461538461,redis,2,0.041666666666666664
re1_ob__checkoutservice_disk__3,re1_ob,disk,checkoutservice,raw,180,180,48,13,311.92996755022153,15.631310600387868,234.31413706983858,0.7692307692307693,redis,0,0.0
re1_ob__checkoutservice_disk__3,re1_ob,disk,checkoutservice,ar,180,180,48,13,267.5193452430548,3.1127265118727983,185.0696610030766,0.6153846153846154,redis,0,0.0
re1_ob__checkoutservice_disk__3,re1_ob,disk,checkoutservice,counterfactual_ar,180,180,48,13,226.30325226346554,62.76295674294414,170.17621299338506,0.9230769230769231,cartservice,1,0.01875
re1_ob__checkoutservice_disk__4,re1_ob,disk,checkoutservice,raw,180,180,48,13,275.4632332507278,20.076030269059117,101.53796934182941,0.9230769230769231,emailservice,0,0.0
re1_ob__checkoutservice_disk__4,re1_ob,disk,checkoutservice,ar,180,180,48,13,211.58775862801846,20.48245657771226,94.48210971571322,0.8461538461538461,emailservice,0,0.0
re1_ob__checkoutservice_disk__4,re1_ob,disk,checkoutservice,counterfactual_ar,180,180,48,13,248.7401397043917,106.27193121110615,240.02155545072137,0.9230769230769231,cartservice,0,0.0
re1_ob__checkoutservice_disk__5,re1_ob,disk,checkoutservice,raw,180,180,48,13,174.0408352327408,52.370439457812324,148.95048509859163,0.9230769230769231,redis,0,0.0
re1_ob__checkoutservice_disk__5,re1_ob,disk,checkoutservice,ar,180,180,48,13,162.57552673398465,33.60521678549003,138.7084514175039,0.9230769230769231,redis,0,0.0
re1_ob__checkoutservice_disk__5,re1_ob,disk,checkoutservice,counterfactual_ar,180,180,48,13,244.398208734976,107.83557981032834,182.80167897814098,0.9230769230769231,frontend,0,0.0
re1_ob__checkoutservice_loss__1,re1_ob,loss,checkoutservice,raw,180,180,49,13,1240.241126633427,32.06769277603769,115.5639604979998,0.7692307692307693,frontend-external,0,0.0
re1_ob__checkoutservice_loss__1,re1_ob,loss,checkoutservice,ar,180,180,49,13,1219.1020380783282,4.940256353417605,38.9575051581592,0.6923076923076923,frontend-external,0,0.0
re1_ob__checkoutservice_loss__1,re1_ob,loss,checkoutservice,counterfactual_ar,180,180,49,13,1219.0947132696083,59.10171668912881,174.47077368827576,1.0,frontend-external,3,0.061224489795918366
re1_ob__checkoutservice_loss__2,re1_ob,loss,checkoutservice,raw,180,180,49,13,345.6475410895313,39.6517282043527,174.32814011807048,0.8461538461538461,frontend-external,0,0.0
re1_ob__checkoutservice_loss__2,re1_ob,loss,checkoutservice,ar,180,180,49,13,344.15969348011913,-3.659599851337236,176.45824936100013,0.46153846153846156,frontend-external,0,0.0
re1_ob__checkoutservice_loss__2,re1_ob,loss,checkoutservice,counterfactual_ar,180,180,49,13,314.79519048271516,69.6456197894153,300.3140022550444,1.0,frontend-external,3,0.061224489795918366
re1_ob__checkoutservice_loss__3,re1_ob,loss,checkoutservice,raw,180,180,49,13,170.80291929117666,22.686301791737055,135.66321777540693,0.8461538461538461,emailservice,0,0.0
re1_ob__checkoutservice_loss__3,re1_ob,loss,checkoutservice,ar,180,180,49,13,109.1369908495218,8.43382275452052,59.36905099646504,0.7692307692307693,emailservice,0,0.0
re1_ob__checkoutservice_loss__3,re1_ob,loss,checkoutservice,counterfactual_ar,180,180,49,13,164.28790736014847,115.51931058841706,150.6038169480429,0.9230769230769231,emailservice,3,0.05975056689342404
re1_ob__checkoutservice_loss__4,re1_ob,loss,checkoutservice,raw,180,180,49,13,236.43360966808496,32.43685258833582,79.20379603220252,0.8461538461538461,recommendationservice,0,0.0
re1_ob__checkoutservice_loss__4,re1_ob,loss,checkoutservice,ar,180,180,49,13,166.70006034938072,6.833271513979639,23.068381316184563,0.7692307692307693,recommendationservice,0,0.0
re1_ob__checkoutservice_loss__4,re1_ob,loss,checkoutservice,counterfactual_ar,180,180,49,13,235.03912080944542,90.22543921877839,163.22871847124748,0.9230769230769231,recommendationservice,1,0.02040816326530612
re1_ob__checkoutservice_loss__5,re1_ob,loss,checkoutservice,raw,180,180,49,13,208.90680899607912,27.50969502629594,125.38968883269281,0.8461538461538461,cartservice,0,0.0
re1_ob__checkoutservice_loss__5,re1_ob,loss,checkoutservice,ar,180,180,49,13,211.1755918334063,6.098373246007934,35.148810467767774,0.5384615384615384,cartservice,0,0.0
re1_ob__checkoutservice_loss__5,re1_ob,loss,checkoutservice,counterfactual_ar,180,180,49,13,240.47409523055669,81.85695820400933,196.3731409369505,0.9230769230769231,cartservice,2,0.020634920634920634
re1_ob__checkoutservice_mem__1,re1_ob,mem,checkoutservice,raw,300,300,50,15,2068.726730618648,72.44633944546138,401.68294108002215,0.8666666666666667,frontend-external,0,0.0
re1_ob__checkoutservice_mem__1,re1_ob,mem,checkoutservice,ar,300,300,50,15,2047.7195103436945,27.397975499421836,308.9502384634391,0.8,frontend-external,0,0.0
re1_ob__checkoutservice_mem__1,re1_ob,mem,checkoutservice,counterfactual_ar,300,300,50,15,2047.4848390186355,181.3175618824928,492.45424310763275,0.8666666666666667,frontend-external,5,0.09486666666666667
re1_ob__checkoutservice_mem__2,re1_ob,mem,checkoutservice,raw,300,300,50,15,340.3027587163094,22.76722296800155,239.09618066365184,0.8,main,0,0.0
re1_ob__checkoutservice_mem__2,re1_ob,mem,checkoutservice,ar,300,300,50,15,284.2134039367542,4.224923861745499,193.31584049115278,0.6666666666666666,emailservice,0,0.0
re1_ob__checkoutservice_mem__2,re1_ob,mem,checkoutservice,counterfactual_ar,300,300,50,15,419.93835862977375,313.3340589112433,377.0524242148522,0.8,adservice,7,0.09733333333333334
re1_ob__checkoutservice_mem__3,re1_ob,mem,checkoutservice,raw,300,300,50,15,621.2152304045134,148.00329408881728,366.93926771575326,0.8666666666666667,frontend-external,0,0.0
re1_ob__checkoutservice_mem__3,re1_ob,mem,checkoutservice,ar,300,300,50,15,619.1243370731148,71.46922035155194,317.29600935280047,0.8666666666666667,frontend-external,0,0.0
re1_ob__checkoutservice_mem__3,re1_ob,mem,checkoutservice,counterfactual_ar,300,300,50,15,619.9144171449793,110.18248848148751,288.6790966701108,0.8666666666666667,frontend-external,2,0.04
re1_ob__checkoutservice_mem__4,re1_ob,mem,checkoutservice,raw,300,300,50,15,613.7624322024196,21.145986856459064,179.66426973741207,0.8666666666666667,frontend-external,0,0.0
re1_ob__checkoutservice_mem__4,re1_ob,mem,checkoutservice,ar,300,300,50,15,613.508164742675,3.8410678630821926,93.0361275904308,0.6,frontend-external,0,0.0
re1_ob__checkoutservice_mem__4,re1_ob,mem,checkoutservice,counterfactual_ar,300,300,50,15,613.3206541360569,83.87341141700797,290.3977573960497,0.8666666666666667,frontend-external,1,0.02
re1_ob__checkoutservice_mem__5,re1_ob,mem,checkoutservice,raw,300,300,50,15,441.86947526161526,48.20665172643032,410.5313186646418,0.7333333333333333,emailservice,0,0.0
re1_ob__checkoutservice_mem__5,re1_ob,mem,checkoutservice,ar,300,300,50,15,362.5053459979866,31.207610743519734,317.75431700703405,0.6666666666666666,emailservice,0,0.0
re1_ob__checkoutservice_mem__5,re1_ob,mem,checkoutservice,counterfactual_ar,300,300,50,15,524.062207998412,144.99474812255684,420.8443871856747,0.8,paymentservice,4,0.08
re1_ob__currencyservice_cpu__1,re1_ob,cpu,currencyservice,raw,300,300,50,15,716.708542333844,154.53420637135005,454.12693235039444,0.8,paymentservice,0,0.0
re1_ob__currencyservice_cpu__1,re1_ob,cpu,currencyservice,ar,300,300,50,15,603.0132491345774,31.546790687023986,406.88975229631154,0.6666666666666666,paymentservice,0,0.0
re1_ob__currencyservice_cpu__1,re1_ob,cpu,currencyservice,counterfactual_ar,300,300,50,15,833.9090451796598,165.89262514424067,512.0945357029053,0.8,paymentservice,3,0.06
re1_ob__currencyservice_cpu__2,re1_ob,cpu,currencyservice,raw,300,300,50,15,391.14391602950974,24.673190911651375,283.767944772329,0.6,emailservice,0,0.0
re1_ob__currencyservice_cpu__2,re1_ob,cpu,currencyservice,ar,300,300,50,15,229.99686319066993,-8.808194431661263,180.9747726408296,0.26666666666666666,cartservice,0,0.0
re1_ob__currencyservice_cpu__2,re1_ob,cpu,currencyservice,counterfactual_ar,300,300,50,15,609.3354502798475,301.3449130956139,528.6889895741402,0.8,main,2,0.04
re1_ob__currencyservice_cpu__3,re1_ob,cpu,currencyservice,raw,300,300,50,15,614.1096202897065,42.849990842131206,413.1252567918217,0.6666666666666666,frontend-external,0,0.0
re1_ob__currencyservice_cpu__3,re1_ob,cpu,currencyservice,ar,300,300,50,15,614.1854310829146,38.31108317587874,395.0391764993754,0.5333333333333333,frontend-external,0,0.0
re1_ob__currencyservice_cpu__3,re1_ob,cpu,currencyservice,counterfactual_ar,300,300,50,15,686.9773790947988,289.48042934586533,650.8354126617146,0.8,frontend,3,0.06
re1_ob__currencyservice_cpu__4,re1_ob,cpu,currencyservice,raw,300,300,50,15,351.82835706923566,6.1879723649630405,172.68211412974404,0.6,paymentservice,0,0.0
re1_ob__currencyservice_cpu__4,re1_ob,cpu,currencyservice,ar,300,300,50,15,337.7032242967654,-3.0963078527521852,109.52657394419194,0.4,paymentservice,0,0.0
re1_ob__currencyservice_cpu__4,re1_ob,cpu,currencyservice,counterfactual_ar,300,300,50,15,426.0480634886182,271.1403781126845,401.2929963382106,0.8,paymentservice,3,0.06
re1_ob__currencyservice_cpu__5,re1_ob,cpu,currencyservice,raw,300,300,50,15,198.2234605643695,3.9599626001418833,110.79724163099478,0.6,paymentservice,0,0.0
re1_ob__currencyservice_cpu__5,re1_ob,cpu,currencyservice,ar,300,300,50,15,126.86798841576699,-4.656468395162013,62.281974008532956,0.4666666666666667,paymentservice,0,0.0
re1_ob__currencyservice_cpu__5,re1_ob,cpu,currencyservice,counterfactual_ar,300,300,50,15,415.19155766021896,279.01910987622205,361.3875318463533,0.8,currencyservice,2,0.04
re1_ob__currencyservice_delay__1,re1_ob,delay,currencyservice,raw,180,180,47,13,235.75914572354213,33.18113589623547,150.8857787443198,0.9230769230769231,checkoutservice,0,0.0
re1_ob__currencyservice_delay__1,re1_ob,delay,currencyservice,ar,180,180,47,13,225.7533222825227,11.43527434916795,84.41679858779717,0.6923076923076923,checkoutservice,0,0.0
re1_ob__currencyservice_delay__1,re1_ob,delay,currencyservice,counterfactual_ar,180,180,47,13,166.97931849222803,68.67372597339198,146.36309263457483,0.9230769230769231,checkoutservice,4,0.08333333333333333
re1_ob__currencyservice_delay__2,re1_ob,delay,currencyservice,raw,180,180,47,13,234.72154066197652,108.450231122069,223.42711474062116,0.8461538461538461,checkoutservice,0,0.0
re1_ob__currencyservice_delay__2,re1_ob,delay,currencyservice,ar,180,180,47,13,237.88137023408206,93.02781379120223,190.22628753724177,0.7692307692307693,checkoutservice,0,0.0
re1_ob__currencyservice_delay__2,re1_ob,delay,currencyservice,counterfactual_ar,180,180,47,13,303.8658465871072,71.49558844559544,198.95530730571585,0.8461538461538461,adservice,2,0.0425531914893617
re1_ob__currencyservice_delay__3,re1_ob,delay,currencyservice,raw,180,180,48,13,242.092197310707,13.325186272620385,186.10755688398226,0.6153846153846154,cartservice,0,0.0
re1_ob__currencyservice_delay__3,re1_ob,delay,currencyservice,ar,180,180,48,13,225.79199722075694,0.08193343298586342,175.52733173320158,0.5384615384615384,cartservice,0,0.0
re1_ob__currencyservice_delay__3,re1_ob,delay,currencyservice,counterfactual_ar,180,180,48,13,267.15447042050323,41.128361070204754,154.30538930790166,0.8461538461538461,cartservice,6,0.08217592592592593
re1_ob__currencyservice_delay__4,re1_ob,delay,currencyservice,raw,180,180,48,13,240.97983414066866,2.8141923270995903,204.6843837426277,0.6923076923076923,checkoutservice,0,0.0
re1_ob__currencyservice_delay__4,re1_ob,delay,currencyservice,ar,180,180,48,13,225.21982350536186,1.1216680495226494,189.7793449823268,0.5384615384615384,currencyservice,0,0.0
re1_ob__currencyservice_delay__4,re1_ob,delay,currencyservice,counterfactual_ar,180,180,48,13,237.30482236689696,32.00568370027574,185.4873426895584,0.8461538461538461,currencyservice,4,0.08333333333333333
re1_ob__currencyservice_delay__5,re1_ob,delay,currencyservice,raw,180,180,47,13,1208.9565070750796,131.58976471708255,353.0231797545835,0.9230769230769231,frontend-external,0,0.0
re1_ob__currencyservice_delay__5,re1_ob,delay,currencyservice,ar,180,180,47,13,1188.3260460770075,91.06541358604848,243.1600873610101,0.9230769230769231,frontend-external,0,0.0
re1_ob__currencyservice_delay__5,re1_ob,delay,currencyservice,counterfactual_ar,180,180,47,13,1188.0399499251537,137.61167362918883,345.5145742572846,0.9230769230769231,frontend-external,2,0.04243498817966903
re1_ob__currencyservice_disk__1,re1_ob,disk,currencyservice,raw,180,180,46,13,173.91093822024607,74.81166989570119,128.06137628945294,1.0,currencyservice,0,0.0
re1_ob__currencyservice_disk__1,re1_ob,disk,currencyservice,ar,180,180,46,13,118.31995814694555,37.87261785172495,83.0116701194169,0.8461538461538461,currencyservice,0,0.0
re1_ob__currencyservice_disk__1,re1_ob,disk,currencyservice,counterfactual_ar,180,180,46,13,298.1246838482667,111.3980610131855,266.9981082430175,1.0,adservice,2,0.043478260869565216
re1_ob__currencyservice_disk__2,re1_ob,disk,currencyservice,raw,180,180,48,13,226.54297447775056,62.38466174663523,188.7867000445575,0.8461538461538461,cartservice,0,0.0
re1_ob__currencyservice_disk__2,re1_ob,disk,currencyservice,ar,180,180,48,13,237.60763723113487,61.09006510219293,154.61330269408958,0.8461538461538461,cartservice,0,0.0
re1_ob__currencyservice_disk__2,re1_ob,disk,currencyservice,counterfactual_ar,180,180,48,13,281.1859218076004,126.86991923428229,274.1359813348424,0.8461538461538461,cartservice,0,0.0
re1_ob__currencyservice_disk__3,re1_ob,disk,currencyservice,raw,180,180,48,13,63.41569630858345,10.599815051043626,53.54204810236446,0.9230769230769231,paymentservice,0,0.0
re1_ob__currencyservice_disk__3,re1_ob,disk,currencyservice,ar,180,180,48,13,24.53739201311936,-0.30179578227847514,2.3178572753695725,0.46153846153846156,paymentservice,0,0.0
re1_ob__currencyservice_disk__3,re1_ob,disk,currencyservice,counterfactual_ar,180,180,48,13,215.74874526994955,49.25005051989278,179.07964512754074,0.9230769230769231,redis,2,0.041435185185185186
re1_ob__currencyservice_disk__4,re1_ob,disk,currencyservice,raw,180,180,46,13,216.57720063270096,28.639983422337327,124.15874520055358,0.8461538461538461,currencyservice,0,0.0
re1_ob__currencyservice_disk__4,re1_ob,disk,currencyservice,ar,180,180,46,13,129.01707727903863,23.333826322608655,54.35441885888238,0.6923076923076923,currencyservice,0,0.0
re1_ob__currencyservice_disk__4,re1_ob,disk,currencyservice,counterfactual_ar,180,180,46,13,262.45236862562484,93.75592512411856,197.51035912478523,0.9230769230769231,cartservice,3,0.06268115942028986
re1_ob__currencyservice_disk__5,re1_ob,disk,currencyservice,raw,180,180,46,13,199.69307641743808,30.580097226227526,102.50896800798031,0.9230769230769231,redis,0,0.0
re1_ob__currencyservice_disk__5,re1_ob,disk,currencyservice,ar,180,180,46,13,187.53867479173238,12.039238520303874,115.96114973571679,0.8461538461538461,redis,0,0.0
re1_ob__currencyservice_disk__5,re1_ob,disk,currencyservice,counterfactual_ar,180,180,46,13,144.3553898099947,62.433427231546744,102.79022589543128,0.9230769230769231,cartservice,1,0.021739130434782608
re1_ob__currencyservice_loss__1,re1_ob,loss,currencyservice,raw,180,180,49,13,344.84505264576245,93.83122156981489,217.8709139269227,0.9230769230769231,cartservice,0,0.0
re1_ob__currencyservice_loss__1,re1_ob,loss,currencyservice,ar,180,180,49,13,234.1683925875641,44.172818367989294,194.34229794963872,0.8461538461538461,recommendationservice,0,0.0
re1_ob__currencyservice_loss__1,re1_ob,loss,currencyservice,counterfactual_ar,180,180,49,13,176.5831059666963,69.41898774065093,155.36857999347717,0.9230769230769231,paymentservice,3,0.061224489795918366
re1_ob__currencyservice_loss__2,re1_ob,loss,currencyservice,raw,180,180,49,13,1208.7728348921287,45.253145202273835,368.45848174638303,1.0,frontend-external,0,0.0
re1_ob__currencyservice_loss__2,re1_ob,loss,currencyservice,ar,180,180,49,13,1188.118911418094,43.215342395718665,176.31470097823743,0.9230769230769231,frontend-external,0,0.0
re1_ob__currencyservice_loss__2,re1_ob,loss,currencyservice,counterfactual_ar,180,180,49,13,1188.0621195637539,74.67769356691771,431.4815521046564,1.0,frontend-external,0,0.0
re1_ob__currencyservice_loss__3,re1_ob,loss,currencyservice,raw,180,180,49,13,306.81913377412695,24.145783606532365,131.92911915121627,0.8461538461538461,recommendationservice,0,0.0
re1_ob__currencyservice_loss__3,re1_ob,loss,currencyservice,ar,180,180,49,13,260.2766488148526,6.520210734347415,54.32780335505486,0.6923076923076923,recommendationservice,0,0.0
re1_ob__currencyservice_loss__3,re1_ob,loss,currencyservice,counterfactual_ar,180,180,49,13,299.5856144835591,78.91617082211422,219.9017187210258,0.9230769230769231,recommendationservice,1,0.02040816326530612
re1_ob__currencyservice_loss__4,re1_ob,loss,currencyservice,raw,180,180,49,13,125.48603576639302,3.1362921440672076,58.08536154231807,0.6153846153846154,recommendationservice,0,0.0
re1_ob__currencyservice_loss__4,re1_ob,loss,currencyservice,ar,180,180,49,13,61.944258548013146,-1.832869094452974,43.96729532563438,0.3076923076923077,emailservice,0,0.0
re1_ob__currencyservice_loss__4,re1_ob,loss,currencyservice,counterfactual_ar,180,180,49,13,214.83409744454835,55.482401287089885,176.65289870971745,0.8461538461538461,checkoutservice,3,0.049886621315192746
re1_ob__currencyservice_loss__5,re1_ob,loss,currencyservice,raw,180,180,49,13,108.84620156623858,29.209395608567473,92.21678673307026,0.8461538461538461,emailservice,0,0.0
re1_ob__currencyservice_loss__5,re1_ob,loss,currencyservice,ar,180,180,49,13,107.86696629933526,8.3702112580672,60.6162468469892,0.6153846153846154,emailservice,0,0.0
re1_ob__currencyservice_loss__5,re1_ob,loss,currencyservice,counterfactual_ar,180,180,49,13,123.43604692072945,42.32881657952273,85.84191653141482,0.9230769230769231,checkoutservice,1,0.02040816326530612
re1_ob__currencyservice_mem__1,re1_ob,mem,currencyservice,raw,300,300,50,15,256.9378537915603,14.171308995314575,142.77003363457078,0.8,main,0,0.0
re1_ob__currencyservice_mem__1,re1_ob,mem,currencyservice,ar,300,300,50,15,161.44421137770635,10.306832655093785,96.63429310255347,0.7333333333333333,shippingservice,0,0.0
re1_ob__currencyservice_mem__1,re1_ob,mem,currencyservice,counterfactual_ar,300,300,50,15,522.0226856765781,58.006038378055486,264.8650486722602,0.8,main,1,0.02
re1_ob__currencyservice_mem__2,re1_ob,mem,currencyservice,raw,300,300,50,15,618.0455919772764,99.00278979183669,464.2881878808258,0.8,frontend-external,0,0.0
re1_ob__currencyservice_mem__2,re1_ob,mem,currencyservice,ar,300,300,50,15,617.4541316110179,96.93653564147735,431.70780028510444,0.7333333333333333,frontend-external,0,0.0
re1_ob__currencyservice_mem__2,re1_ob,mem,currencyservice,counterfactual_ar,300,300,50,15,616.4444776712079,152.7551934875045,366.5405119143112,0.8666666666666667,frontend-external,2,0.04
re1_ob__currencyservice_mem__3,re1_ob,mem,currencyservice,raw,300,300,50,15,464.87889640399953,12.999067614287432,310.99873937963474,0.7333333333333333,frontend,0,0.0
re1_ob__currencyservice_mem__3,re1_ob,mem,currencyservice,ar,300,300,50,15,422.11110146416746,9.755392395745085,157.8378986041443,0.6666666666666666,frontend,0,0.0
re1_ob__currencyservice_mem__3,re1_ob,mem,currencyservice,counterfactual_ar,300,300,50,15,586.7495845442364,75.93911598926566,434.0887756163478,0.8,frontend,1,0.02
re1_ob__currencyservice_mem__4,re1_ob,mem,currencyservice,raw,300,300,50,15,489.6968570235633,2.4263010150787068,223.9331665890287,0.5333333333333333,emailservice,0,0.0
re1_ob__currencyservice_mem__4,re1_ob,mem,currencyservice,ar,300,300,50,15,387.19880035543974,-6.7565704325174165,110.02737879257678,0.4,emailservice,0,0.0
re1_ob__currencyservice_mem__4,re1_ob,mem,currencyservice,counterfactual_ar,300,300,50,15,335.65282369229,241.09365733562473,298.13127680254684,0.8,paymentservice,2,0.04
re1_ob__currencyservice_mem__5,re1_ob,mem,currencyservice,raw,300,300,50,15,2019.868921222651,15.734737799717228,363.2748917836854,0.6,frontend-external,0,0.0
re1_ob__currencyservice_mem__5,re1_ob,mem,currencyservice,ar,300,300,50,15,1999.3476285275929,-7.06961108724848,247.49181131910052,0.3333333333333333,frontend-external,0,0.0
re1_ob__currencyservice_mem__5,re1_ob,mem,currencyservice,counterfactual_ar,300,300,50,15,1998.98029889564,306.9971206646567,588.4786305431799,0.8666666666666667,frontend-external,4,0.0766
re1_ob__productcatalogservice_cpu__1,re1_ob,cpu,productcatalogservice,raw,300,300,50,15,1357.368822902355,16.968088430496493,201.15312916099532,0.6666666666666666,frontend,0,0.0
re1_ob__productcatalogservice_cpu__1,re1_ob,cpu,productcatalogservice,ar,300,300,50,15,1343.4703057379281,4.644298756997974,217.9660632274139,0.6,frontend,0,0.0
re1_ob__productcatalogservice_cpu__1,re1_ob,cpu,productcatalogservice,counterfactual_ar,300,300,50,15,1485.5557833694086,69.65950058319123,194.90395550616,0.8,frontend,2,0.04
re1_ob__productcatalogservice_cpu__2,re1_ob,cpu,productcatalogservice,raw,300,300,50,15,613.6654816153068,42.25565794040809,313.0547402852109,0.8,frontend-external,0,0.0
re1_ob__productcatalogservice_cpu__2,re1_ob,cpu,productcatalogservice,ar,300,300,50,15,613.5204096414052,24.036579766133702,299.53258141820726,0.6666666666666666,frontend-external,0,0.0
re1_ob__productcatalogservice_cpu__2,re1_ob,cpu,productcatalogservice,counterfactual_ar,300,300,50,15,613.4408256821889,122.71489471531633,436.79148044230715,0.8666666666666667,frontend-external,3,0.06
re1_ob__productcatalogservice_cpu__3,re1_ob,cpu,productcatalogservice,raw,300,300,59,20,236.99900294447858,1.4679430065529098,155.00865539018687,0.55,cartservice,0,0.0
re1_ob__productcatalogservice_cpu__3,re1_ob,cpu,productcatalogservice,ar,300,300,59,20,172.2297047795971,-12.494896251982397,84.08713593236533,0.4,cartservice,0,0.0
re1_ob__productcatalogservice_cpu__3,re1_ob,cpu,productcatalogservice,counterfactual_ar,300,300,59,20,383.3542672649339,51.532175798201614,283.8347211938093,0.55,cartservice,13,0.22033898305084745
re1_ob__productcatalogservice_cpu__4,re1_ob,cpu,productcatalogservice,raw,300,300,50,15,747.5002745629953,8.082347802240255,210.7883799131102,0.6,main,0,0.0
re1_ob__productcatalogservice_cpu__4,re1_ob,cpu,productcatalogservice,ar,300,300,50,15,301.81417598603775,10.165247714375027,159.58118937389395,0.5333333333333333,paymentservice,0,0.0
re1_ob__productcatalogservice_cpu__4,re1_ob,cpu,productcatalogservice,counterfactual_ar,300,300,50,15,906.3672021164673,326.15953983705873,485.253143629952,0.7333333333333333,main,4,0.08
re1_ob__productcatalogservice_cpu__5,re1_ob,cpu,productcatalogservice,raw,300,300,50,15,614.0724334353654,24.949894410936622,267.08244927162724,0.7333333333333333,frontend-external,0,0.0
re1_ob__productcatalogservice_cpu__5,re1_ob,cpu,productcatalogservice,ar,300,300,50,15,613.6479187859863,6.129735989112078,192.21714298357463,0.5333333333333333,frontend-external,0,0.0
re1_ob__productcatalogservice_cpu__5,re1_ob,cpu,productcatalogservice,counterfactual_ar,300,300,50,15,613.7726550406567,266.15859757516836,362.71104460801746,0.8666666666666667,frontend-external,2,0.04
re1_ob__productcatalogservice_delay__1,re1_ob,delay,productcatalogservice,raw,180,180,47,13,213.0272564048803,42.295841776507,143.03149261834446,0.7692307692307693,checkoutservice,0,0.0
re1_ob__productcatalogservice_delay__1,re1_ob,delay,productcatalogservice,ar,180,180,47,13,169.08759780887078,1.9466497419981483,108.15330375159785,0.5384615384615384,checkoutservice,0,0.0
re1_ob__productcatalogservice_delay__1,re1_ob,delay,productcatalogservice,counterfactual_ar,180,180,47,13,155.29598802045234,38.101942760496115,110.07167667513099,0.8461538461538461,checkoutservice,4,0.08463356973995272
re1_ob__productcatalogservice_delay__2,re1_ob,delay,productcatalogservice,raw,180,180,48,13,343.63175484471674,100.33110727998485,225.94196980831202,0.8461538461538461,frontend-external,0,0.0
re1_ob__productcatalogservice_delay__2,re1_ob,delay,productcatalogservice,ar,180,180,48,13,343.6925384811831,18.50693195647388,191.89859312855603,0.7692307692307693,frontend-external,0,0.0
re1_ob__productcatalogservice_delay__2,re1_ob,delay,productcatalogservice,counterfactual_ar,180,180,48,13,343.58913677449743,49.463695932890154,232.83654073334878,1.0,frontend-external,1,0.020833333333333332
re1_ob__productcatalogservice_delay__3,re1_ob,delay,productcatalogservice,raw,180,180,48,13,347.37586266509027,34.728485430804085,215.29482704188217,1.0,frontend-external,0,0.0
re1_ob__productcatalogservice_delay__3,re1_ob,delay,productcatalogservice,ar,180,180,48,13,346.1043381222243,13.412606213406727,181.50846741836747,0.8461538461538461,frontend-external,0,0.0
re1_ob__productcatalogservice_delay__3,re1_ob,delay,productcatalogservice,counterfactual_ar,180,180,48,13,345.9322462881264,61.03572428424062,181.93666316066785,0.9230769230769231,frontend-external,2,0.041666666666666664
re1_ob__productcatalogservice_delay__4,re1_ob,delay,productcatalogservice,raw,180,180,46,13,179.42434886530447,72.00424013666854,111.84189939949553,0.9230769230769231,redis,0,0.0
re1_ob__productcatalogservice_delay__4,re1_ob,delay,productcatalogservice,ar,180,180,46,13,231.1606712529973,22.201501249297205,55.116858799698186,0.6923076923076923,redis,0,0.0
re1_ob__productcatalogservice_delay__4,re1_ob,delay,productcatalogservice,counterfactual_ar,180,180,46,13,320.02188463785075,92.39695649247746,184.23683315960744,0.9230769230769231,redis,3,0.05483091787439613
re1_ob__productcatalogservice_delay__5,re1_ob,delay,productcatalogservice,raw,180,180,48,13,226.79559099194535,23.25873369208487,131.93769341720417,0.6923076923076923,redis,0,0.0
re1_ob__productcatalogservice_delay__5,re1_ob,delay,productcatalogservice,ar,180,180,48,13,186.4031550513894,3.649090329279024,49.79952930109985,0.6923076923076923,redis,0,0.0
re1_ob__productcatalogservice_delay__5,re1_ob,delay,productcatalogservice,counterfactual_ar,180,180,48,13,192.02246963168452,72.3090228157376,154.42228386049678,0.8461538461538461,recommendationservice,1,0.020833333333333332
re1_ob__productcatalogservice_disk__1,re1_ob,disk,productcatalogservice,raw,180,180,47,13,179.32091142310622,59.74845401312115,136.19339569184436,0.8461538461538461,main,0,0.0
re1_ob__productcatalogservice_disk__1,re1_ob,disk,productcatalogservice,ar,180,180,47,13,127.75042899864853,23.67379136945716,123.86435391809204,0.8461538461538461,emailservice,0,0.0
re1_ob__productcatalogservice_disk__1,re1_ob,disk,productcatalogservice,counterfactual_ar,180,180,47,13,281.1742348942082,89.31954767181655,166.76572470380714,0.9230769230769231,main,0,0.0
re1_ob__productcatalogservice_disk__2,re1_ob,disk,productcatalogservice,raw,180,180,47,13,216.12650374506995,97.62157316559473,157.31085391665493,0.9230769230769231,redis,0,0.0
re1_ob__productcatalogservice_disk__2,re1_ob,disk,productcatalogservice,ar,180,180,47,13,208.516201591414,29.115109079704457,125.62747294732772,0.7692307692307693,redis,0,0.0
re1_ob__productcatalogservice_disk__2,re1_ob,disk,productcatalogservice,counterfactual_ar,180,180,47,13,319.0478043329859,140.12758010577397,296.0432539044439,1.0,redis,1,0.02127659574468085
re1_ob__productcatalogservice_disk__3,re1_ob,disk,productcatalogservice,raw,180,180,47,13,306.6907293625157,53.84295551331108,239.61594229319738,0.8461538461538461,cartservice,0,0.0
re1_ob__productcatalogservice_disk__3,re1_ob,disk,productcatalogservice,ar,180,180,47,13,290.17772170620265,18.852196060394036,200.00063879622567,0.7692307692307693,cartservice,0,0.0
re1_ob__productcatalogservice_disk__3,re1_ob,disk,productcatalogservice,counterfactual_ar,180,180,47,13,382.44034989581314,141.11006915224115,270.9843418835142,0.9230769230769231,cartservice,1,0.021040189125295507
re1_ob__productcatalogservice_disk__4,re1_ob,disk,productcatalogservice,raw,180,180,48,13,242.32586599537967,36.750659544547375,168.00581741646923,0.9230769230769231,frontend,0,0.0
re1_ob__productcatalogservice_disk__4,re1_ob,disk,productcatalogservice,ar,180,180,48,13,226.33753212058232,12.986399928143365,152.16002147538347,0.6923076923076923,frontend,0,0.0
re1_ob__productcatalogservice_disk__4,re1_ob,disk,productcatalogservice,counterfactual_ar,180,180,48,13,319.4310503553497,73.02607712703414,246.82580610607855,0.9230769230769231,frontend,2,0.041666666666666664
re1_ob__productcatalogservice_disk__5,re1_ob,disk,productcatalogservice,raw,180,180,48,13,189.0932692991306,41.382605490201605,101.84462405717258,0.8461538461538461,paymentservice,0,0.0
re1_ob__productcatalogservice_disk__5,re1_ob,disk,productcatalogservice,ar,180,180,48,13,108.67574293523215,28.884609526515323,90.45019943775782,0.6923076923076923,paymentservice,0,0.0
re1_ob__productcatalogservice_disk__5,re1_ob,disk,productcatalogservice,counterfactual_ar,180,180,48,13,234.1315555435721,59.58137714348944,153.65949169951418,0.9230769230769231,paymentservice,0,0.0
re1_ob__productcatalogservice_loss__1,re1_ob,loss,productcatalogservice,raw,180,180,49,13,161.76520065216246,18.36402071742877,113.22865064945566,0.7692307692307693,cartservice,0,0.0
re1_ob__productcatalogservice_loss__1,re1_ob,loss,productcatalogservice,ar,180,180,49,13,125.81467299504396,6.194886977737705,63.62073516775703,0.6153846153846154,cartservice,0,0.0
re1_ob__productcatalogservice_loss__1,re1_ob,loss,productcatalogservice,counterfactual_ar,180,180,49,13,225.01026675870614,27.399724317524562,116.73142565519841,0.7692307692307693,cartservice,1,0.02040816326530612
re1_ob__productcatalogservice_loss__2,re1_ob,loss,productcatalogservice,raw,180,180,49,13,275.8797162319419,32.27532488809428,43.094814248862235,0.7692307692307693,cartservice,0,0.0
re1_ob__productcatalogservice_loss__2,re1_ob,loss,productcatalogservice,ar,180,180,49,13,144.42749739184745,9.332047745870929,68.25942305812931,0.7692307692307693,cartservice,0,0.0
re1_ob__productcatalogservice_loss__2,re1_ob,loss,productcatalogservice,counterfactual_ar,180,180,49,13,327.35444828628863,46.991309133856475,115.02112079931506,0.8461538461538461,cartservice,2,0.04081632653061224
re1_ob__productcatalogservice_loss__3,re1_ob,loss,productcatalogservice,raw,180,180,49,13,149.28908681113577,23.876480649007874,94.15412847269455,0.9230769230769231,recommendationservice,0,0.0
re1_ob__productcatalogservice_loss__3,re1_ob,loss,productcatalogservice,ar,180,180,49,13,73.13283721179263,7.033992179692774,62.92147124353781,0.6153846153846154,recommendationservice,0,0.0
re1_ob__productcatalogservice_loss__3,re1_ob,loss,productcatalogservice,counterfactual_ar,180,180,49,13,162.46447238508122,54.90353667759484,121.11973384701973,0.8461538461538461,recommendationservice,2,0.04081632653061224
re1_ob__productcatalogservice_loss__4,re1_ob,loss,productcatalogservice,raw,180,180,49,13,130.41075256042018,7.343603962259162,57.09339737271746,0.8461538461538461,main,0,0.0
re1_ob__productcatalogservice_loss__4,re1_ob,loss,productcatalogservice,ar,180,180,49,13,25.41775957621447,3.8028029329235267,16.563928254384603,0.6923076923076923,checkoutservice,0,0.0
re1_ob__productcatalogservice_loss__4,re1_ob,loss,productcatalogservice,counterfactual_ar,180,180,49,13,155.62638368007686,32.53563004321288,136.39947871719897,0.9230769230769231,frontend,2,0.04081632653061224
re1_ob__productcatalogservice_loss__5,re1_ob,loss,productcatalogservice,raw,180,180,49,13,169.0735505064265,24.301804130213384,153.59852781488448,0.9230769230769231,cartservice,0,0.0
re1_ob__productcatalogservice_loss__5,re1_ob,loss,productcatalogservice,ar,180,180,49,13,140.75465853167648,5.0835213610425285,93.19485597147717,0.7692307692307693,cartservice,0,0.0
re1_ob__productcatalogservice_loss__5,re1_ob,loss,productcatalogservice,counterfactual_ar,180,180,49,13,357.77984566872055,79.87119100452828,161.54031970497164,0.9230769230769231,cartservice,2,0.02505668934240363
re1_ob__productcatalogservice_mem__1,re1_ob,mem,productcatalogservice,raw,300,300,50,15,399.7011534747062,12.775768710610768,314.8931297099422,0.7333333333333333,cartservice,0,0.0
re1_ob__productcatalogservice_mem__1,re1_ob,mem,productcatalogservice,ar,300,300,50,15,476.1276184038888,3.565325976695059,232.19533891450945,0.6,cartservice,0,0.0
re1_ob__productcatalogservice_mem__1,re1_ob,mem,productcatalogservice,counterfactual_ar,300,300,50,15,624.4738014085023,72.06502698842819,317.99507186073964,0.8,cartservice,2,0.04
re1_ob__productcatalogservice_mem__2,re1_ob,mem,productcatalogservice,raw,300,300,50,15,2099.6443721392807,222.21248367323665,330.21620670262195,0.8666666666666667,frontend-external,0,0.0
re1_ob__productcatalogservice_mem__2,re1_ob,mem,productcatalogservice,ar,300,300,50,15,2077.8924192303093,44.534036737531096,235.89542239322773,0.8,frontend-external,0,0.0
re1_ob__productcatalogservice_mem__2,re1_ob,mem,productcatalogservice,counterfactual_ar,300,300,50,15,2078.0495674019567,313.27976709400554,503.15732053773263,0.8666666666666667,frontend-external,2,0.04
re1_ob__productcatalogservice_mem__3,re1_ob,mem,productcatalogservice,raw,300,300,50,15,565.7045484961185,4.495446469696731,320.180643409999,0.6,main,0,0.0
re1_ob__productcatalogservice_mem__3,re1_ob,mem,productcatalogservice,ar,300,300,50,15,453.9269790424091,-3.4851267581558054,174.04540728329837,0.4666666666666667,cartservice,0,0.0
re1_ob__productcatalogservice_mem__3,re1_ob,mem,productcatalogservice,counterfactual_ar,300,300,50,15,702.0131750533315,158.79296429919827,367.56594719879047,0.7333333333333333,main,3,0.06
re1_ob__productcatalogservice_mem__4,re1_ob,mem,productcatalogservice,raw,300,300,50,15,289.88679866097294,19.550574824521505,221.52187176140382,0.7333333333333333,emailservice,0,0.0
re1_ob__productcatalogservice_mem__4,re1_ob,mem,productcatalogservice,ar,300,300,50,15,288.15993908471887,-0.7684470904557656,138.47567524888865,0.4666666666666667,emailservice,0,0.0
re1_ob__productcatalogservice_mem__4,re1_ob,mem,productcatalogservice,counterfactual_ar,300,300,50,15,296.05947512100147,152.34177839628114,259.3227817984201,0.8,emailservice,2,0.04
re1_ob__productcatalogservice_mem__5,re1_ob,mem,productcatalogservice,raw,300,300,50,15,480.7404858750425,106.66488317928422,251.41003361315154,0.8,main,0,0.0
re1_ob__productcatalogservice_mem__5,re1_ob,mem,productcatalogservice,ar,300,300,50,15,220.13740084496098,11.565465466804426,118.2569084659698,0.7333333333333333,emailservice,0,0.0
re1_ob__productcatalogservice_mem__5,re1_ob,mem,productcatalogservice,counterfactual_ar,300,300,50,15,659.6511190254208,370.2977801819143,602.075987018288,0.8,emailservice,1,0.02
re1_ss__carts_cpu__1,re1_ss,cpu,carts,raw,180,180,437,23,3318.2343460176776,282.1052993540941,1939.8830695876936,0.8260869565217391,session-db,0,0.0
re1_ss__carts_cpu__1,re1_ss,cpu,carts,ar,180,180,437,23,3261.9234140545964,88.79673649276185,1878.5229829235238,0.7391304347826086,session-db,0,0.0
re1_ss__carts_cpu__1,re1_ss,cpu,carts,counterfactual_ar,180,180,437,23,3261.9234140545964,318.53399732503084,1972.9496140867188,0.8695652173913043,session-db,53,0.1172641749300788
re1_ss__carts_cpu__2,re1_ss,cpu,carts,raw,180,180,437,23,3303.06494915586,291.41653951443897,503.13687911622975,0.8260869565217391,session-db,0,0.0
re1_ss__carts_cpu__2,re1_ss,cpu,carts,ar,180,180,437,23,3247.0066934978477,88.04947165191048,430.59494702833047,0.6521739130434783,session-db,0,0.0
re1_ss__carts_cpu__2,re1_ss,cpu,carts,counterfactual_ar,180,180,437,23,3247.0066934978477,276.0339129930947,508.31161947711155,0.9130434782608695,session-db,65,0.13963895245359775
re1_ss__carts_cpu__3,re1_ss,cpu,carts,raw,180,180,437,23,1959.2835549595254,180.72087004837826,698.7017782845988,0.8695652173913043,192-168-33-0-9100,0,0.0
re1_ss__carts_cpu__3,re1_ss,cpu,carts,ar,180,180,437,23,1857.630690344531,16.577328911440713,631.2208123957724,0.6521739130434783,192-168-33-0-9100,0,0.0
re1_ss__carts_cpu__3,re1_ss,cpu,carts,counterfactual_ar,180,180,437,23,2070.4007006071665,233.7466941277257,699.7050368885715,0.8695652173913043,192-168-33-0-9100,63,0.14341469616069158
re1_ss__carts_cpu__4,re1_ss,cpu,carts,raw,180,180,437,23,3302.3560715961644,190.92725907500292,554.0757389423032,0.8695652173913043,session-db,0,0.0
re1_ss__carts_cpu__4,re1_ss,cpu,carts,ar,180,180,437,23,3246.306801082035,15.438133509231818,427.7326107674758,0.6521739130434783,session-db,0,0.0
re1_ss__carts_cpu__4,re1_ss,cpu,carts,counterfactual_ar,180,180,437,23,3246.306801082035,269.6819227161254,520.7989212742619,0.9130434782608695,session-db,58,0.13254513094330028
re1_ss__carts_cpu__5,re1_ss,cpu,carts,raw,180,180,437,23,720.0551106379359,75.27439232756893,399.26705917723126,0.8260869565217391,session-db,0,0.0
re1_ss__carts_cpu__5,re1_ss,cpu,carts,ar,180,180,437,23,695.1971325121635,19.663366488140866,324.62181958755843,0.6086956521739131,session-db,0,0.0
re1_ss__carts_cpu__5,re1_ss,cpu,carts,counterfactual_ar,180,180,437,23,659.0784430762457,210.1436784131552,487.9780222827589,0.9130434782608695,catalogue,67,0.15322908721078057
re1_ss__carts_delay__1,re1_ss,delay,carts,raw,180,180,437,23,2220.2146853216873,249.85752429407307,1784.6129901924596,0.782608695652174,192-168-76-116-9100,0,0.0
re1_ss__carts_delay__1,re1_ss,delay,carts,ar,180,180,437,23,2163.6103615513134,93.6382524908443,1722.6212024177908,0.7391304347826086,192-168-76-116-9100,0,0.0
re1_ss__carts_delay__1,re1_ss,delay,carts,counterfactual_ar,180,180,437,23,2229.7535671018127,296.54012091076464,1794.4094630700565,0.8260869565217391,192-168-76-116-9100,64,0.1462751080600051
re1_ss__carts_delay__2,re1_ss,delay,carts,raw,180,180,437,23,3313.5716037277966,174.89825491411477,364.3393260082794,0.8695652173913043,session-db,0,0.0
re1_ss__carts_delay__2,re1_ss,delay,carts,ar,180,180,437,23,3257.334764755086,26.55768651872154,245.35189726021758,0.7391304347826086,session-db,0,0.0
re1_ss__carts_delay__2,re1_ss,delay,carts,counterfactual_ar,180,180,437,23,3257.334764755086,280.11457175058115,448.555079203795,0.8260869565217391,session-db,61,0.13863463005339435
re1_ss__carts_delay__3,re1_ss,delay,carts,raw,180,180,437,23,1077.6642635254254,228.12020745709742,686.9423915176559,0.8695652173913043,payment,0,0.0
re1_ss__carts_delay__3,re1_ss,delay,carts,ar,180,180,437,23,1119.6006176064136,20.320886348079444,680.8185893255716,0.6086956521739131,payment,0,0.0
re1_ss__carts_delay__3,re1_ss,delay,carts,counterfactual_ar,180,180,437,23,1105.786448762219,234.10247176352073,564.8398613460574,0.8695652173913043,payment,72,0.15921688278667684
re1_ss__carts_delay__4,re1_ss,delay,carts,raw,180,180,436,23,3302.8806471621974,275.9973797906164,516.7924447484745,0.8260869565217391,session-db,0,0.0
re1_ss__carts_delay__4,re1_ss,delay,carts,ar,180,180,436,23,3246.823660460725,23.012735209568916,501.2284261164278,0.6086956521739131,session-db,0,0.0
re1_ss__carts_delay__4,re1_ss,delay,carts,counterfactual_ar,180,180,436,23,3246.823660460725,268.8695587787695,479.45729033689645,0.8695652173913043,session-db,68,0.15327471967380227
re1_ss__carts_delay__5,re1_ss,delay,carts,raw,180,180,436,23,1616.143136736253,189.72867947338173,741.9709011457941,0.8260869565217391,payment,0,0.0
re1_ss__carts_delay__5,re1_ss,delay,carts,ar,180,180,436,23,1403.6020068915077,3.2621785175222726,694.990361532488,0.5217391304347826,payment,0,0.0
re1_ss__carts_delay__5,re1_ss,delay,carts,counterfactual_ar,180,180,436,23,1679.6317616020194,192.42898797502582,610.3233302502532,0.9130434782608695,payment,65,0.14844546381243628
re1_ss__carts_disk__1,re1_ss,disk,carts,raw,180,180,425,21,847.0152816063164,212.86801455688715,528.1830395815206,0.9047619047619048,orders-db,0,0.0
re1_ss__carts_disk__1,re1_ss,disk,carts,ar,180,180,425,21,727.7506555736378,85.17425124182137,465.53118770501516,0.7142857142857143,orders-db,0,0.0
re1_ss__carts_disk__1,re1_ss,disk,carts,counterfactual_ar,180,180,425,21,977.5899220131072,222.276236351258,491.9898720549131,0.8571428571428571,orders-db,60,0.1411764705882353
re1_ss__carts_disk__2,re1_ss,disk,carts,raw,180,180,429,21,3181.1698307060583,177.09603283202543,582.110375505206,0.7619047619047619,session-db,0,0.0
re1_ss__carts_disk__2,re1_ss,disk,carts,ar,180,180,429,21,3127.1426781984505,24.376081203850504,544.0295558001491,0.6190476190476191,session-db,0,0.0
re1_ss__carts_disk__2,re1_ss,disk,carts,counterfactual_ar,180,180,429,21,3127.1426781984505,196.51867469288655,694.8894860661458,0.8571428571428571,session-db,69,0.1521238021238021
re1_ss__carts_disk__3,re1_ss,disk,carts,raw,180,180,429,21,511.54333583298677,153.62135845257606,248.81989302325746,0.9047619047619048,queue-master,0,0.0
re1_ss__carts_disk__3,re1_ss,disk,carts,ar,180,180,429,21,332.65829716626826,14.701584989925019,226.03920928560197,0.7619047619047619,queue-master,0,0.0
re1_ss__carts_disk__3,re1_ss,disk,carts,counterfactual_ar,180,180,429,21,549.7333394324622,229.3241405740157,474.07328515901213,0.9047619047619048,queue-master,69,0.1562030562030562
re1_ss__carts_disk__4,re1_ss,disk,carts,raw,180,180,429,21,3582.317048065659,134.99721531006057,345.91539129002086,0.8571428571428571,session-db,0,0.0
re1_ss__carts_disk__4,re1_ss,disk,carts,ar,180,180,429,21,3521.6075714346903,17.444611038671457,284.1889530211641,0.6666666666666666,session-db,0,0.0
re1_ss__carts_disk__4,re1_ss,disk,carts,counterfactual_ar,180,180,429,21,3521.6075714346903,219.58800671947995,509.8891165787525,0.9047619047619048,session-db,69,0.15607355607355605
re1_ss__carts_disk__5,re1_ss,disk,carts,raw,180,180,429,21,1033.7765142881647,87.81007718869701,476.09224690539486,0.8095238095238095,queue-master,0,0.0
re1_ss__carts_disk__5,re1_ss,disk,carts,ar,180,180,429,21,933.480684792975,7.651547227277362,470.0300569633676,0.5238095238095238,queue-master,0,0.0
re1_ss__carts_disk__5,re1_ss,disk,carts,counterfactual_ar,180,180,429,21,1115.0779493722093,180.17481094858317,533.0523947770979,0.8571428571428571,queue-master,66,0.1434861434861435
re1_ss__carts_loss__1,re1_ss,loss,carts,raw,180,180,437,23,2067.291114133624,207.8052715588784,404.9623772141863,0.8260869565217391,192-168-15-8-9100,0,0.0
re1_ss__carts_loss__1,re1_ss,loss,carts,ar,180,180,437,23,1996.4090035290476,45.54462294376231,327.7059890056304,0.7391304347826086,192-168-15-8-9100,0,0.0
re1_ss__carts_loss__1,re1_ss,loss,carts,counterfactual_ar,180,180,437,23,2156.9145525717136,237.05971529637122,491.5798073565914,0.8260869565217391,192-168-15-8-9100,65,0.14856343757945586
re1_ss__carts_loss__2,re1_ss,loss,carts,raw,180,180,437,23,3307.3228523564126,240.3006840872885,597.9141810074334,0.9130434782608695,session-db,0,0.0
re1_ss__carts_loss__2,re1_ss,loss,carts,ar,180,180,437,23,3251.190466172961,115.46004313281408,441.9018035790038,0.6956521739130435,session-db,0,0.0
re1_ss__carts_loss__2,re1_ss,loss,carts,counterfactual_ar,180,180,437,23,3251.190466172961,315.5680093829929,545.385740119538,0.9565217391304348,session-db,55,0.12373506229341472
re1_ss__carts_loss__3,re1_ss,loss,carts,raw,180,180,437,23,720.8484535772355,245.56886597297958,492.10425928114245,0.9130434782608695,session-db,0,0.0
re1_ss__carts_loss__3,re1_ss,loss,carts,ar,180,180,437,23,695.1066092989432,39.81506626458099,430.1505828284061,0.6521739130434783,session-db,0,0.0
re1_ss__carts_loss__3,re1_ss,loss,carts,counterfactual_ar,180,180,437,23,676.7988962660157,194.4689108221903,505.9921586836705,0.9565217391304348,queue-master,70,0.15961098398169338
re1_ss__carts_loss__4,re1_ss,loss,carts,raw,180,180,438,23,3303.135633462905,193.16788767104347,422.19240521423905,0.8260869565217391,session-db,0,0.0
re1_ss__carts_loss__4,re1_ss,loss,carts,ar,180,180,438,23,3247.076243480176,46.11253804874909,282.08957851167486,0.6521739130434783,session-db,0,0.0
re1_ss__carts_loss__4,re1_ss,loss,carts,counterfactual_ar,180,180,438,23,3247.076243480176,256.7602289047645,576.3435844477045,0.8695652173913043,session-db,53,0.12096651445966515
re1_ss__carts_loss__5,re1_ss,loss,carts,raw,180,180,438,23,1299.0235121099347,203.83955333301068,515.8237302339174,0.8260869565217391,catalogue,0,0.0
re1_ss__carts_loss__5,re1_ss,loss,carts,ar,180,180,438,23,1019.6521230855693,3.9259721214668843,486.25874804490013,0.5217391304347826,catalogue,0,0.0
re1_ss__carts_loss__5,re1_ss,loss,carts,counterfactual_ar,180,180,438,23,1177.0437763719256,224.59444875015586,532.3954526856897,0.8695652173913043,catalogue,57,0.12773972602739725
re1_ss__carts_mem__1,re1_ss,mem,carts,raw,180,180,437,23,3319.168857477272,222.595483689615,454.2483309820438,0.8260869565217391,session-db,0,0.0
re1_ss__carts_mem__1,re1_ss,mem,carts,ar,180,180,437,23,3262.8433827952917,28.076852290859648,404.2983973644804,0.7391304347826086,session-db,0,0.0
re1_ss__carts_mem__1,re1_ss,mem,carts,counterfactual_ar,180,180,437,23,3262.8433827952917,267.81192356917137,588.2006184551258,0.8695652173913043,session-db,61,0.13958810068649885
re1_ss__carts_mem__2,re1_ss,mem,carts,raw,180,180,436,23,3307.9625722622113,227.4490567471092,371.2902476770439,0.8695652173913043,session-db,0,0.0
re1_ss__carts_mem__2,re1_ss,mem,carts,ar,180,180,436,23,3251.8249433509645,2.4011465405811996,246.33787345397053,0.5217391304347826,session-db,0,0.0
re1_ss__carts_mem__2,re1_ss,mem,carts,counterfactual_ar,180,180,436,23,3251.8249433509645,332.9252224028016,602.5891701090953,0.8695652173913043,session-db,65,0.14672528032619778
re1_ss__carts_mem__3,re1_ss,mem,carts,raw,180,180,436,23,1414.678390888114,239.3546639851567,701.8152251456702,0.8260869565217391,payment,0,0.0
re1_ss__carts_mem__3,re1_ss,mem,carts,ar,180,180,436,23,1089.5430857243325,14.801175470683669,673.8314947246877,0.6521739130434783,payment,0,0.0
re1_ss__carts_mem__3,re1_ss,mem,carts,counterfactual_ar,180,180,436,23,1274.1399499167755,233.87137914459746,551.228974618622,0.9130434782608695,payment,71,0.14734964322120284
re1_ss__carts_mem__4,re1_ss,mem,carts,raw,180,180,437,23,3310.0447017328697,260.3723278293021,786.6919723894647,0.8695652173913043,session-db,0,0.0
re1_ss__carts_mem__4,re1_ss,mem,carts,ar,180,180,437,23,3253.8729875054055,49.911737186911004,595.9955435458303,0.7391304347826086,session-db,0,0.0
re1_ss__carts_mem__4,re1_ss,mem,carts,counterfactual_ar,180,180,437,23,3253.8729875054055,328.47685284223695,836.7155252410082,0.9130434782608695,session-db,63,0.14176201372997713
re1_ss__carts_mem__5,re1_ss,mem,carts,raw,180,180,437,23,1924.7139870147273,249.31512830257006,996.8617214448522,0.8260869565217391,192-168-27-60-9100,0,0.0
re1_ss__carts_mem__5,re1_ss,mem,carts,ar,180,180,437,23,1857.1980902231096,61.18524223374012,865.0798721926426,0.6956521739130435,192-168-27-60-9100,0,0.0
re1_ss__carts_mem__5,re1_ss,mem,carts,counterfactual_ar,180,180,437,23,1957.4161079972794,298.24766317092127,1082.8759838168435,0.8695652173913043,192-168-27-60-9100,61,0.1393719806763285
re1_ss__catalogue_cpu__1,re1_ss,cpu,catalogue,raw,180,180,436,23,3311.6830131926145,277.4408764597345,468.08958308421484,0.9130434782608695,session-db,0,0.0
re1_ss__catalogue_cpu__1,re1_ss,cpu,catalogue,ar,180,180,436,23,3255.481144521799,76.5027913376175,408.9829376189417,0.7391304347826086,session-db,0,0.0
re1_ss__catalogue_cpu__1,re1_ss,cpu,catalogue,counterfactual_ar,180,180,436,23,3255.481144521799,308.52903235660875,441.41143889700237,0.8695652173913043,session-db,63,0.1374362895005097
re1_ss__catalogue_cpu__2,re1_ss,cpu,catalogue,raw,180,180,436,23,3294.1644141259567,150.3745692821639,537.6147541026498,0.8695652173913043,session-db,0,0.0
re1_ss__catalogue_cpu__2,re1_ss,cpu,catalogue,ar,180,180,436,23,3238.250857387804,27.77178072255178,258.4438914636379,0.6956521739130435,session-db,0,0.0
re1_ss__catalogue_cpu__2,re1_ss,cpu,catalogue,counterfactual_ar,180,180,436,23,3238.250857387804,270.5115741010179,484.5917418786896,0.9130434782608695,session-db,65,0.14652140672782873
re1_ss__catalogue_cpu__3,re1_ss,cpu,catalogue,raw,180,180,437,23,3321.4427557490817,259.57062671316845,802.5941022901504,0.8695652173913043,session-db,0,0.0
re1_ss__catalogue_cpu__3,re1_ss,cpu,catalogue,ar,180,180,437,23,3265.076681952065,130.59454440572512,516.7162165804789,0.7391304347826086,session-db,0,0.0
re1_ss__catalogue_cpu__3,re1_ss,cpu,catalogue,counterfactual_ar,180,180,437,23,3265.076681952065,406.61215988852337,920.8270952299108,0.8695652173913043,session-db,69,0.15664886854818202
re1_ss__catalogue_cpu__4,re1_ss,cpu,catalogue,raw,180,180,437,23,3306.732162641056,273.58558360577877,527.5079532252357,0.8695652173913043,session-db,0,0.0
re1_ss__catalogue_cpu__4,re1_ss,cpu,catalogue,ar,180,180,437,23,3250.6120468820714,51.10015679542081,447.4547508541204,0.6956521739130435,session-db,0,0.0
re1_ss__catalogue_cpu__4,re1_ss,cpu,catalogue,counterfactual_ar,180,180,437,23,3250.6120468820714,257.23963187501016,565.8105686078633,0.8695652173913043,session-db,67,0.14191456903127384
re1_ss__catalogue_cpu__5,re1_ss,cpu,catalogue,raw,180,180,436,23,791.0733817337699,107.36956332839377,310.74854997037374,0.8260869565217391,session-db,0,0.0
re1_ss__catalogue_cpu__5,re1_ss,cpu,catalogue,ar,180,180,436,23,686.3443410081442,3.413724887494842,232.77543763695923,0.6086956521739131,catalogue,0,0.0
re1_ss__catalogue_cpu__5,re1_ss,cpu,catalogue,counterfactual_ar,180,180,436,23,610.8781122831257,247.39941988831276,515.5431419738961,0.8260869565217391,catalogue,69,0.14610091743119263
re1_ss__catalogue_delay__1,re1_ss,delay,catalogue,raw,180,180,437,23,3323.5359733469836,260.63818602983315,472.70519474254365,0.8695652173913043,session-db,0,0.0
re1_ss__catalogue_delay__1,re1_ss,delay,catalogue,ar,180,180,437,23,3267.1398619644806,23.649840679077897,454.56892045276055,0.6521739130434783,session-db,0,0.0
re1_ss__catalogue_delay__1,re1_ss,delay,catalogue,counterfactual_ar,180,180,437,23,3267.1398619644806,299.0263240257524,557.4103840114908,0.9130434782608695,session-db,55,0.12220950928044749
re1_ss__catalogue_delay__2,re1_ss,delay,catalogue,raw,180,180,437,23,721.7930546474422,239.9996231622481,528.5277906210202,0.8260869565217391,session-db,0,0.0
re1_ss__catalogue_delay__2,re1_ss,delay,catalogue,ar,180,180,437,23,694.6815385302534,16.264922107313254,462.34718039065615,0.7391304347826086,catalogue,0,0.0
re1_ss__catalogue_delay__2,re1_ss,delay,catalogue,counterfactual_ar,180,180,437,23,694.497542227547,297.1191476404961,507.18788166421604,0.8695652173913043,catalogue,67,0.14696160691584031
re1_ss__catalogue_delay__3,re1_ss,delay,catalogue,raw,180,180,437,23,3315.4312553865875,250.75864102379185,512.8637702980062,0.8260869565217391,session-db,0,0.0
re1_ss__catalogue_delay__3,re1_ss,delay,catalogue,ar,180,180,437,23,3259.166260091164,4.92116137877079,331.7349578891324,0.5217391304347826,session-db,0,0.0
re1_ss__catalogue_delay__3,re1_ss,delay,catalogue,counterfactual_ar,180,180,437,23,3259.166260091164,386.6337893887035,682.8173830497396,0.8695652173913043,session-db,70,0.1572463768115942
re1_ss__catalogue_delay__4,re1_ss,delay,catalogue,raw,180,180,437,23,1326.2925805378043,231.97532585824527,747.6679698852647,0.8695652173913043,payment,0,0.0
re1_ss__catalogue_delay__4,re1_ss,delay,catalogue,ar,180,180,437,23,1823.751644656076,10.539908021685543,1109.5818652244486,0.6956521739130435,192-168-2-165-9100,0,0.0
re1_ss__catalogue_delay__4,re1_ss,delay,catalogue,counterfactual_ar,180,180,437,23,1894.1792910616557,375.2038505223179,1328.0725044892117,0.8695652173913043,192-168-2-165-9100,63,0.14412662090007627
re1_ss__catalogue_delay__5,re1_ss,delay,catalogue,raw,180,180,436,23,3309.7963429821903,270.1782341253695,499.82261178002426,0.8695652173913043,session-db,0,0.0
re1_ss__catalogue_delay__5,re1_ss,delay,catalogue,ar,180,180,436,23,3253.6227110011973,41.526521224914994,387.5436996186032,0.6956521739130435,session-db,0,0.0
re1_ss__catalogue_delay__5,re1_ss,delay,catalogue,counterfactual_ar,180,180,436,23,3253.6227110011973,254.8769171214462,511.80657221962315,0.9130434782608695,session-db,64,0.14617737003058104
re1_ss__catalogue_disk__1,re1_ss,disk,catalogue,raw,180,180,425,21,3160.6691761382203,297.11847525382166,632.6350543436635,0.8571428571428571,session-db,0,0.0
re1_ss__catalogue_disk__1,re1_ss,disk,catalogue,ar,180,180,425,21,3106.980502365021,84.40291241084476,540.8857975272509,0.7619047619047619,session-db,0,0.0
re1_ss__catalogue_disk__1,re1_ss,disk,catalogue,counterfactual_ar,180,180,425,21,3106.980502365021,190.40222872599807,771.5288925953037,0.8095238095238095,session-db,66,0.15030065359477124
re1_ss__catalogue_disk__2,re1_ss,disk,catalogue,raw,180,180,429,21,1407.263316973617,164.61812376170647,328.7198338709017,0.9523809523809523,user,0,0.0
re1_ss__catalogue_disk__2,re1_ss,disk,catalogue,ar,180,180,429,21,1198.6042399991732,13.403869221580257,264.06718150717603,0.7619047619047619,user,0,0.0
re1_ss__catalogue_disk__2,re1_ss,disk,catalogue,counterfactual_ar,180,180,429,21,1435.1823097267043,278.43266240325926,487.67599728255124,0.9523809523809523,user,68,0.1501036001036001
re1_ss__catalogue_disk__3,re1_ss,disk,catalogue,raw,180,180,429,21,2031.1110005789662,100.93693941480869,315.5116363329933,0.8095238095238095,10-192-15-197-9100,0,0.0
re1_ss__catalogue_disk__3,re1_ss,disk,catalogue,ar,180,180,429,21,1982.5885331832105,35.130926124303606,254.5692554577469,0.7619047619047619,10-192-15-197-9100,0,0.0
re1_ss__catalogue_disk__3,re1_ss,disk,catalogue,counterfactual_ar,180,180,429,21,2092.166527493513,253.04385472989986,570.7701290155043,0.8571428571428571,10-192-15-197-9100,71,0.16046361046361046
re1_ss__catalogue_disk__4,re1_ss,disk,catalogue,raw,180,180,437,22,1653.5782312726044,733.8699259005775,1325.290529745063,0.9545454545454546,payment,0,0.0
re1_ss__catalogue_disk__4,re1_ss,disk,catalogue,ar,180,180,437,22,1625.0350858326567,694.6270784498809,1154.2639216678053,0.9090909090909091,payment,0,0.0
re1_ss__catalogue_disk__4,re1_ss,disk,catalogue,counterfactual_ar,180,180,437,22,1625.0352091242992,655.6886689327248,1388.5246904094495,0.9545454545454546,payment,123,0.27065853038393084
re1_ss__catalogue_disk__5,re1_ss,disk,catalogue,raw,180,180,420,21,3150.9398402146126,507.81352692647835,682.370345432924,1.0,session-db,0,0.0
re1_ss__catalogue_disk__5,re1_ss,disk,catalogue,ar,180,180,420,21,3097.4178983403676,256.8735777224534,471.1206556514482,0.8095238095238095,session-db,0,0.0
re1_ss__catalogue_disk__5,re1_ss,disk,catalogue,counterfactual_ar,180,180,420,21,3097.4178983403676,329.12055447086766,536.0528094426604,1.0,session-db,113,0.25761904761904764
re1_ss__catalogue_loss__1,re1_ss,loss,catalogue,raw,180,180,438,23,1568.6627421641913,231.6827988997351,543.7261942028913,0.8695652173913043,catalogue,0,0.0
re1_ss__catalogue_loss__1,re1_ss,loss,catalogue,ar,180,180,438,23,1423.0540247993438,31.079603538309623,398.36696985234175,0.6956521739130435,catalogue,0,0.0
re1_ss__catalogue_loss__1,re1_ss,loss,catalogue,counterfactual_ar,180,180,438,23,1568.9226767876828,257.4812154008319,508.91200510319203,0.8695652173913043,catalogue,58,0.1308853373921867
re1_ss__catalogue_loss__2,re1_ss,loss,catalogue,raw,180,180,438,23,3306.338478093638,240.17856037994315,735.2103786232076,0.8695652173913043,session-db,0,0.0
re1_ss__catalogue_loss__2,re1_ss,loss,catalogue,ar,180,180,438,23,3250.228590080443,13.045497390541726,541.6246223052842,0.6086956521739131,session-db,0,0.0
re1_ss__catalogue_loss__2,re1_ss,loss,catalogue,counterfactual_ar,180,180,438,23,3250.228590080443,314.41967109811054,807.1366506491888,0.8695652173913043,session-db,64,0.14384830035514967
re1_ss__catalogue_loss__3,re1_ss,loss,catalogue,raw,180,180,438,23,721.7579871393058,165.40440262252943,452.43325280712924,0.8695652173913043,session-db,0,0.0
re1_ss__catalogue_loss__3,re1_ss,loss,catalogue,ar,180,180,438,23,695.1769893048886,13.64397752344533,245.87617793830134,0.6086956521739131,session-db,0,0.0
re1_ss__catalogue_loss__3,re1_ss,loss,catalogue,counterfactual_ar,180,180,438,23,527.2647796399513,266.5325038489087,517.5525433930328,0.9130434782608695,orders-db,55,0.12507610350076104
re1_ss__catalogue_loss__4,re1_ss,loss,catalogue,raw,180,180,437,23,3305.61801781201,272.56309365823495,385.27238084626595,0.9130434782608695,session-db,0,0.0
re1_ss__catalogue_loss__4,re1_ss,loss,catalogue,ar,180,180,437,23,3249.5185370907043,4.926256890079458,340.6408667657768,0.5217391304347826,session-db,0,0.0
re1_ss__catalogue_loss__4,re1_ss,loss,catalogue,counterfactual_ar,180,180,437,23,3249.5185370907043,312.3490528288537,476.0855905478345,0.8260869565217391,session-db,62,0.13925756420035595
re1_ss__catalogue_loss__5,re1_ss,loss,catalogue,raw,180,180,438,23,860.932798849108,245.84750918664335,496.1250660841208,0.9130434782608695,catalogue,0,0.0
re1_ss__catalogue_loss__5,re1_ss,loss,catalogue,ar,180,180,438,23,712.4645693303515,39.83102530759651,303.8891752358543,0.5652173913043478,catalogue,0,0.0
re1_ss__catalogue_loss__5,re1_ss,loss,catalogue,counterfactual_ar,180,180,438,23,1081.9397285967113,227.4433567851538,488.590785249897,0.9130434782608695,catalogue,67,0.1523972602739726
re1_ss__catalogue_mem__1,re1_ss,mem,catalogue,raw,180,180,438,23,3308.0333839317177,270.6628752785049,691.6764506922373,0.9565217391304348,session-db,0,0.0
re1_ss__catalogue_mem__1,re1_ss,mem,catalogue,ar,180,180,438,23,3251.889933072993,126.91475255234229,615.1957750427,0.782608695652174,session-db,0,0.0
re1_ss__catalogue_mem__1,re1_ss,mem,catalogue,counterfactual_ar,180,180,438,23,3251.889933072993,323.6988578073334,1013.2225939556606,0.8695652173913043,session-db,59,0.13271182141045154
re1_ss__catalogue_mem__2,re1_ss,mem,catalogue,raw,180,180,438,23,3303.7089229534818,265.8326340856498,437.941678007332,0.8695652173913043,session-db,0,0.0
re1_ss__catalogue_mem__2,re1_ss,mem,catalogue,ar,180,180,438,23,3247.6403529160793,27.762518447185215,451.6953866582039,0.6521739130434783,session-db,0,0.0
re1_ss__catalogue_mem__2,re1_ss,mem,catalogue,counterfactual_ar,180,180,438,23,3247.6403529160793,236.65448810157633,447.8282419283295,0.9130434782608695,session-db,60,0.13514713343480467
re1_ss__catalogue_mem__3,re1_ss,mem,catalogue,raw,180,180,438,23,710.5243403304603,245.0123680377237,480.7826339944009,0.8260869565217391,payment,0,0.0
re1_ss__catalogue_mem__3,re1_ss,mem,catalogue,ar,180,180,438,23,694.7242185169774,20.718368748875303,312.77559714136754,0.6956521739130435,catalogue,0,0.0
re1_ss__catalogue_mem__3,re1_ss,mem,catalogue,counterfactual_ar,180,180,438,23,849.4585910608718,299.62090626946025,575.3641729388183,0.8695652173913043,payment,61,0.13683409436834096
re1_ss__catalogue_mem__4,re1_ss,mem,catalogue,raw,180,180,437,23,3309.4900033499725,231.30981244799844,503.59054984172525,0.8260869565217391,session-db,0,0.0
re1_ss__catalogue_mem__4,re1_ss,mem,catalogue,ar,180,180,437,23,3253.3267368100237,125.02262597705806,372.9672894569518,0.6956521739130435,session-db,0,0.0
re1_ss__catalogue_mem__4,re1_ss,mem,catalogue,counterfactual_ar,180,180,437,23,3253.3267368100237,239.60573085591386,476.19931954019944,0.8260869565217391,session-db,50,0.11428934655479278
re1_ss__catalogue_mem__5,re1_ss,mem,catalogue,raw,180,180,437,23,2148.209137976946,239.879425557416,695.5549889959016,0.782608695652174,192-168-15-8-9100,0,0.0
re1_ss__catalogue_mem__5,re1_ss,mem,catalogue,ar,180,180,437,23,2037.565411354047,7.189878171276159,612.2584231188954,0.5217391304347826,192-168-15-8-9100,0,0.0
re1_ss__catalogue_mem__5,re1_ss,mem,catalogue,counterfactual_ar,180,180,437,23,2094.5366553383665,288.71833470215046,492.5179799806237,0.8695652173913043,192-168-15-8-9100,70,0.16011950165268243
re1_ss__orders_cpu__1,re1_ss,cpu,orders,raw,180,180,437,23,3304.8564333099603,151.71147480402735,393.85602942012974,0.8695652173913043,session-db,0,0.0
re1_ss__orders_cpu__1,re1_ss,cpu,orders,ar,180,180,437,23,3248.7678555271873,13.172745673430597,272.7363651237488,0.6956521739130435,session-db,0,0.0
re1_ss__orders_cpu__1,re1_ss,cpu,orders,counterfactual_ar,180,180,437,23,3248.7678555271873,273.91839493379877,466.1671438421028,0.9130434782608695,session-db,61,0.13633358759216885
re1_ss__orders_cpu__2,re1_ss,cpu,orders,raw,180,180,436,23,3303.606621347911,165.013074264367,420.9971597252149,0.8695652173913043,session-db,0,0.0
re1_ss__orders_cpu__2,re1_ss,cpu,orders,ar,180,180,436,23,3247.5395243610146,12.457210309083445,249.444896809165,0.6956521739130435,session-db,0,0.0
re1_ss__orders_cpu__2,re1_ss,cpu,orders,counterfactual_ar,180,180,436,23,3247.5395243610146,207.4897102744137,443.3769021480138,0.8260869565217391,session-db,58,0.13293832823649337
re1_ss__orders_cpu__3,re1_ss,cpu,orders,raw,180,180,436,23,1212.7167594631985,157.8621828229477,395.8746040885983,0.8695652173913043,user,0,0.0
re1_ss__orders_cpu__3,re1_ss,cpu,orders,ar,180,180,436,23,1021.7583174464331,1.6073229507416709,263.9298418431371,0.5652173913043478,user,0,0.0
re1_ss__orders_cpu__3,re1_ss,cpu,orders,counterfactual_ar,180,180,436,23,1187.7290927024321,274.6744884864226,486.31461359101945,0.8695652173913043,user,67,0.14647043832823647
re1_ss__orders_cpu__4,re1_ss,cpu,orders,raw,180,180,438,23,3310.7853474752956,241.49501612302663,526.5521634865497,0.8695652173913043,session-db,0,0.0
re1_ss__orders_cpu__4,re1_ss,cpu,orders,ar,180,180,438,23,3254.6024069095038,22.44562876238091,311.99696341997725,0.7391304347826086,session-db,0,0.0
re1_ss__orders_cpu__4,re1_ss,cpu,orders,counterfactual_ar,180,180,438,23,3254.6024069095038,296.23553583886013,512.859390002325,0.8695652173913043,session-db,56,0.12363013698630136
re1_ss__orders_cpu__5,re1_ss,cpu,orders,raw,180,180,438,23,621.942123463743,130.684564653403,511.9140653451321,0.8260869565217391,catalogue,0,0.0
re1_ss__orders_cpu__5,re1_ss,cpu,orders,ar,180,180,438,23,481.5275695269841,18.29966942976704,329.8758122647875,0.6521739130434783,catalogue,0,0.0
re1_ss__orders_cpu__5,re1_ss,cpu,orders,counterfactual_ar,180,180,438,23,637.6604402783192,256.55873470717205,576.9337517877174,0.8260869565217391,catalogue,67,0.14681633688483003
re1_ss__orders_delay__1,re1_ss,delay,orders,raw,180,180,437,23,718.7325877879704,207.24077222350402,527.6134552967668,0.8260869565217391,session-db,0,0.0
re1_ss__orders_delay__1,re1_ss,delay,orders,ar,180,180,437,23,695.2137122803293,22.515608063266807,472.49503764132487,0.6956521739130435,session-db,0,0.0
re1_ss__orders_delay__1,re1_ss,delay,orders,counterfactual_ar,180,180,437,23,742.6213590012302,265.1354184883499,534.9428405954509,0.8260869565217391,queue-master,59,0.13409610983981693
re1_ss__orders_delay__2,re1_ss,delay,orders,raw,180,180,437,23,3311.9054197281953,158.16550805804926,512.9609258016055,0.9130434782608695,session-db,0,0.0
re1_ss__orders_delay__2,re1_ss,delay,orders,ar,180,180,437,23,3255.6973206186776,23.087653172020094,396.49092124145676,0.5652173913043478,session-db,0,0.0
re1_ss__orders_delay__2,re1_ss,delay,orders,counterfactual_ar,180,180,437,23,3255.6973206186776,217.05423186208915,563.840797988121,0.9130434782608695,session-db,59,0.13268497330282228
re1_ss__orders_delay__3,re1_ss,delay,orders,raw,180,180,437,23,1201.107251774539,221.5636835132547,661.1369722885072,0.8695652173913043,payment,0,0.0
re1_ss__orders_delay__3,re1_ss,delay,orders,ar,180,180,437,23,1179.327907166164,5.8035615160864795,405.27531738620934,0.5652173913043478,payment,0,0.0
re1_ss__orders_delay__3,re1_ss,delay,orders,counterfactual_ar,180,180,437,23,1235.5440570774194,348.6124668672366,516.4408033672102,0.8260869565217391,payment,64,0.1441774726671752
re1_ss__orders_delay__4,re1_ss,delay,orders,raw,180,180,437,23,3300.191635699841,278.16975304547685,633.226588711941,0.8260869565217391,session-db,0,0.0
re1_ss__orders_delay__4,re1_ss,delay,orders,ar,180,180,437,23,3244.183532343112,138.43029264045873,605.8982332582102,0.6956521739130435,session-db,0,0.0
re1_ss__orders_delay__4,re1_ss,delay,orders,counterfactual_ar,180,180,437,23,3244.183532343112,253.96594604042457,599.1308950775608,0.8260869565217391,session-db,60,0.13040935672514622
re1_ss__orders_delay__5,re1_ss,delay,orders,raw,180,180,437,23,634.3981717031246,248.16182409729797,424.00177064731304,0.8260869565217391,orders,0,0.0
re1_ss__orders_delay__5,re1_ss,delay,orders,ar,180,180,437,23,613.39807830294,26.43162510104641,330.2634370806542,0.6521739130434783,orders,0,0.0
re1_ss__orders_delay__5,re1_ss,delay,orders,counterfactual_ar,180,180,437,23,518.8285331848691,271.67220024726953,491.60945217725026,0.8260869565217391,carts,73,0.16188660055936943
re1_ss__orders_disk__1,re1_ss,disk,orders,raw,180,180,429,21,2157.777887036069,243.4797805695382,567.3736743202804,1.0,10-192-15-196-9100,0,0.0
re1_ss__orders_disk__1,re1_ss,disk,orders,ar,180,180,429,21,2023.3022935531271,114.74689383740065,499.2435415474935,0.8095238095238095,10-192-15-196-9100,0,0.0
re1_ss__orders_disk__1,re1_ss,disk,orders,counterfactual_ar,180,180,429,21,2016.6156063015726,349.77143367251324,557.5658536767879,0.9523809523809523,10-192-15-196-9100,56,0.13048433048433047
re1_ss__orders_disk__2,re1_ss,disk,orders,raw,180,180,424,21,531.1150777996717,233.60701518564508,339.25279329499205,0.9047619047619048,10-192-15-197-9100,0,0.0
re1_ss__orders_disk__2,re1_ss,disk,orders,ar,180,180,424,21,412.067517019944,19.658987036608817,273.2788185226807,0.6666666666666666,10-192-15-197-9100,0,0.0
re1_ss__orders_disk__2,re1_ss,disk,orders,counterfactual_ar,180,180,424,21,588.8457794138191,354.8651226701586,461.24011261550027,0.9047619047619048,carts,64,0.15068134171907757
re1_ss__orders_disk__3,re1_ss,disk,orders,raw,180,180,424,21,556.8930155498643,189.67639762803393,310.954249642838,0.8571428571428571,10-192-15-197-9100,0,0.0
re1_ss__orders_disk__3,re1_ss,disk,orders,ar,180,180,424,21,461.3915138230438,20.906342454863232,293.62871156925155,0.6666666666666666,10-192-15-197-9100,0,0.0
re1_ss__orders_disk__3,re1_ss,disk,orders,counterfactual_ar,180,180,424,21,467.9694542611605,220.6947277332407,413.1488922067529,0.9047619047619048,carts-db,60,0.136124213836478
re1_ss__orders_disk__4,re1_ss,disk,orders,raw,180,180,424,21,668.4310962811618,221.40853862896202,554.7023959340254,0.9047619047619048,user,0,0.0
re1_ss__orders_disk__4,re1_ss,disk,orders,ar,180,180,424,21,526.7016717459982,90.05738215076589,499.4913898026569,0.8571428571428571,catalogue,0,0.0
re1_ss__orders_disk__4,re1_ss,disk,orders,counterfactual_ar,180,180,424,21,669.4361140685761,266.22011458419536,511.77028685807437,0.9523809523809523,orders,60,0.1363469601677149
re1_ss__orders_disk__5,re1_ss,disk,orders,raw,180,180,424,21,719.3790514885087,272.60710119034667,602.7854964556612,0.8095238095238095,session-db,0,0.0
re1_ss__orders_disk__5,re1_ss,disk,orders,ar,180,180,424,21,695.5235811022266,52.17721248905025,395.89459311327374,0.7142857142857143,session-db,0,0.0
re1_ss__orders_disk__5,re1_ss,disk,orders,counterfactual_ar,180,180,424,21,535.2367327599247,274.62875588788467,464.13085799507445,0.9047619047619048,session-db,60,0.14149633123689728
re1_ss__orders_loss__1,re1_ss,loss,orders,raw,180,180,438,23,2339.252785989756,239.45912475230162,2173.710772196533,0.9565217391304348,192-168-22-131-9100,0,0.0
re1_ss__orders_loss__1,re1_ss,loss,orders,ar,180,180,438,23,2242.9166906422647,56.59382717981046,2107.4310073323813,0.8260869565217391,192-168-22-131-9100,0,0.0
re1_ss__orders_loss__1,re1_ss,loss,orders,counterfactual_ar,180,180,438,23,2348.8268321764613,313.4911109442483,2209.074943278096,0.9130434782608695,192-168-22-131-9100,72,0.15947488584474884
re1_ss__orders_loss__2,re1_ss,loss,orders,raw,180,180,438,23,1015.331546805735,249.04102540593476,659.2288883175199,0.8260869565217391,catalogue,0,0.0
re1_ss__orders_loss__2,re1_ss,loss,orders,ar,180,180,438,23,966.7106253526664,238.30743616281015,631.2630037464058,0.6956521739130435,catalogue,0,0.0
re1_ss__orders_loss__2,re1_ss,loss,orders,counterfactual_ar,180,180,438,23,1105.1165923269348,300.09186078390843,539.7496737033155,0.8695652173913043,catalogue,67,0.1528411973617453
re1_ss__orders_loss__3,re1_ss,loss,orders,raw,180,180,437,23,3323.158040772987,295.9799347638114,604.9168604676174,0.8260869565217391,session-db,0,0.0
re1_ss__orders_loss__3,re1_ss,loss,orders,ar,180,180,437,23,3266.7609964319704,144.3797757108952,460.1455459871761,0.6521739130434783,session-db,0,0.0
re1_ss__orders_loss__3,re1_ss,loss,orders,counterfactual_ar,180,180,437,23,3266.7609964319704,297.3417172678555,568.7262436927119,0.8695652173913043,session-db,56,0.12814645308924486
re1_ss__orders_loss__4,re1_ss,loss,orders,raw,180,180,437,23,3306.0606884270674,221.1389231072136,426.863978529119,0.8260869565217391,session-db,0,0.0
re1_ss__orders_loss__4,re1_ss,loss,orders,ar,180,180,437,23,3249.952470319238,24.220319449411818,309.88361048769906,0.5652173913043478,session-db,0,0.0
re1_ss__orders_loss__4,re1_ss,loss,orders,counterfactual_ar,180,180,437,23,3249.952470319238,269.22974828355916,472.9861209230875,0.8695652173913043,session-db,61,0.1378464276633613
re1_ss__orders_loss__5,re1_ss,loss,orders,raw,180,180,437,23,955.9062628084988,256.747711536941,691.828080422019,0.8260869565217391,payment,0,0.0
re1_ss__orders_loss__5,re1_ss,loss,orders,ar,180,180,437,23,729.9106788447028,20.644163586466515,656.1195830942289,0.6086956521739131,payment,0,0.0
re1_ss__orders_loss__5,re1_ss,loss,orders,counterfactual_ar,180,180,437,23,1119.7455019338706,252.79128000783462,601.7453080653131,0.9565217391304348,payment,66,0.14977116704805493
re1_ss__orders_mem__1,re1_ss,mem,orders,raw,180,180,437,23,3301.3062296505072,269.7887533552111,500.98282969013684,0.8695652173913043,session-db,0,0.0
re1_ss__orders_mem__1,re1_ss,mem,orders,ar,180,180,437,23,3245.2756357138037,83.88175878738848,370.3473516810888,0.782608695652174,session-db,0,0.0
re1_ss__orders_mem__1,re1_ss,mem,orders,counterfactual_ar,180,180,437,23,3245.2756357138037,281.6737914924484,628.510074669183,0.8695652173913043,session-db,57,0.12257818459191457
re1_ss__orders_mem__2,re1_ss,mem,orders,raw,180,180,437,23,3286.5091109860773,196.02742844699983,474.6091504065136,0.8695652173913043,session-db,0,0.0
re1_ss__orders_mem__2,re1_ss,mem,orders,ar,180,180,437,23,3230.7234974847725,12.661886369733699,367.16782868370325,0.6086956521739131,session-db,0,0.0
re1_ss__orders_mem__2,re1_ss,mem,orders,counterfactual_ar,180,180,437,23,3230.7234974847725,300.1392741009815,455.43026800050006,0.8695652173913043,session-db,65,0.14829646580218664
re1_ss__orders_mem__3,re1_ss,mem,orders,raw,180,180,436,23,2024.267265559145,226.72418089837777,719.2066748458614,0.8695652173913043,192-168-2-165-9100,0,0.0
re1_ss__orders_mem__3,re1_ss,mem,orders,ar,180,180,436,23,1961.4246210259691,11.981531265941532,844.749785232952,0.6086956521739131,192-168-2-165-9100,0,0.0
re1_ss__orders_mem__3,re1_ss,mem,orders,counterfactual_ar,180,180,436,23,2071.156946105997,332.005930074521,824.987457457254,0.9130434782608695,192-168-2-165-9100,63,0.1367099898063201
re1_ss__orders_mem__4,re1_ss,mem,orders,raw,180,180,437,23,3298.9298883409974,206.42107774405474,480.0673943723794,0.8260869565217391,session-db,0,0.0
re1_ss__orders_mem__4,re1_ss,mem,orders,ar,180,180,437,23,3242.9368343569454,1.8400037813238441,290.2494290865222,0.6086956521739131,session-db,0,0.0
re1_ss__orders_mem__4,re1_ss,mem,orders,counterfactual_ar,180,180,437,23,3242.9368343569454,265.87550525488024,441.7466983709007,0.8695652173913043,session-db,72,0.16207729468599036
re1_ss__orders_mem__5,re1_ss,mem,orders,raw,180,180,437,23,3306.2690447766695,250.74535860327612,425.193787710444,0.8695652173913043,session-db,0,0.0
re1_ss__orders_mem__5,re1_ss,mem,orders,ar,180,180,437,23,3250.1538529558493,81.41543356094574,311.7524894064045,0.6086956521739131,session-db,0,0.0
re1_ss__orders_mem__5,re1_ss,mem,orders,counterfactual_ar,180,180,437,23,3250.1538529558493,253.33178126267725,456.5593327961796,0.9130434782608695,session-db,59,0.13496058988049833
re1_ss__payment_cpu__1,re1_ss,cpu,payment,raw,180,180,437,23,3314.241092045533,236.7573936243103,688.0811890386075,0.8695652173913043,session-db,0,0.0
re1_ss__payment_cpu__1,re1_ss,cpu,payment,ar,180,180,437,23,3257.995119574736,93.40677764817126,652.7831175598535,0.7391304347826086,session-db,0,0.0
re1_ss__payment_cpu__1,re1_ss,cpu,payment,counterfactual_ar,180,180,437,23,3257.995119574736,321.9951719115456,536.7823373529624,0.9565217391304348,session-db,59,0.13427409102466312
re1_ss__payment_cpu__2,re1_ss,cpu,payment,raw,180,180,436,23,3294.8217763407793,229.4369531810561,435.9703233719415,0.8260869565217391,session-db,0,0.0
re1_ss__payment_cpu__2,re1_ss,cpu,payment,ar,180,180,436,23,3238.899261361828,8.157258636648985,309.7886820975013,0.6956521739130435,session-db,0,0.0
re1_ss__payment_cpu__2,re1_ss,cpu,payment,counterfactual_ar,180,180,436,23,3238.899261361828,320.9512271976402,496.16044983774776,0.9130434782608695,session-db,55,0.1252803261977574
re1_ss__payment_cpu__3,re1_ss,cpu,payment,raw,180,180,436,23,1395.0619382491332,155.30973980568237,341.7674861126921,0.9130434782608695,catalogue,0,0.0
re1_ss__payment_cpu__3,re1_ss,cpu,payment,ar,180,180,436,23,1044.042487780928,5.583972862166964,484.9256618171754,0.5217391304347826,catalogue,0,0.0
re1_ss__payment_cpu__3,re1_ss,cpu,payment,counterfactual_ar,180,180,436,23,1269.657082230082,206.83686919470708,663.9248234331578,0.9130434782608695,user,60,0.13534658511722733
re1_ss__payment_cpu__4,re1_ss,cpu,payment,raw,180,180,436,23,3313.961879676995,283.59116730209894,584.8244763176632,0.8260869565217391,session-db,0,0.0
re1_ss__payment_cpu__4,re1_ss,cpu,payment,ar,180,180,436,23,3257.724278529781,105.23296623126107,555.8623101924545,0.6086956521739131,session-db,0,0.0
re1_ss__payment_cpu__4,re1_ss,cpu,payment,counterfactual_ar,180,180,436,23,3257.724278529781,339.5889339864622,594.0368384149327,0.9565217391304348,session-db,61,0.1379841997961264
re1_ss__payment_cpu__5,re1_ss,cpu,payment,raw,180,180,436,23,1068.1981203783428,127.81758688391308,718.0385259023614,0.8260869565217391,catalogue,0,0.0
re1_ss__payment_cpu__5,re1_ss,cpu,payment,ar,180,180,436,23,987.4723290273892,4.6696856292122675,624.5948927938316,0.5217391304347826,catalogue,0,0.0
re1_ss__payment_cpu__5,re1_ss,cpu,payment,counterfactual_ar,180,180,436,23,1125.395376251184,235.19558097572312,542.7182959834255,0.8695652173913043,catalogue,62,0.14152650356778798
re1_ss__payment_delay__1,re1_ss,delay,payment,raw,180,180,437,23,3321.6309240108308,198.0391980341053,556.994421578341,0.8695652173913043,session-db,0,0.0
re1_ss__payment_delay__1,re1_ss,delay,payment,ar,180,180,437,23,3265.258946385497,98.25556839036767,547.2996677314902,0.5652173913043478,session-db,0,0.0
re1_ss__payment_delay__1,re1_ss,delay,payment,counterfactual_ar,180,180,437,23,3265.258946385497,264.6784166089495,431.2637397208503,0.8695652173913043,session-db,64,0.14045258072718028
re1_ss__payment_delay__2,re1_ss,delay,payment,raw,180,180,436,23,3302.8509871055626,262.94938072995245,684.7723982195748,0.8260869565217391,session-db,0,0.0
re1_ss__payment_delay__2,re1_ss,delay,payment,ar,180,180,436,23,3246.7955381113425,123.49672677967409,506.69971166283176,0.782608695652174,session-db,0,0.0
re1_ss__payment_delay__2,re1_ss,delay,payment,counterfactual_ar,180,180,436,23,3246.7955381113425,338.58983309205746,617.7529802950532,0.8695652173913043,session-db,61,0.1370540265035678
re1_ss__payment_delay__3,re1_ss,delay,payment,raw,180,180,436,23,1295.6503653690834,272.0076289028886,711.7382289708111,0.8260869565217391,catalogue,0,0.0
re1_ss__payment_delay__3,re1_ss,delay,payment,ar,180,180,436,23,1223.9761797532817,20.039442465376307,655.7954464978511,0.6956521739130435,catalogue,0,0.0
re1_ss__payment_delay__3,re1_ss,delay,payment,counterfactual_ar,180,180,436,23,1167.1628041894023,235.5967540070425,658.8336197182578,0.8260869565217391,catalogue,65,0.14207441386340466
re1_ss__payment_delay__4,re1_ss,delay,payment,raw,180,180,437,23,3311.7027074306357,216.63983379931395,496.0413477198363,0.8260869565217391,session-db,0,0.0
re1_ss__payment_delay__4,re1_ss,delay,payment,ar,180,180,437,23,3255.4979036968343,48.63581517366918,474.4661453962118,0.6086956521739131,session-db,0,0.0
re1_ss__payment_delay__4,re1_ss,delay,payment,counterfactual_ar,180,180,437,23,3255.4979036968343,317.47840244093817,505.79221374867694,0.8695652173913043,session-db,52,0.11890414441901856
re1_ss__payment_delay__5,re1_ss,delay,payment,raw,180,180,437,23,1953.118711395807,184.29469871717174,717.5194815450186,0.8260869565217391,192-168-15-8-9100,0,0.0
re1_ss__payment_delay__5,re1_ss,delay,payment,ar,180,180,437,23,1889.7590838317867,94.84806911541791,658.8451529370868,0.6956521739130435,192-168-15-8-9100,0,0.0
re1_ss__payment_delay__5,re1_ss,delay,payment,counterfactual_ar,180,180,437,23,2047.7201566594977,308.25463109863233,624.5158320178471,0.9130434782608695,192-168-33-0-9100,65,0.14829646580218664
re1_ss__payment_disk__1,re1_ss,disk,payment,raw,180,180,429,21,3172.5275928721308,135.4997040198022,539.3403913557839,0.8571428571428571,session-db,0,0.0
re1_ss__payment_disk__1,re1_ss,disk,payment,ar,180,180,429,21,3118.646192991942,33.24405274081378,460.98242336146706,0.7142857142857143,session-db,0,0.0
re1_ss__payment_disk__1,re1_ss,disk,payment,counterfactual_ar,180,180,429,21,3118.646192991942,166.8062603643236,625.0364445810783,0.9047619047619048,session-db,68,0.14643874643874644
re1_ss__payment_disk__2,re1_ss,disk,payment,raw,180,180,428,21,3156.1795376247414,142.167173569465,302.5504792745863,0.8571428571428571,session-db,0,0.0
re1_ss__payment_disk__2,re1_ss,disk,payment,ar,180,180,428,21,3102.5735553545273,31.39144386567479,281.17877589073004,0.7142857142857143,session-db,0,0.0
re1_ss__payment_disk__2,re1_ss,disk,payment,counterfactual_ar,180,180,428,21,3102.5735553545273,163.7890202016349,509.9057666223219,0.9047619047619048,session-db,60,0.13080218068535826
re1_ss__payment_disk__3,re1_ss,disk,payment,raw,180,180,428,21,619.3993410335105,132.3318482759316,365.1025848256272,0.9047619047619048,10-192-15-197-9100,0,0.0
re1_ss__payment_disk__3,re1_ss,disk,payment,ar,180,180,428,21,466.7561029608076,46.756454743600635,172.6897536577926,0.6666666666666666,10-192-15-197-9100,0,0.0
re1_ss__payment_disk__3,re1_ss,disk,payment,counterfactual_ar,180,180,428,21,583.2111073214957,148.20516084489864,410.58195689770304,0.9047619047619048,10-192-15-197-9100,63,0.1471443406022845
re1_ss__payment_disk__4,re1_ss,disk,payment,raw,180,180,428,21,3555.7051041729846,285.3832697222953,790.0562421314575,0.8571428571428571,session-db,0,0.0
re1_ss__payment_disk__4,re1_ss,disk,payment,ar,180,180,428,21,3495.436294226834,47.020876072685006,775.125089273671,0.6666666666666666,session-db,0,0.0
re1_ss__payment_disk__4,re1_ss,disk,payment,counterfactual_ar,180,180,428,21,3495.436294226834,310.5422530450069,793.2384712591469,0.8571428571428571,session-db,61,0.1401998961578401
re1_ss__payment_disk__5,re1_ss,disk,payment,raw,180,180,428,21,868.5529347356305,161.13943549809872,510.19649813848315,0.8571428571428571,catalogue,0,0.0
re1_ss__payment_disk__5,re1_ss,disk,payment,ar,180,180,428,21,835.9101312370334,10.170201267649654,405.6749171311638,0.6666666666666666,catalogue,0,0.0
re1_ss__payment_disk__5,re1_ss,disk,payment,counterfactual_ar,180,180,428,21,815.1605338000376,212.5562142741907,532.4049196461027,0.9523809523809523,catalogue,60,0.13786344755970922
re1_ss__payment_loss__1,re1_ss,loss,payment,raw,180,180,436,23,3653.350936099876,203.1675265121502,1063.1335862122587,0.8695652173913043,session-db,0,0.0
re1_ss__payment_loss__1,re1_ss,loss,payment,ar,180,180,436,23,3591.453834096064,19.059230377018526,1010.8680699289342,0.6956521739130435,session-db,0,0.0
re1_ss__payment_loss__1,re1_ss,loss,payment,counterfactual_ar,180,180,436,23,3591.453834096064,176.94789970768593,984.3603683720322,0.8695652173913043,session-db,56,0.12844036697247707
re1_ss__payment_loss__2,re1_ss,loss,payment,raw,180,180,436,23,456.4649180324227,73.64786688090875,342.08023922073096,0.8695652173913043,payment,0,0.0
re1_ss__payment_loss__2,re1_ss,loss,payment,ar,180,180,436,23,454.1486949682606,-0.26210473498527637,275.7062276025257,0.4782608695652174,payment,0,0.0
re1_ss__payment_loss__2,re1_ss,loss,payment,counterfactual_ar,180,180,436,23,482.3989193369801,178.33894515451757,457.3823512477968,0.8695652173913043,orders-db,56,0.12826197757390417
re1_ss__payment_loss__3,re1_ss,loss,payment,raw,180,180,436,23,3302.5061476731603,264.13800454673986,384.2840462512785,0.8260869565217391,session-db,0,0.0
re1_ss__payment_loss__3,re1_ss,loss,payment,ar,180,180,436,23,3246.455822562443,13.584266085173681,294.4524874935694,0.6086956521739131,session-db,0,0.0
re1_ss__payment_loss__3,re1_ss,loss,payment,counterfactual_ar,180,180,436,23,3246.455822562443,272.92690959946543,561.9535776416513,0.8260869565217391,session-db,71,0.16272935779816514
re1_ss__payment_loss__4,re1_ss,loss,payment,raw,180,180,436,23,3127.9276833503186,81.31613932549992,504.4546510379225,0.8695652173913043,192-168-61-95-9100,0,0.0
re1_ss__payment_loss__4,re1_ss,loss,payment,ar,180,180,436,23,3034.473074343596,15.746086159570629,457.2895198527665,0.6956521739130435,192-168-61-95-9100,0,0.0
re1_ss__payment_loss__4,re1_ss,loss,payment,counterfactual_ar,180,180,436,23,3124.460056820169,214.5517069922565,668.801020332398,0.8695652173913043,192-168-61-95-9100,58,0.13302752293577982
re1_ss__payment_loss__5,re1_ss,loss,payment,raw,180,180,436,23,1214.4195304832367,244.05719179987486,503.35360517764144,0.9130434782608695,catalogue,0,0.0
re1_ss__payment_loss__5,re1_ss,loss,payment,ar,180,180,436,23,984.8027204042725,16.2707802795566,446.0323041897156,0.6086956521739131,catalogue,0,0.0
re1_ss__payment_loss__5,re1_ss,loss,payment,counterfactual_ar,180,180,436,23,1236.0720850612606,312.32638507364044,498.2969444209517,0.9130434782608695,catalogue,63,0.13952599388379205
re1_ss__payment_mem__1,re1_ss,mem,payment,raw,180,180,438,23,2118.2802250457257,249.18218818258381,639.4894210573234,0.8260869565217391,192-168-90-135-9100,0,0.0
re1_ss__payment_mem__1,re1_ss,mem,payment,ar,180,180,438,23,2065.7472520044776,38.02974848510326,577.2652116633385,0.6956521739130435,192-168-90-135-9100,0,0.0
re1_ss__payment_mem__1,re1_ss,mem,payment,counterfactual_ar,180,180,438,23,2124.5402910713547,330.54889367281163,645.4827297035172,0.8695652173913043,192-168-90-135-9100,64,0.1388762049720954
re1_ss__payment_mem__2,re1_ss,mem,payment,raw,180,180,437,23,3302.824833764076,248.72465683872974,435.9728488406124,0.8260869565217391,session-db,0,0.0
re1_ss__payment_mem__2,re1_ss,mem,payment,ar,180,180,437,23,3246.7666117578215,28.25941984150516,390.66137115153333,0.6521739130434783,session-db,0,0.0
re1_ss__payment_mem__2,re1_ss,mem,payment,counterfactual_ar,180,180,437,23,3246.7666117578215,252.7159143926624,475.1783553899229,0.8695652173913043,session-db,67,0.1446605644546148
re1_ss__payment_mem__3,re1_ss,mem,payment,raw,180,180,438,23,1502.828183575469,191.8580170339836,748.0581537234578,0.8260869565217391,user,0,0.0
re1_ss__payment_mem__3,re1_ss,mem,payment,ar,180,180,438,23,1355.7071179010802,9.275959069044745,691.3003058675782,0.6086956521739131,user,0,0.0
re1_ss__payment_mem__3,re1_ss,mem,payment,counterfactual_ar,180,180,438,23,1478.2229915025257,304.38283578259603,627.5691468184096,0.8695652173913043,user,68,0.15402080162354134
re1_ss__payment_mem__4,re1_ss,mem,payment,raw,180,180,437,23,3290.1236022240882,278.78975388690657,540.8934427372157,0.8695652173913043,session-db,0,0.0
re1_ss__payment_mem__4,re1_ss,mem,payment,ar,180,180,437,23,3234.277029268264,155.67673686937465,406.3089781985023,0.6521739130434783,session-db,0,0.0
re1_ss__payment_mem__4,re1_ss,mem,payment,counterfactual_ar,180,180,437,23,3234.277029268264,308.6255715592711,505.07370847230345,0.8695652173913043,session-db,65,0.14496567505720825
re1_ss__payment_mem__5,re1_ss,mem,payment,raw,180,180,437,23,1071.8781606784116,263.58824938669414,700.0968682678288,0.9130434782608695,catalogue,0,0.0
re1_ss__payment_mem__5,re1_ss,mem,payment,ar,180,180,437,23,1033.9677633360877,10.732016770610528,692.6043663112827,0.5217391304347826,catalogue,0,0.0
re1_ss__payment_mem__5,re1_ss,mem,payment,counterfactual_ar,180,180,437,23,994.8358227714816,241.5992732256177,626.5009667036428,1.0,catalogue,66,0.14823290109331297
re1_ss__user_cpu__1,re1_ss,cpu,user,raw,180,180,437,23,3330.1268518194697,236.7783974516573,563.253992077125,0.8260869565217391,session-db,0,0.0
re1_ss__user_cpu__1,re1_ss,cpu,user,ar,180,180,437,23,3273.6170352430345,7.095736328406474,269.2125143717807,0.5652173913043478,session-db,0,0.0
re1_ss__user_cpu__1,re1_ss,cpu,user,counterfactual_ar,180,180,437,23,3273.6170352430345,251.4771775722676,477.57352446405383,0.9565217391304348,session-db,57,0.12236206458174421
re1_ss__user_cpu__2,re1_ss,cpu,user,raw,180,180,437,23,3317.5574846604,255.6735581185601,435.3484503240271,0.8260869565217391,session-db,0,0.0
re1_ss__user_cpu__2,re1_ss,cpu,user,ar,180,180,437,23,3261.257838048295,47.11361052517966,311.1503337476385,0.6521739130434783,session-db,0,0.0
re1_ss__user_cpu__2,re1_ss,cpu,user,counterfactual_ar,180,180,437,23,3261.257838048295,269.65527845813864,514.0524314092921,0.8260869565217391,session-db,69,0.15322908721078057
re1_ss__user_cpu__3,re1_ss,cpu,user,raw,180,180,437,23,725.6426394482779,155.72125101343292,429.62932405390296,0.8260869565217391,session-db,0,0.0
re1_ss__user_cpu__3,re1_ss,cpu,user,ar,180,180,437,23,695.2229107314961,10.977791616903128,267.34875493709774,0.5652173913043478,session-db,0,0.0
re1_ss__user_cpu__3,re1_ss,cpu,user,counterfactual_ar,180,180,437,23,536.5202730652421,207.91713320262647,504.85179056266924,0.8695652173913043,carts-db,64,0.13920671243325705
re1_ss__user_cpu__4,re1_ss,cpu,user,raw,180,180,437,23,719.4039004089212,241.29021713896702,499.3471871898714,0.8695652173913043,session-db,0,0.0
re1_ss__user_cpu__4,re1_ss,cpu,user,ar,180,180,437,23,695.1249970732166,5.269802014133025,346.1243688687416,0.6086956521739131,session-db,0,0.0
re1_ss__user_cpu__4,re1_ss,cpu,user,counterfactual_ar,180,180,437,23,495.7293796566384,208.36525817689994,408.9175944754375,0.9565217391304348,carts-db,65,0.14419018560894992
re1_ss__user_cpu__5,re1_ss,cpu,user,raw,180,180,438,23,3320.4790452894013,262.68646260794685,472.1001832162089,0.8695652173913043,session-db,0,0.0
re1_ss__user_cpu__5,re1_ss,cpu,user,ar,180,180,438,23,3264.134839157525,67.28765982822085,487.8670727079362,0.6521739130434783,session-db,0,0.0
re1_ss__user_cpu__5,re1_ss,cpu,user,counterfactual_ar,180,180,438,23,3264.134839157525,288.7860724628792,500.6108891001384,0.8695652173913043,session-db,64,0.14121004566210046
re1_ss__user_delay__1,re1_ss,delay,user,raw,180,180,437,23,1629.0519371207167,255.0458104259585,506.62686909493186,0.8260869565217391,192-168-33-0-9100,0,0.0
re1_ss__user_delay__1,re1_ss,delay,user,ar,180,180,437,23,1562.5329786557488,12.73662454848118,409.89388660232925,0.6086956521739131,192-168-33-0-9100,0,0.0
re1_ss__user_delay__1,re1_ss,delay,user,counterfactual_ar,180,180,437,23,1627.5838884496018,196.23189433566253,583.6550216794693,0.8260869565217391,192-168-33-0-9100,59,0.13478260869565217
re1_ss__user_delay__2,re1_ss,delay,user,raw,180,180,436,23,3309.094895263428,159.1700923383146,436.70332583868856,0.8695652173913043,session-db,0,0.0
re1_ss__user_delay__2,re1_ss,delay,user,ar,180,180,436,23,3252.9385623532908,12.231616380691738,343.58355684375414,0.5217391304347826,session-db,0,0.0
re1_ss__user_delay__2,re1_ss,delay,user,counterfactual_ar,180,180,436,23,3252.9385623532908,316.2231969026944,438.18785665685584,0.9565217391304348,session-db,68,0.1549439347604485
re1_ss__user_delay__3,re1_ss,delay,user,raw,180,180,436,23,1015.1562672406657,231.2712415706661,692.2756571694897,0.8695652173913043,payment,0,0.0
re1_ss__user_delay__3,re1_ss,delay,user,ar,180,180,436,23,924.5445464307345,21.257702820413517,676.2901258865592,0.5652173913043478,payment,0,0.0
re1_ss__user_delay__3,re1_ss,delay,user,counterfactual_ar,180,180,436,23,1013.1351648559909,261.15681482786414,532.6292653137602,0.8695652173913043,payment,68,0.15454892966360856
re1_ss__user_delay__4,re1_ss,delay,user,raw,180,180,437,23,3296.7514298803867,199.16757514193299,414.9823424046966,0.8260869565217391,session-db,0,0.0
re1_ss__user_delay__4,re1_ss,delay,user,ar,180,180,437,23,3240.7938340594487,8.722696070979206,296.73011111615574,0.6086956521739131,session-db,0,0.0
re1_ss__user_delay__4,re1_ss,delay,user,counterfactual_ar,180,180,437,23,3240.7938340594487,291.3963216382752,537.6820128434632,0.8260869565217391,session-db,66,0.14860157640478006
re1_ss__user_delay__5,re1_ss,delay,user,raw,180,180,437,23,724.472874740687,170.33478790870626,637.7293444403971,0.8260869565217391,session-db,0,0.0
re1_ss__user_delay__5,re1_ss,delay,user,ar,180,180,437,23,695.2103885055885,20.901268360413706,499.8916986909643,0.6086956521739131,session-db,0,0.0
re1_ss__user_delay__5,re1_ss,delay,user,counterfactual_ar,180,180,437,23,757.7614670928388,232.1124072148725,572.3286470061418,0.8260869565217391,catalogue,60,0.13391812865497077
re1_ss__user_disk__1,re1_ss,disk,user,raw,180,180,432,21,724.9697425415278,168.6016401782544,460.92609573436056,0.7619047619047619,session-db,0,0.0
re1_ss__user_disk__1,re1_ss,disk,user,ar,180,180,432,21,695.6611103064507,-1.9851873426599507,411.1135469072013,0.47619047619047616,session-db,0,0.0
re1_ss__user_disk__1,re1_ss,disk,user,counterfactual_ar,180,180,432,21,565.0079409865134,241.2180012624045,440.50226527497824,0.8571428571428571,payment,57,0.13043981481481481
re1_ss__user_disk__2,re1_ss,disk,user,raw,180,180,432,21,3156.0599866473985,209.44606720959564,475.84713038706195,0.9047619047619048,session-db,0,0.0
re1_ss__user_disk__2,re1_ss,disk,user,ar,180,180,432,21,3102.4542777783777,39.53584621781366,402.25424813362474,0.7142857142857143,session-db,0,0.0
re1_ss__user_disk__2,re1_ss,disk,user,counterfactual_ar,180,180,432,21,3102.4542777783777,283.4121331345328,552.3120214229108,0.9523809523809523,session-db,69,0.153369341563786
re1_ss__user_disk__3,re1_ss,disk,user,raw,180,180,432,21,987.31098313309,131.66423378006243,528.0861055855434,0.8095238095238095,user,0,0.0
re1_ss__user_disk__3,re1_ss,disk,user,ar,180,180,432,21,862.2729919967801,30.412180643794162,466.08847390065256,0.7142857142857143,user,0,0.0
re1_ss__user_disk__3,re1_ss,disk,user,counterfactual_ar,180,180,432,21,1020.6056259014337,194.4290424301698,567.3628299483609,0.8571428571428571,user,58,0.1330761316872428
re1_ss__user_disk__4,re1_ss,disk,user,raw,180,180,432,21,664.7928809825285,84.14932345159212,418.376404766304,0.9047619047619048,10-192-15-197-9100,0,0.0
re1_ss__user_disk__4,re1_ss,disk,user,ar,180,180,432,21,549.6895150062311,14.500619536574883,202.77254605023106,0.6666666666666666,10-192-15-197-9100,0,0.0
re1_ss__user_disk__4,re1_ss,disk,user,counterfactual_ar,180,180,432,21,705.8226978304696,195.64763023191517,525.1623414617396,0.8571428571428571,10-192-15-197-9100,68,0.1502957818930041
re1_ss__user_disk__5,re1_ss,disk,user,raw,180,180,432,21,595.0887930782351,102.32021840572592,514.4392820570016,0.8571428571428571,10-192-15-197-9100,0,0.0
re1_ss__user_disk__5,re1_ss,disk,user,ar,180,180,432,21,519.062545743266,21.163228837990214,482.9762085099222,0.7619047619047619,queue-master,0,0.0
re1_ss__user_disk__5,re1_ss,disk,user,counterfactual_ar,180,180,432,21,632.5873897490295,216.85234267147976,519.0625455762872,0.9047619047619048,10-192-15-197-9100,71,0.1617798353909465
re1_ss__user_loss__1,re1_ss,loss,user,raw,180,180,438,23,3637.9183469617915,97.73495286783488,392.9214897494279,0.9565217391304348,session-db,0,0.0
re1_ss__user_loss__1,re1_ss,loss,user,ar,180,180,438,23,3576.2760399534836,20.418749806507037,301.6807558428953,0.6521739130434783,session-db,0,0.0
re1_ss__user_loss__1,re1_ss,loss,user,counterfactual_ar,180,180,438,23,3576.2760399534836,235.21990900900678,557.3770369886745,0.9130434782608695,session-db,70,0.1558346017250127
re1_ss__user_loss__2,re1_ss,loss,user,raw,180,180,436,23,3296.715865790986,247.67957127217701,413.82031462126906,0.9130434782608695,session-db,0,0.0
re1_ss__user_loss__2,re1_ss,loss,user,ar,180,180,436,23,3240.7588800659155,36.584408273282435,344.63335358748304,0.6956521739130435,session-db,0,0.0
re1_ss__user_loss__2,re1_ss,loss,user,counterfactual_ar,180,180,436,23,3240.7588800659155,204.75050660515956,452.50340967731444,0.9565217391304348,session-db,55,0.11857798165137613
re1_ss__user_loss__3,re1_ss,loss,user,raw,180,180,437,23,2058.061807939099,260.1729659444787,698.7466523444613,0.8695652173913043,192-168-26-82-9100,0,0.0
re1_ss__user_loss__3,re1_ss,loss,user,ar,180,180,437,23,1998.2428959538702,108.59288026395001,606.7595067430417,0.6521739130434783,192-168-26-82-9100,0,0.0
re1_ss__user_loss__3,re1_ss,loss,user,counterfactual_ar,180,180,437,23,2072.740479284829,327.16197377751234,677.7296760273664,0.9130434782608695,192-168-26-82-9100,69,0.15443681667937958
re1_ss__user_loss__4,re1_ss,loss,user,raw,180,180,438,23,3298.0535575306185,214.52548143940896,467.5707737862435,0.8695652173913043,session-db,0,0.0
re1_ss__user_loss__4,re1_ss,loss,user,ar,180,180,438,23,3242.077320473869,12.16134513742196,310.70437382295165,0.6086956521739131,session-db,0,0.0
re1_ss__user_loss__4,re1_ss,loss,user,counterfactual_ar,180,180,438,23,3242.077320473869,229.9576478896803,513.6057614075171,0.8695652173913043,session-db,62,0.14140030441400306
re1_ss__user_loss__5,re1_ss,loss,user,raw,180,180,438,23,530.8059646511684,46.37141653328447,380.4956737299899,0.9130434782608695,192-168-61-95-9100,0,0.0
re1_ss__user_loss__5,re1_ss,loss,user,ar,180,180,438,23,468.33520594763166,4.214522614432023,158.11657928041822,0.5217391304347826,192-168-61-95-9100,0,0.0
re1_ss__user_loss__5,re1_ss,loss,user,counterfactual_ar,180,180,438,23,579.9795301226608,190.40582808228976,472.78296552098226,0.8695652173913043,192-168-61-95-9100,62,0.13623795027904617
re1_ss__user_mem__1,re1_ss,mem,user,raw,180,180,438,23,3315.1680040489446,289.2894089844917,615.2863661599974,0.9130434782608695,session-db,0,0.0
re1_ss__user_mem__1,re1_ss,mem,user,ar,180,180,438,23,3258.9100593612075,102.93246717190873,592.6746794605336,0.6956521739130435,session-db,0,0.0
re1_ss__user_mem__1,re1_ss,mem,user,counterfactual_ar,180,180,438,23,3258.9100593612075,379.2485901732293,561.9014455988574,0.9130434782608695,session-db,53,0.12081430745814309
re1_ss__user_mem__2,re1_ss,mem,user,raw,180,180,438,23,759.9266811339625,293.66106897932076,565.0537078528909,0.8695652173913043,session-db,0,0.0
re1_ss__user_mem__2,re1_ss,mem,user,ar,180,180,438,23,643.0573875108402,16.304467937083825,523.2290182384635,0.6086956521739131,session-db,0,0.0
re1_ss__user_mem__2,re1_ss,mem,user,counterfactual_ar,180,180,438,23,533.2630786549831,293.34485172029264,493.8490269649052,0.8695652173913043,user,66,0.1413115169964485
re1_ss__user_mem__3,re1_ss,mem,user,raw,180,180,437,23,3310.8496124476756,247.73628375908538,584.0445137941781,0.9565217391304348,session-db,0,0.0
re1_ss__user_mem__3,re1_ss,mem,user,ar,180,180,437,23,3254.6653547761066,101.43971781360271,385.32931844501644,0.8260869565217391,session-db,0,0.0
re1_ss__user_mem__3,re1_ss,mem,user,counterfactual_ar,180,180,437,23,3254.6653547761066,389.8912704415363,531.5453271676271,0.9130434782608695,session-db,61,0.134744469870328
re1_ss__user_mem__4,re1_ss,mem,user,raw,180,180,437,23,1998.918894598014,321.5996246403161,738.942884161776,0.9565217391304348,192-168-95-91-9100,0,0.0
re1_ss__user_mem__4,re1_ss,mem,user,ar,180,180,437,23,1932.8419280557537,85.10160706311126,579.104350027862,0.782608695652174,192-168-95-91-9100,0,0.0
re1_ss__user_mem__4,re1_ss,mem,user,counterfactual_ar,180,180,437,23,2040.8796224379385,391.10430569443906,893.863940408988,0.9565217391304348,192-168-95-91-9100,68,0.15511060259344012
re1_ss__user_mem__5,re1_ss,mem,user,raw,180,180,438,23,2212.2540098607965,522.8190812811282,1332.8350764635263,0.9565217391304348,192-168-33-0-9100,0,0.0
re1_ss__user_mem__5,re1_ss,mem,user,ar,180,180,438,23,2108.062122826939,290.8108307860232,1008.8042343065307,0.8260869565217391,192-168-33-0-9100,0,0.0
re1_ss__user_mem__5,re1_ss,mem,user,counterfactual_ar,180,180,438,23,2245.4576969131226,542.9848041819879,1405.7840661379735,0.9565217391304348,192-168-33-0-9100,119,0.26733891425672246
re1_tt__ts-auth-service_cpu__1,re1_tt,cpu,ts-auth-service,raw,240,240,1241,70,2379.589783308343,417.28038945105834,1019.5619515004746,0.9714285714285714,ts-travel2-mongo,0,0.0
re1_tt__ts-auth-service_cpu__1,re1_tt,cpu,ts-auth-service,ar,240,240,1241,70,2033.5485616196866,214.96495347994616,860.8226808249761,0.8714285714285714,ts-travel2-mongo,0,0.0
re1_tt__ts-auth-service_cpu__1,re1_tt,cpu,ts-auth-service,counterfactual_ar,240,240,1241,70,2348.9292730019574,408.1616570643519,1080.2650800329873,1.0,ts-travel2-mongo,351,0.2811106634434596
re1_tt__ts-auth-service_cpu__2,re1_tt,cpu,ts-auth-service,raw,240,240,1239,70,2105.5213117296075,407.9948297077325,926.9430404409636,0.9571428571428572,ts-auth-mongo,0,0.0
re1_tt__ts-auth-service_cpu__2,re1_tt,cpu,ts-auth-service,ar,240,240,1239,70,1847.473293023212,196.41064186283194,747.5904369636349,0.8714285714285714,ts-auth-mongo,0,0.0
re1_tt__ts-auth-service_cpu__2,re1_tt,cpu,ts-auth-service,counterfactual_ar,240,240,1239,70,2078.314407623364,428.49246536159103,1071.6590492270664,0.9857142857142858,ts-auth-mongo,371,0.29451170298627927
re1_tt__ts-auth-service_cpu__3,re1_tt,cpu,ts-auth-service,raw,240,240,1232,70,1936.7140705700767,326.66864229291457,997.6017365474137,0.9857142857142858,ts-payment-service,0,0.0
re1_tt__ts-auth-service_cpu__3,re1_tt,cpu,ts-auth-service,ar,240,240,1232,70,1911.5427969087762,83.17771094059835,645.0741785813011,0.9,ts-payment-service,0,0.0
re1_tt__ts-auth-service_cpu__3,re1_tt,cpu,ts-auth-service,counterfactual_ar,240,240,1232,70,1930.5321111583937,415.89633432155017,772.280703116511,0.9857142857142858,ts-config-mongo,343,0.2742458062770563
re1_tt__ts-auth-service_cpu__4,re1_tt,cpu,ts-auth-service,raw,240,240,1179,70,2011.2385199722767,212.80575435137104,776.9272765399511,0.9571428571428572,ts-payment-mongo,0,0.0
re1_tt__ts-auth-service_cpu__4,re1_tt,cpu,ts-auth-service,ar,240,240,1179,70,1671.4389751214665,18.79229170395206,679.1622511082094,0.7285714285714285,ts-payment-mongo,0,0.0
re1_tt__ts-auth-service_cpu__4,re1_tt,cpu,ts-auth-service,counterfactual_ar,240,240,1179,70,2062.980938896347,323.99832243949913,709.3340727794176,0.9714285714285714,ts-payment-mongo,314,0.2595137121854679
re1_tt__ts-auth-service_cpu__5,re1_tt,cpu,ts-auth-service,raw,240,240,1182,70,2042.769299389826,240.1075781635434,722.1487632519102,0.9857142857142858,ts-consign-mongo,0,0.0
re1_tt__ts-auth-service_cpu__5,re1_tt,cpu,ts-auth-service,ar,240,240,1182,70,1648.6803163225832,23.679938837799444,399.2897726290078,0.7142857142857143,ts-consign-mongo,0,0.0
re1_tt__ts-auth-service_cpu__5,re1_tt,cpu,ts-auth-service,counterfactual_ar,240,240,1182,70,2016.5663420712956,288.6379419774216,656.8822925961233,1.0,ts-consign-mongo,318,0.2654575578116187
re1_tt__ts-auth-service_delay__1,re1_tt,delay,ts-auth-service,raw,240,240,1241,70,1852.7037403095808,381.30387176195165,1096.232934620466,0.9714285714285714,ts-preserve-service,0,0.0
re1_tt__ts-auth-service_delay__1,re1_tt,delay,ts-auth-service,ar,240,240,1241,70,1828.5212179299178,122.85568054660219,917.0409054091446,0.9142857142857143,ts-preserve-service,0,0.0
re1_tt__ts-auth-service_delay__1,re1_tt,delay,ts-auth-service,counterfactual_ar,240,240,1241,70,1828.5377210796403,466.67647891698374,1045.147525924765,0.9857142857142858,ts-preserve-service,345,0.27512758528068765
re1_tt__ts-auth-service_delay__2,re1_tt,delay,ts-auth-service,raw,240,240,1233,70,2639.406443454436,423.28930742102364,956.7999517587538,0.9857142857142858,192-168-45-158-9100,0,0.0
re1_tt__ts-auth-service_delay__2,re1_tt,delay,ts-auth-service,ar,240,240,1233,70,2505.750963459847,264.97857201693773,779.0551327189672,0.8571428571428571,192-168-45-158-9100,0,0.0
re1_tt__ts-auth-service_delay__2,re1_tt,delay,ts-auth-service,counterfactual_ar,240,240,1233,70,2766.449190531437,420.1215835388117,926.725104883725,1.0,192-168-45-158-9100,339,0.27437821032711546
re1_tt__ts-auth-service_delay__3,re1_tt,delay,ts-auth-service,raw,240,240,1232,70,1415.4839418685788,243.8946771529387,668.660849359245,0.9714285714285714,ts-order-other-mongo,0,0.0
re1_tt__ts-auth-service_delay__3,re1_tt,delay,ts-auth-service,ar,240,240,1232,70,1216.955368376533,81.41477752621854,391.23198844450906,0.8285714285714286,ts-admin-order-service,0,0.0
re1_tt__ts-auth-service_delay__3,re1_tt,delay,ts-auth-service,counterfactual_ar,240,240,1232,70,1462.657416955114,307.2666901293045,713.2411599014798,0.9857142857142858,ts-order-other-mongo,341,0.2764847132034632
re1_tt__ts-auth-service_delay__4,re1_tt,delay,ts-auth-service,raw,240,240,1180,70,1933.4886307007353,138.25644873009264,652.4377566991209,0.9571428571428572,ts-auth-mongo,0,0.0
re1_tt__ts-auth-service_delay__4,re1_tt,delay,ts-auth-service,ar,240,240,1180,70,1585.7784721887201,23.28365540344614,509.03471162939474,0.7285714285714285,ts-auth-mongo,0,0.0
re1_tt__ts-auth-service_delay__4,re1_tt,delay,ts-auth-service,counterfactual_ar,240,240,1180,70,1965.1784201059015,239.6587470338951,688.6273997982672,0.9857142857142858,ts-auth-mongo,285,0.23923022598870053
re1_tt__ts-auth-service_delay__5,re1_tt,delay,ts-auth-service,raw,240,240,1182,70,2633.987161734808,167.7778825325654,634.3943091454271,0.9142857142857143,192-168-45-158-9100,0,0.0
re1_tt__ts-auth-service_delay__5,re1_tt,delay,ts-auth-service,ar,240,240,1182,70,2555.0795397874767,28.55251955830975,413.2434117549977,0.7,192-168-45-158-9100,0,0.0
re1_tt__ts-auth-service_delay__5,re1_tt,delay,ts-auth-service,counterfactual_ar,240,240,1182,70,2685.0172094995637,238.1145731945894,643.9076829867389,0.9571428571428572,192-168-45-158-9100,307,0.2538423575860124
re1_tt__ts-auth-service_disk__1,re1_tt,disk,ts-auth-service,raw,180,180,1435,72,1216.9899813854654,162.3051002924248,441.4695483319496,0.9722222222222222,ts-assurance-mongo,0,0.0
re1_tt__ts-auth-service_disk__1,re1_tt,disk,ts-auth-service,ar,180,180,1435,72,942.1016719433973,50.93152531033067,264.73091814587684,0.8472222222222222,ts-assurance-mongo,0,0.0
re1_tt__ts-auth-service_disk__1,re1_tt,disk,ts-auth-service,counterfactual_ar,180,180,1435,72,1252.2258919044746,217.17047045033502,413.50079812749215,0.9861111111111112,ts-assurance-mongo,269,0.18580720092915215
re1_tt__ts-auth-service_disk__2,re1_tt,disk,ts-auth-service,raw,180,180,1435,72,590.5313250802842,158.19297895426132,433.08795327120947,0.9583333333333334,10-192-15-223-9100,0,0.0
re1_tt__ts-auth-service_disk__2,re1_tt,disk,ts-auth-service,ar,180,180,1435,72,544.1627796861854,33.219735622033795,267.6378163043108,0.8611111111111112,ts-payment-service,0,0.0
re1_tt__ts-auth-service_disk__2,re1_tt,disk,ts-auth-service,counterfactual_ar,180,180,1435,72,613.054271074711,265.98940242106454,472.39666646763004,1.0,ts-consign-service,284,0.19526519550909796
re1_tt__ts-auth-service_disk__3,re1_tt,disk,ts-auth-service,raw,180,180,1435,72,2127.975109931724,198.0091387705907,461.85402678169544,1.0,10-192-15-222-9100,0,0.0
re1_tt__ts-auth-service_disk__3,re1_tt,disk,ts-auth-service,ar,180,180,1435,72,1999.2224871494352,56.24356371605657,258.6816013796254,0.9861111111111112,10-192-15-222-9100,0,0.0
re1_tt__ts-auth-service_disk__3,re1_tt,disk,ts-auth-service,counterfactual_ar,180,180,1435,72,1969.5939319935023,209.98672844257425,479.0752023599307,1.0,10-192-15-222-9100,279,0.18866047231900893
re1_tt__ts-auth-service_disk__4,re1_tt,disk,ts-auth-service,raw,180,180,1435,72,958.8871419980837,169.28279745541047,499.0384584837839,0.9722222222222222,ts-news-service,0,0.0
re1_tt__ts-auth-service_disk__4,re1_tt,disk,ts-auth-service,ar,180,180,1435,72,778.3725384245641,39.96305568837868,371.6780537563998,0.8333333333333334,ts-consign-mongo,0,0.0
re1_tt__ts-auth-service_disk__4,re1_tt,disk,ts-auth-service,counterfactual_ar,180,180,1435,72,941.889983206797,224.6165470228294,487.9121468764648,1.0,ts-news-service,286,0.19596205962059618
re1_tt__ts-auth-service_disk__5,re1_tt,disk,ts-auth-service,raw,180,180,1438,72,1032.141777968667,196.06018855253387,510.7961931877058,0.9722222222222222,ts-consign-mongo,0,0.0
re1_tt__ts-auth-service_disk__5,re1_tt,disk,ts-auth-service,ar,180,180,1438,72,948.7845245154963,73.9517886924005,394.8101572778469,0.875,ts-consign-mongo,0,0.0
re1_tt__ts-auth-service_disk__5,re1_tt,disk,ts-auth-service,counterfactual_ar,180,180,1438,72,1222.743596858605,258.4287802786394,540.1576570117608,1.0,ts-consign-mongo,268,0.18465847627878226
re1_tt__ts-auth-service_loss__1,re1_tt,loss,ts-auth-service,raw,240,240,1250,70,1822.9988887668108,247.71727631050808,838.4863007469877,0.9428571428571428,ts-assurance-mongo,0,0.0
re1_tt__ts-auth-service_loss__1,re1_tt,loss,ts-auth-service,ar,240,240,1250,70,1596.6358753303505,118.28547887645995,648.1346513705491,0.8142857142857143,ts-assurance-mongo,0,0.0
re1_tt__ts-auth-service_loss__1,re1_tt,loss,ts-auth-service,counterfactual_ar,240,240,1250,70,1780.7841506526431,453.94324039102736,888.1715607477321,0.9857142857142858,ts-assurance-mongo,307,0.24338666666666667
re1_tt__ts-auth-service_loss__2,re1_tt,loss,ts-auth-service,raw,240,240,1237,70,1529.7011553154332,365.6702250801326,871.2593663225721,0.9714285714285714,ts-ticket-office-mongo,0,0.0
re1_tt__ts-auth-service_loss__2,re1_tt,loss,ts-auth-service,ar,240,240,1237,70,1192.1909738328252,138.37780215711598,690.3573755114768,0.7714285714285715,ts-ticket-office-mongo,0,0.0
re1_tt__ts-auth-service_loss__2,re1_tt,loss,ts-auth-service,counterfactual_ar,240,240,1237,70,1519.2317456066303,450.5558691475117,818.0534043386377,0.9857142857142858,ts-ticket-office-mongo,351,0.2815750471571005
re1_tt__ts-auth-service_loss__3,re1_tt,loss,ts-auth-service,raw,240,240,1230,70,1960.7994097024427,400.6317028085049,996.7331158445936,0.9857142857142858,ts-news-service,0,0.0
re1_tt__ts-auth-service_loss__3,re1_tt,loss,ts-auth-service,ar,240,240,1230,70,1810.7295645343238,185.02735586542985,816.5815193790479,0.7857142857142857,ts-news-service,0,0.0
re1_tt__ts-auth-service_loss__3,re1_tt,loss,ts-auth-service,counterfactual_ar,240,240,1230,70,1745.8738444125102,430.154581174183,892.4866958599574,0.9857142857142858,ts-news-service,340,0.2720630081300813
re1_tt__ts-auth-service_loss__4,re1_tt,loss,ts-auth-service,raw,240,240,1180,70,1942.8088079112483,344.14071331799823,983.8250100348185,0.9714285714285714,ts-contacts-mongo,0,0.0
re1_tt__ts-auth-service_loss__4,re1_tt,loss,ts-auth-service,ar,240,240,1180,70,1784.4815702066162,148.67659313467522,704.1003382385209,0.8571428571428571,ts-contacts-mongo,0,0.0
re1_tt__ts-auth-service_loss__4,re1_tt,loss,ts-auth-service,counterfactual_ar,240,240,1180,70,1662.4226827692953,362.98052992480007,940.4139872560039,1.0,ts-contacts-mongo,287,0.2343114406779661
re1_tt__ts-auth-service_loss__5,re1_tt,loss,ts-auth-service,raw,240,240,1179,70,2285.5750575070947,393.00234695850963,1478.6878260993776,0.9571428571428572,ts-payment-mongo,0,0.0
re1_tt__ts-auth-service_loss__5,re1_tt,loss,ts-auth-service,ar,240,240,1179,70,1758.465122823196,200.17686266423667,1335.8335580128835,0.7285714285714285,ts-security-mongo,0,0.0
re1_tt__ts-auth-service_loss__5,re1_tt,loss,ts-auth-service,counterfactual_ar,240,240,1179,70,2419.124780226788,352.0896603729409,1403.1090960703011,0.9714285714285714,ts-payment-mongo,286,0.24021063047780608
re1_tt__ts-auth-service_mem__1,re1_tt,mem,ts-auth-service,raw,240,240,1247,70,924.0405498275189,287.20051661854507,677.0385896653373,0.9571428571428572,ts-inside-payment-mongo,0,0.0
re1_tt__ts-auth-service_mem__1,re1_tt,mem,ts-auth-service,ar,240,240,1247,70,961.8698257457462,86.54048616713405,366.1977484009338,0.8,192-168-51-251-9100,0,0.0
re1_tt__ts-auth-service_mem__1,re1_tt,mem,ts-auth-service,counterfactual_ar,240,240,1247,70,1108.2132122683258,339.7903808653997,615.2653544102415,0.9714285714285714,ts-inside-payment-mongo,326,0.25866078588612673
re1_tt__ts-auth-service_mem__2,re1_tt,mem,ts-auth-service,raw,240,240,1186,70,2539.342478977712,318.80820010625894,1031.5684954982303,0.9857142857142858,192-168-76-138-9100,0,0.0
re1_tt__ts-auth-service_mem__2,re1_tt,mem,ts-auth-service,ar,240,240,1186,70,2494.9592921006956,128.23509611058492,848.3141560214085,0.8857142857142857,192-168-76-138-9100,0,0.0
re1_tt__ts-auth-service_mem__2,re1_tt,mem,ts-auth-service,counterfactual_ar,240,240,1186,70,2864.6780008484334,347.48294178714116,945.20349284071,1.0,192-168-76-138-9100,308,0.2582736087689713
re1_tt__ts-auth-service_mem__3,re1_tt,mem,ts-auth-service,raw,240,240,1237,70,1842.886127882616,268.7658825296743,782.7457947020581,0.9714285714285714,ts-auth-mongo,0,0.0
re1_tt__ts-auth-service_mem__3,re1_tt,mem,ts-auth-service,ar,240,240,1237,70,1520.0546969281813,109.21923810729297,749.3047986497492,0.8142857142857143,ts-auth-mongo,0,0.0
re1_tt__ts-auth-service_mem__3,re1_tt,mem,ts-auth-service,counterfactual_ar,240,240,1237,70,1894.4445409621387,345.7096936887638,776.4638551040206,0.9857142857142858,ts-auth-mongo,325,0.25851185664241444
re1_tt__ts-auth-service_mem__4,re1_tt,mem,ts-auth-service,raw,240,240,1194,70,1414.126886627613,255.8620175482523,704.2051662211292,0.9857142857142858,ts-ticket-office-service,0,0.0
re1_tt__ts-auth-service_mem__4,re1_tt,mem,ts-auth-service,ar,240,240,1194,70,1268.3882216654058,44.788474756236816,456.11847587371494,0.7285714285714285,ts-ticket-office-service,0,0.0
re1_tt__ts-auth-service_mem__4,re1_tt,mem,ts-auth-service,counterfactual_ar,240,240,1194,70,1139.945700410789,323.52466190206127,698.9487691282063,1.0,ts-ticket-office-service,308,0.2571293969849246
re1_tt__ts-auth-service_mem__5,re1_tt,mem,ts-auth-service,raw,240,240,1189,70,1890.3595976447825,233.7896239773413,798.1140194128972,0.9714285714285714,ts-news-service,0,0.0
re1_tt__ts-auth-service_mem__5,re1_tt,mem,ts-auth-service,ar,240,240,1189,70,1714.1958755604774,24.305644471949382,641.8729805757022,0.7,ts-news-service,0,0.0
re1_tt__ts-auth-service_mem__5,re1_tt,mem,ts-auth-service,counterfactual_ar,240,240,1189,70,2001.4276628673003,293.60035026939147,719.8484130220206,0.9714285714285714,ts-news-service,333,0.2756553125876086
re1_tt__ts-order-service_cpu__1,re1_tt,cpu,ts-order-service,raw,240,240,1240,70,2694.6459965561967,486.1897929333177,1168.8482351053067,0.9571428571428572,192-168-45-158-9100,0,0.0
re1_tt__ts-order-service_cpu__1,re1_tt,cpu,ts-order-service,ar,240,240,1240,70,2629.0934798623143,251.36921528222052,819.8177382064185,0.8714285714285714,192-168-93-129-9100,0,0.0
re1_tt__ts-order-service_cpu__1,re1_tt,cpu,ts-order-service,counterfactual_ar,240,240,1240,70,2746.7090052049875,524.2405917257615,1180.2867154205264,0.9857142857142858,192-168-45-158-9100,356,0.28531922043010755
re1_tt__ts-order-service_cpu__2,re1_tt,cpu,ts-order-service,raw,240,240,1230,70,2034.2111049845428,308.5823155026754,645.5215514478241,0.9857142857142858,ts-route-mongo,0,0.0
re1_tt__ts-order-service_cpu__2,re1_tt,cpu,ts-order-service,ar,240,240,1230,70,1738.610586766439,125.10633893611497,426.57204926648353,0.8285714285714286,ts-route-mongo,0,0.0
re1_tt__ts-order-service_cpu__2,re1_tt,cpu,ts-order-service,counterfactual_ar,240,240,1230,70,2007.795599389926,339.1447049373308,765.3679456423422,0.9857142857142858,ts-route-mongo,342,0.27412940379403794
re1_tt__ts-order-service_cpu__3,re1_tt,cpu,ts-order-service,raw,240,240,1180,70,1783.0005113137267,315.46813948545645,994.2182622093725,0.9857142857142858,ts-price-mongo,0,0.0
re1_tt__ts-order-service_cpu__3,re1_tt,cpu,ts-order-service,ar,240,240,1180,70,1514.310528869247,89.63603881704294,775.943093304152,0.7428571428571429,ts-price-mongo,0,0.0
re1_tt__ts-order-service_cpu__3,re1_tt,cpu,ts-order-service,counterfactual_ar,240,240,1180,70,1748.1363100879341,382.07699934884175,954.0406529548384,0.9714285714285714,ts-security-mongo,309,0.258771186440678
re1_tt__ts-order-service_cpu__4,re1_tt,cpu,ts-order-service,raw,240,240,1179,70,2639.4650109634226,291.7252441065732,934.3372194468573,0.9571428571428572,192-168-93-129-9100,0,0.0
re1_tt__ts-order-service_cpu__4,re1_tt,cpu,ts-order-service,ar,240,240,1179,70,2566.1940059627595,37.16272819533986,842.1557831688389,0.6714285714285714,192-168-93-129-9100,0,0.0
re1_tt__ts-order-service_cpu__4,re1_tt,cpu,ts-order-service,counterfactual_ar,240,240,1179,70,2678.75168593662,332.6162420542559,799.7303306240882,0.9857142857142858,192-168-45-158-9100,322,0.26935255866553576
re1_tt__ts-order-service_cpu__5,re1_tt,cpu,ts-order-service,raw,240,240,1180,70,1825.6944411298064,322.0021189286716,1010.2420898610793,0.9857142857142858,ts-consign-mongo,0,0.0
re1_tt__ts-order-service_cpu__5,re1_tt,cpu,ts-order-service,ar,240,240,1180,70,2497.039231521488,41.63866733935566,879.0296884464124,0.7428571428571429,192-168-45-158-9100,0,0.0
re1_tt__ts-order-service_cpu__5,re1_tt,cpu,ts-order-service,counterfactual_ar,240,240,1180,70,2629.757425162707,331.0845626518543,1494.253958914354,1.0,192-168-45-158-9100,308,0.26069209039548025
re1_tt__ts-order-service_delay__1,re1_tt,delay,ts-order-service,raw,240,240,1240,70,1473.2910189849838,378.32571692738213,872.8605723698255,1.0,ts-auth-mongo,0,0.0
re1_tt__ts-order-service_delay__1,re1_tt,delay,ts-order-service,ar,240,240,1240,70,1282.8882399807596,247.22186951487566,730.2390715039064,0.9571428571428572,ts-auth-mongo,0,0.0
re1_tt__ts-order-service_delay__1,re1_tt,delay,ts-order-service,counterfactual_ar,240,240,1240,70,1626.7237253959472,427.88023580215327,767.5871747420617,1.0,ts-auth-mongo,329,0.26425403225806454
re1_tt__ts-order-service_delay__2,re1_tt,delay,ts-order-service,raw,240,240,1230,70,1581.5054071968461,331.5716556690694,943.3559949451269,0.9571428571428572,ts-train-mongo,0,0.0
re1_tt__ts-order-service_delay__2,re1_tt,delay,ts-order-service,ar,240,240,1230,70,1371.567611831987,127.50761477075756,650.6015739481028,0.7571428571428571,ts-train-mongo,0,0.0
re1_tt__ts-order-service_delay__2,re1_tt,delay,ts-order-service,counterfactual_ar,240,240,1230,70,1679.7814014979501,356.74838403149636,889.852112619607,0.9714285714285714,ts-train-mongo,344,0.27682249322493224
re1_tt__ts-order-service_delay__3,re1_tt,delay,ts-order-service,raw,240,240,1180,70,1493.11568987455,214.5108875325566,625.1750703805309,0.9857142857142858,ts-price-mongo,0,0.0
re1_tt__ts-order-service_delay__3,re1_tt,delay,ts-order-service,ar,240,240,1180,70,1275.3425616554891,45.60199741879986,336.97177261966937,0.7428571428571429,ts-preserve-other-service,0,0.0
re1_tt__ts-order-service_delay__3,re1_tt,delay,ts-order-service,counterfactual_ar,240,240,1180,70,1523.0426741157578,284.2036274138703,639.9464218702662,1.0,ts-food-map-mongo,302,0.2538241525423729
re1_tt__ts-order-service_delay__4,re1_tt,delay,ts-order-service,raw,240,240,1179,70,2043.209632838483,230.98720736596687,624.5148941136911,0.9857142857142858,ts-price-mongo,0,0.0
re1_tt__ts-order-service_delay__4,re1_tt,delay,ts-order-service,ar,240,240,1179,70,1572.8638701098253,26.619714728200925,355.6630618302686,0.8,ts-price-mongo,0,0.0
re1_tt__ts-order-service_delay__4,re1_tt,delay,ts-order-service,counterfactual_ar,240,240,1179,70,2021.9035278524746,268.9659271457199,624.3696093274013,1.0,ts-price-mongo,307,0.25966921119592873
re1_tt__ts-order-service_delay__5,re1_tt,delay,ts-order-service,raw,240,240,1180,70,1794.39375617371,272.9401049238682,922.7120798630433,0.9857142857142858,ts-station-mongo,0,0.0
re1_tt__ts-order-service_delay__5,re1_tt,delay,ts-order-service,ar,240,240,1180,70,1597.1696657178743,54.4142998456615,889.9587288814654,0.8142857142857143,ts-station-mongo,0,0.0
re1_tt__ts-order-service_delay__5,re1_tt,delay,ts-order-service,counterfactual_ar,240,240,1180,70,1754.3294131619161,369.9633725501658,978.250410671765,0.9857142857142858,ts-auth-mongo,304,0.2569738700564972
re1_tt__ts-order-service_disk__1,re1_tt,disk,ts-order-service,raw,180,180,1439,72,1681.8340132419955,175.5590224596951,575.1525708809004,0.9583333333333334,ts-preserve-other-service,0,0.0
re1_tt__ts-order-service_disk__1,re1_tt,disk,ts-order-service,ar,180,180,1439,72,1652.8324223661177,47.046596984503225,237.83181059693322,0.8611111111111112,ts-preserve-other-service,0,0.0
re1_tt__ts-order-service_disk__1,re1_tt,disk,ts-order-service,counterfactual_ar,180,180,1439,72,1652.8447328443547,251.14024215652995,645.3717674011341,1.0,ts-preserve-other-service,279,0.19126322291714926
re1_tt__ts-order-service_disk__2,re1_tt,disk,ts-order-service,raw,180,180,1440,72,2064.55150312882,194.19932364890212,395.50515230066026,0.9583333333333334,10-192-15-224-9100,0,0.0
re1_tt__ts-order-service_disk__2,re1_tt,disk,ts-order-service,ar,180,180,1440,72,1974.181146568424,52.601982917202974,262.8549420900626,0.875,10-192-15-224-9100,0,0.0
re1_tt__ts-order-service_disk__2,re1_tt,disk,ts-order-service,counterfactual_ar,180,180,1440,72,1996.017601114494,207.42275177724565,499.8726016733242,0.9861111111111112,10-192-15-224-9100,284,0.19413966049382717
re1_tt__ts-order-service_disk__3,re1_tt,disk,ts-order-service,raw,180,180,1443,72,1085.0771137312272,142.14514632273352,584.1281698448739,0.9861111111111112,ts-security-mongo,0,0.0
re1_tt__ts-order-service_disk__3,re1_tt,disk,ts-order-service,ar,180,180,1443,72,983.8129302003534,35.7750475586401,370.5375019834488,0.8055555555555556,ts-security-mongo,0,0.0
re1_tt__ts-order-service_disk__3,re1_tt,disk,ts-order-service,counterfactual_ar,180,180,1443,72,1076.6555250917402,227.19947053264028,545.4572558704492,0.9861111111111112,ts-security-mongo,279,0.18714098714098718
re1_tt__ts-order-service_disk__4,re1_tt,disk,ts-order-service,raw,180,180,1443,72,841.648063778582,164.51603700767527,366.27084568187917,0.9444444444444444,ts-auth-mongo,0,0.0
re1_tt__ts-order-service_disk__4,re1_tt,disk,ts-order-service,ar,180,180,1443,72,694.7759733315587,44.2332254057632,204.82656883123613,0.8611111111111112,ts-preserve-other-service,0,0.0
re1_tt__ts-order-service_disk__4,re1_tt,disk,ts-order-service,counterfactual_ar,180,180,1443,72,921.7632321594123,283.4111387502247,461.672104350275,0.9861111111111112,ts-auth-mongo,286,0.19481404481404482
re1_tt__ts-order-service_disk__5,re1_tt,disk,ts-order-service,raw,180,180,1443,72,2264.0369215274354,186.2546161477291,485.9295615071313,0.9583333333333334,10-192-15-222-9100,0,0.0
re1_tt__ts-order-service_disk__5,re1_tt,disk,ts-order-service,ar,180,180,1443,72,2118.9767731939423,59.36098749543871,350.5944751582833,0.8611111111111112,10-192-15-222-9100,0,0.0
re1_tt__ts-order-service_disk__5,re1_tt,disk,ts-order-service,counterfactual_ar,180,180,1443,72,2212.6262070329485,202.89196549428192,579.0507131024808,1.0,10-192-15-222-9100,276,0.18754523754523755
re1_tt__ts-order-service_loss__1,re1_tt,loss,ts-order-service,raw,240,240,1244,70,1695.81325228876,271.0946977763022,959.4838625749679,0.9857142857142858,ts-travel2-mongo,0,0.0
re1_tt__ts-order-service_loss__1,re1_tt,loss,ts-order-service,ar,240,240,1244,70,1516.8809743805414,106.889280392583,657.8882018050731,0.8857142857142857,ts-travel2-mongo,0,0.0
re1_tt__ts-order-service_loss__1,re1_tt,loss,ts-order-service,counterfactual_ar,240,240,1244,70,1760.8117586567867,353.3021215032851,736.5643358857202,1.0,ts-travel2-mongo,330,0.263806270096463
re1_tt__ts-order-service_loss__2,re1_tt,loss,ts-order-service,raw,240,240,1232,70,1862.2199126838061,405.0987354814387,1103.850299331219,0.9714285714285714,ts-order-mongo,0,0.0
re1_tt__ts-order-service_loss__2,re1_tt,loss,ts-order-service,ar,240,240,1232,70,1635.6832448257483,220.54266431119538,768.5800241186507,0.7857142857142857,ts-travel-mongo,0,0.0
re1_tt__ts-order-service_loss__2,re1_tt,loss,ts-order-service,counterfactual_ar,240,240,1232,70,1923.7652011230393,376.54708318134504,1009.0257777862515,0.9857142857142858,ts-travel-mongo,345,0.2772964015151515
re1_tt__ts-order-service_loss__3,re1_tt,loss,ts-order-service,raw,240,240,1179,70,1924.0762399922817,321.035881578044,899.8136649390308,0.9857142857142858,ts-security-mongo,0,0.0
re1_tt__ts-order-service_loss__3,re1_tt,loss,ts-order-service,ar,240,240,1179,70,1796.2120360892766,178.95459240439243,769.7581501695887,0.8571428571428571,ts-security-mongo,0,0.0
re1_tt__ts-order-service_loss__3,re1_tt,loss,ts-order-service,counterfactual_ar,240,240,1179,70,1774.8858211055701,443.6647036248528,852.5524964056599,1.0,ts-security-mongo,309,0.2559513712185468
re1_tt__ts-order-service_loss__4,re1_tt,loss,ts-order-service,raw,240,240,1182,70,1641.2101800859552,326.06610647503516,1141.01600080564,0.9857142857142858,ts-ticket-office-service,0,0.0
re1_tt__ts-order-service_loss__4,re1_tt,loss,ts-order-service,ar,240,240,1182,70,1513.143729059867,187.69306956722056,843.2134140461127,0.9285714285714286,ts-ticket-office-service,0,0.0
re1_tt__ts-order-service_loss__4,re1_tt,loss,ts-order-service,counterfactual_ar,240,240,1182,70,1651.8249971282542,336.72824718904064,859.0962322524363,0.9857142857142858,ts-ticket-office-service,312,0.26019811054709535
re1_tt__ts-order-service_loss__5,re1_tt,loss,ts-order-service,raw,240,240,1183,70,2623.6464186152666,321.3875404632404,1149.94789144368,1.0,192-168-76-138-9100,0,0.0
re1_tt__ts-order-service_loss__5,re1_tt,loss,ts-order-service,ar,240,240,1183,70,2504.257834583829,189.22654030814635,911.2124233685059,0.9428571428571428,192-168-76-138-9100,0,0.0
re1_tt__ts-order-service_loss__5,re1_tt,loss,ts-order-service,counterfactual_ar,240,240,1183,70,2696.5219497483995,335.7609974291016,1079.1220036866787,1.0,192-168-76-138-9100,303,0.251630741053818
re1_tt__ts-order-service_mem__1,re1_tt,mem,ts-order-service,raw,240,240,1182,70,2659.7349012264926,350.7414335206795,1006.2848881810241,0.9571428571428572,192-168-51-251-9100,0,0.0
re1_tt__ts-order-service_mem__1,re1_tt,mem,ts-order-service,ar,240,240,1182,70,2591.904158913118,112.87039351413522,758.5236702740424,0.7142857142857143,192-168-51-251-9100,0,0.0
re1_tt__ts-order-service_mem__1,re1_tt,mem,ts-order-service,counterfactual_ar,240,240,1182,70,2694.0817949572415,345.9460813456516,972.837103126527,0.9857142857142858,192-168-51-251-9100,324,0.27262760857304
re1_tt__ts-order-service_mem__2,re1_tt,mem,ts-order-service,raw,240,240,1182,70,2659.947019896066,406.1836303279103,1494.2834813632535,0.9571428571428572,192-168-76-138-9100,0,0.0
re1_tt__ts-order-service_mem__2,re1_tt,mem,ts-order-service,ar,240,240,1182,70,2577.8584559096666,184.101621937403,1207.8607611441332,0.8,192-168-76-138-9100,0,0.0
re1_tt__ts-order-service_mem__2,re1_tt,mem,ts-order-service,counterfactual_ar,240,240,1182,70,2760.412831353707,426.30910440764677,1484.849078254236,1.0,192-168-29-237-9100,331,0.2774887196841512
re1_tt__ts-order-service_mem__3,re1_tt,mem,ts-order-service,raw,240,240,1183,70,2093.638209735521,391.38513037057214,1143.079134479059,0.9857142857142858,ts-station-mongo,0,0.0
re1_tt__ts-order-service_mem__3,re1_tt,mem,ts-order-service,ar,240,240,1183,70,1891.0068129485478,125.82889616361084,858.3794351372121,0.7285714285714285,ts-station-mongo,0,0.0
re1_tt__ts-order-service_mem__3,re1_tt,mem,ts-order-service,counterfactual_ar,240,240,1183,70,2066.4428064288754,415.0812840815443,983.1556234291418,0.9857142857142858,ts-station-mongo,324,0.2710340941110172
re1_tt__ts-order-service_mem__4,re1_tt,mem,ts-order-service,raw,240,240,1181,70,1392.455968006052,357.5511257589077,853.4644517968939,0.9571428571428572,ts-voucher-service,0,0.0
re1_tt__ts-order-service_mem__4,re1_tt,mem,ts-order-service,ar,240,240,1181,70,1299.5326928729864,69.98311344503982,666.3955615252714,0.7142857142857143,ts-voucher-service,0,0.0
re1_tt__ts-order-service_mem__4,re1_tt,mem,ts-order-service,counterfactual_ar,240,240,1181,70,1309.9871945586872,354.0621777328825,614.4201520358678,0.9857142857142858,ts-user-mongo,321,0.26937270674569574
re1_tt__ts-order-service_mem__5,re1_tt,mem,ts-order-service,raw,240,240,1182,70,1631.3578178997584,377.1984901071644,815.8020462291871,0.9714285714285714,ts-auth-mongo,0,0.0
re1_tt__ts-order-service_mem__5,re1_tt,mem,ts-order-service,ar,240,240,1182,70,1585.210162375801,237.4198778957974,685.0395825478255,0.7857142857142857,ts-auth-mongo,0,0.0
re1_tt__ts-order-service_mem__5,re1_tt,mem,ts-order-service,counterfactual_ar,240,240,1182,70,1830.2092669149008,350.8671275681664,871.8041801384232,1.0,ts-auth-mongo,315,0.2611111111111111
re1_tt__ts-route-service_cpu__1,re1_tt,cpu,ts-route-service,raw,240,240,1241,70,3091.6263020921556,436.6060474269086,1175.8704531372073,0.9714285714285714,192-168-93-129-9100,0,0.0
re1_tt__ts-route-service_cpu__1,re1_tt,cpu,ts-route-service,ar,240,240,1241,70,2956.9018162043444,292.6534196562021,1037.9744372604555,0.8428571428571429,192-168-93-129-9100,0,0.0
re1_tt__ts-route-service_cpu__1,re1_tt,cpu,ts-route-service,counterfactual_ar,240,240,1241,70,3104.0969732255653,555.4833416494173,1385.0530198225244,0.9857142857142858,192-168-93-129-9100,367,0.2933689229116304
re1_tt__ts-route-service_cpu__2,re1_tt,cpu,ts-route-service,raw,240,240,1237,70,2652.5195163157678,326.24707764905327,739.858180344534,0.9714285714285714,192-168-45-158-9100,0,0.0
re1_tt__ts-route-service_cpu__2,re1_tt,cpu,ts-route-service,ar,240,240,1237,70,2593.7068039530786,117.13499911539446,646.522208523875,0.8857142857142857,192-168-45-158-9100,0,0.0
re1_tt__ts-route-service_cpu__2,re1_tt,cpu,ts-route-service,counterfactual_ar,240,240,1237,70,2729.9724901379254,461.52181696864824,695.9160921619577,0.9857142857142858,192-168-45-158-9100,346,0.27625303152789005
re1_tt__ts-route-service_cpu__3,re1_tt,cpu,ts-route-service,raw,240,240,1230,70,2035.3136058082803,326.7763269588058,935.2117647916848,0.9857142857142858,ts-auth-mongo,0,0.0
re1_tt__ts-route-service_cpu__3,re1_tt,cpu,ts-route-service,ar,240,240,1230,70,1639.8851753717242,121.75348045384082,838.6682336566777,0.8571428571428571,ts-auth-mongo,0,0.0
re1_tt__ts-route-service_cpu__3,re1_tt,cpu,ts-route-service,counterfactual_ar,240,240,1230,70,2008.9879696009086,385.00565588969414,1138.7434346332284,1.0,ts-auth-mongo,338,0.27295731707317067
re1_tt__ts-route-service_cpu__4,re1_tt,cpu,ts-route-service,raw,240,240,1180,70,1930.0776110495046,303.681738788638,1083.2197371175605,0.9714285714285714,ts-station-mongo,0,0.0
re1_tt__ts-route-service_cpu__4,re1_tt,cpu,ts-route-service,ar,240,240,1180,70,2657.938847111724,60.413706154167656,841.6380092003495,0.8285714285714286,192-168-45-158-9100,0,0.0
re1_tt__ts-route-service_cpu__4,re1_tt,cpu,ts-route-service,counterfactual_ar,240,240,1180,70,2950.7357261720913,343.92238095180255,1185.8409539331756,0.9857142857142858,192-168-45-158-9100,326,0.2757662429378531
re1_tt__ts-route-service_cpu__5,re1_tt,cpu,ts-route-service,raw,240,240,1179,70,1686.6497425924379,329.805063691393,1007.8467397678749,0.9857142857142858,192-168-29-237-9100,0,0.0
re1_tt__ts-route-service_cpu__5,re1_tt,cpu,ts-route-service,ar,240,240,1179,70,1601.8655857715141,106.88964311395728,860.3931449399508,0.8714285714285714,192-168-29-237-9100,0,0.0
re1_tt__ts-route-service_cpu__5,re1_tt,cpu,ts-route-service,counterfactual_ar,240,240,1179,70,1634.2530047970292,366.481876508971,1001.4206418227687,0.9857142857142858,ts-order-mongo,312,0.26236570540005655
re1_tt__ts-route-service_delay__1,re1_tt,delay,ts-route-service,raw,240,240,1241,70,1987.4089399980082,332.8895853357164,998.6961801553949,0.9714285714285714,ts-config-mongo,0,0.0
re1_tt__ts-route-service_delay__1,re1_tt,delay,ts-route-service,ar,240,240,1241,70,1616.7785585963118,146.73404150339957,858.8343037528829,0.8571428571428571,ts-config-mongo,0,0.0
re1_tt__ts-route-service_delay__1,re1_tt,delay,ts-route-service,counterfactual_ar,240,240,1241,70,2098.253121613823,427.03122723000877,821.2989080653916,1.0,ts-config-mongo,341,0.26813389739457427
re1_tt__ts-route-service_delay__2,re1_tt,delay,ts-route-service,raw,240,240,1237,70,1610.9281392770308,330.90069177080454,814.6197455058633,0.9571428571428572,ts-auth-mongo,0,0.0
re1_tt__ts-route-service_delay__2,re1_tt,delay,ts-route-service,ar,240,240,1237,70,1203.014933538857,118.35309469452923,640.4674050918045,0.8285714285714286,ts-auth-mongo,0,0.0
re1_tt__ts-route-service_delay__2,re1_tt,delay,ts-route-service,counterfactual_ar,240,240,1237,70,1663.3494620118593,384.90174120687846,781.3120306268307,0.9714285714285714,ts-auth-mongo,335,0.2699676637025061
re1_tt__ts-route-service_delay__3,re1_tt,delay,ts-route-service,raw,240,240,1230,70,2516.8004359575943,369.3762086722711,972.1570083875474,0.9714285714285714,192-168-93-129-9100,0,0.0
re1_tt__ts-route-service_delay__3,re1_tt,delay,ts-route-service,ar,240,240,1230,70,2459.521068678199,117.94751009523834,662.6568012709197,0.7714285714285715,192-168-93-129-9100,0,0.0
re1_tt__ts-route-service_delay__3,re1_tt,delay,ts-route-service,counterfactual_ar,240,240,1230,70,2552.1234455288545,411.8267388446689,828.452341926677,0.9714285714285714,192-168-93-129-9100,338,0.2717920054200542
re1_tt__ts-route-service_delay__4,re1_tt,delay,ts-route-service,raw,240,240,1183,70,1737.5214370891151,282.00773730194055,846.8726546972703,0.9714285714285714,ts-auth-mongo,0,0.0
re1_tt__ts-route-service_delay__4,re1_tt,delay,ts-route-service,ar,240,240,1183,70,1320.4209704510715,36.2456469647304,670.7697731966178,0.7,ts-auth-mongo,0,0.0
re1_tt__ts-route-service_delay__4,re1_tt,delay,ts-route-service,counterfactual_ar,240,240,1183,70,1756.1225074988104,322.47020454694416,929.7864207254211,1.0,ts-auth-mongo,314,0.26414130741053815
re1_tt__ts-route-service_delay__5,re1_tt,delay,ts-route-service,raw,240,240,1181,70,1273.7725682819855,229.69310237190228,533.5173152737952,0.9857142857142858,ts-admin-order-service,0,0.0
re1_tt__ts-route-service_delay__5,re1_tt,delay,ts-route-service,ar,240,240,1181,70,1238.1240503222673,35.3185083279918,326.8338778704641,0.7,ts-admin-order-service,0,0.0
re1_tt__ts-route-service_delay__5,re1_tt,delay,ts-route-service,counterfactual_ar,240,240,1181,70,1356.1849792778514,263.1268440820088,599.0920649347926,1.0,ts-admin-order-service,316,0.26651143099068586
re1_tt__ts-route-service_disk__1,re1_tt,disk,ts-route-service,raw,180,180,1428,72,2286.8925532826142,213.43399725353254,723.9412175244593,0.9861111111111112,10-192-15-224-9100,0,0.0
re1_tt__ts-route-service_disk__1,re1_tt,disk,ts-route-service,ar,180,180,1428,72,2152.656002731273,83.16151264811916,602.6578031414115,0.9027777777777778,10-192-15-224-9100,0,0.0
re1_tt__ts-route-service_disk__1,re1_tt,disk,ts-route-service,counterfactual_ar,180,180,1428,72,2265.875082832966,300.4481444783202,671.8615229010782,1.0,10-192-15-224-9100,280,0.1915499533146592
re1_tt__ts-route-service_disk__2,re1_tt,disk,ts-route-service,raw,180,180,1445,72,2244.08715158719,198.20299476775335,426.4462360724293,0.9861111111111112,10-192-15-226-9100,0,0.0
re1_tt__ts-route-service_disk__2,re1_tt,disk,ts-route-service,ar,180,180,1445,72,2107.890482014513,55.937475503689015,278.8346233072225,0.8472222222222222,10-192-15-226-9100,0,0.0
re1_tt__ts-route-service_disk__2,re1_tt,disk,ts-route-service,counterfactual_ar,180,180,1445,72,2144.4346049406363,229.17642038846785,502.75812567568136,0.9861111111111112,10-192-15-226-9100,269,0.18344098423683197
re1_tt__ts-route-service_disk__3,re1_tt,disk,ts-route-service,raw,180,180,1445,72,1090.5688869231478,175.70772290312277,397.1764166791387,1.0,ts-security-mongo,0,0.0
re1_tt__ts-route-service_disk__3,re1_tt,disk,ts-route-service,ar,180,180,1445,72,925.6231221875327,51.539153049019504,252.92773408175964,0.9583333333333334,ts-security-mongo,0,0.0
re1_tt__ts-route-service_disk__3,re1_tt,disk,ts-route-service,counterfactual_ar,180,180,1445,72,1163.0902184380357,250.54775011640527,457.71707306858696,1.0,ts-security-mongo,275,0.1875740099961553
re1_tt__ts-route-service_disk__4,re1_tt,disk,ts-route-service,raw,180,180,1445,72,1186.6113852488427,200.67532476394524,497.0606635537072,1.0,ts-order-other-service,0,0.0
re1_tt__ts-route-service_disk__4,re1_tt,disk,ts-route-service,ar,180,180,1445,72,1026.8949945310703,52.92233089184312,269.4454857514541,0.9027777777777778,ts-order-other-service,0,0.0
re1_tt__ts-route-service_disk__4,re1_tt,disk,ts-route-service,counterfactual_ar,180,180,1445,72,1279.6507153988616,260.7141112910677,426.7678111788004,1.0,ts-order-other-service,284,0.19262975778546715
re1_tt__ts-route-service_disk__5,re1_tt,disk,ts-route-service,raw,180,180,1445,72,1170.3525069772666,149.54990966126138,440.4827171523986,0.9861111111111112,ts-price-mongo,0,0.0
re1_tt__ts-route-service_disk__5,re1_tt,disk,ts-route-service,ar,180,180,1445,72,1032.5952365845806,33.85695120206511,230.19427625896196,0.8611111111111112,ts-price-mongo,0,0.0
re1_tt__ts-route-service_disk__5,re1_tt,disk,ts-route-service,counterfactual_ar,180,180,1445,72,1152.8067673041708,230.27160576370494,474.47317433197003,1.0,ts-price-mongo,279,0.19068050749711649
re1_tt__ts-route-service_loss__1,re1_tt,loss,ts-route-service,raw,240,240,1183,70,1739.3263549753128,271.1166442080712,818.784634587529,1.0,ts-station-mongo,0,0.0
re1_tt__ts-route-service_loss__1,re1_tt,loss,ts-route-service,ar,240,240,1183,70,1511.3085793232142,106.9059370879882,572.1447410843082,0.8428571428571429,ts-station-mongo,0,0.0
re1_tt__ts-route-service_loss__1,re1_tt,loss,ts-route-service,counterfactual_ar,240,240,1183,70,1611.6686489634424,284.4217504592208,686.2520015990133,1.0,ts-station-mongo,330,0.2776451112989574
re1_tt__ts-route-service_loss__2,re1_tt,loss,ts-route-service,raw,240,240,1242,70,1945.3211309665994,439.74084981816395,990.6293852630341,0.9857142857142858,ts-travel2-mongo,0,0.0
re1_tt__ts-route-service_loss__2,re1_tt,loss,ts-route-service,ar,240,240,1242,70,1893.4649796473307,312.7116123553594,817.4377786939408,0.8714285714285714,ts-news-service,0,0.0
re1_tt__ts-route-service_loss__2,re1_tt,loss,ts-route-service,counterfactual_ar,240,240,1242,70,2105.4288245079088,504.4217925765047,1074.816027168909,0.9857142857142858,ts-travel2-mongo,351,0.28013620504562536
re1_tt__ts-route-service_loss__3,re1_tt,loss,ts-route-service,raw,240,240,1233,70,2641.595604899501,312.6293941922538,832.6259611991946,1.0,192-168-29-237-9100,0,0.0
re1_tt__ts-route-service_loss__3,re1_tt,loss,ts-route-service,ar,240,240,1233,70,2489.9323489030826,123.96383561981006,756.3888065141124,0.8714285714285714,192-168-29-237-9100,0,0.0
re1_tt__ts-route-service_loss__3,re1_tt,loss,ts-route-service,counterfactual_ar,240,240,1233,70,2733.5146000071345,394.1697069947345,734.7981700057776,1.0,192-168-29-237-9100,329,0.26524736415247363
re1_tt__ts-route-service_loss__4,re1_tt,loss,ts-route-service,raw,240,240,1181,70,2327.2541978413346,331.2623654781395,1901.470041407733,0.9714285714285714,ts-food-mongo,0,0.0
re1_tt__ts-route-service_loss__4,re1_tt,loss,ts-route-service,ar,240,240,1181,70,1842.0238410597588,150.1773143458822,1663.1123654129378,0.7285714285714285,ts-security-mongo,0,0.0
re1_tt__ts-route-service_loss__4,re1_tt,loss,ts-route-service,counterfactual_ar,240,240,1181,70,2298.2419511542544,383.1789459866272,2057.634548261278,1.0,ts-food-mongo,317,0.26762630539091165
re1_tt__ts-route-service_loss__5,re1_tt,loss,ts-route-service,raw,240,240,1182,70,2261.2498125191437,390.6599163598806,1999.392183911083,1.0,ts-order-mongo,0,0.0
re1_tt__ts-route-service_loss__5,re1_tt,loss,ts-route-service,ar,240,240,1182,70,1943.490915769149,112.91925268400887,1715.1177799444717,0.7857142857142857,ts-food-map-mongo,0,0.0
re1_tt__ts-route-service_loss__5,re1_tt,loss,ts-route-service,counterfactual_ar,240,240,1182,70,2260.9782256691697,357.80057131472086,2044.214515693336,1.0,ts-food-map-mongo,320,0.26923998871968413
re1_tt__ts-route-service_mem__1,re1_tt,mem,ts-route-service,raw,240,240,1183,70,1794.5424541922102,361.7928038751401,855.5892643092704,0.9714285714285714,ts-config-mongo,0,0.0
re1_tt__ts-route-service_mem__1,re1_tt,mem,ts-route-service,ar,240,240,1183,70,1531.2717241365492,187.85505107383335,649.2388494502657,0.7142857142857143,ts-station-mongo,0,0.0
re1_tt__ts-route-service_mem__1,re1_tt,mem,ts-route-service,counterfactual_ar,240,240,1183,70,1675.7876323800454,338.98586545552496,891.7367801888073,0.9857142857142858,ts-station-mongo,333,0.2794907016060862
re1_tt__ts-route-service_mem__2,re1_tt,mem,ts-route-service,raw,240,240,1181,70,1950.2124546291536,381.47841234547604,908.5651804324772,0.9714285714285714,ts-order-other-mongo,0,0.0
re1_tt__ts-route-service_mem__2,re1_tt,mem,ts-route-service,ar,240,240,1181,70,1653.6562134254043,78.61124067663656,712.0662680899131,0.7428571428571429,ts-order-other-mongo,0,0.0
re1_tt__ts-route-service_mem__2,re1_tt,mem,ts-route-service,counterfactual_ar,240,240,1181,70,1935.5152712906245,396.2787820585107,818.4819697398426,0.9857142857142858,ts-ticket-office-mongo,336,0.28171747106971495
re1_tt__ts-route-service_mem__3,re1_tt,mem,ts-route-service,raw,240,240,1186,70,2606.7420452523934,344.112114477717,932.5770651341849,0.9857142857142858,192-168-31-243-9100,0,0.0
re1_tt__ts-route-service_mem__3,re1_tt,mem,ts-route-service,ar,240,240,1186,70,2536.1568983564207,135.99731204550977,741.3156231667422,0.8857142857142857,192-168-31-243-9100,0,0.0
re1_tt__ts-route-service_mem__3,re1_tt,mem,ts-route-service,counterfactual_ar,240,240,1186,70,2669.542797262295,317.6771305469795,982.0641758726451,1.0,192-168-31-243-9100,316,0.26631885890949974
re1_tt__ts-route-service_mem__4,re1_tt,mem,ts-route-service,raw,240,240,1181,70,1531.9143613299457,321.79315320492844,903.8072931205786,1.0,ts-payment-mongo,0,0.0
re1_tt__ts-route-service_mem__4,re1_tt,mem,ts-route-service,ar,240,240,1181,70,1247.09922563748,58.0120680127817,713.1290933109657,0.7285714285714285,ts-consign-price-mongo,0,0.0
re1_tt__ts-route-service_mem__4,re1_tt,mem,ts-route-service,counterfactual_ar,240,240,1181,70,1543.6960846775403,332.3856896467539,853.0215327921263,0.9857142857142858,ts-consign-price-mongo,315,0.2632832345469941
re1_tt__ts-route-service_mem__5,re1_tt,mem,ts-route-service,raw,240,240,1190,70,1272.6529198206574,238.47639173903553,649.2295346050308,0.9714285714285714,ts-route-plan-service,0,0.0
re1_tt__ts-route-service_mem__5,re1_tt,mem,ts-route-service,ar,240,240,1190,70,1251.0783891216001,68.59361166427983,487.2649146912597,0.7571428571428571,ts-ticket-office-service,0,0.0
re1_tt__ts-route-service_mem__5,re1_tt,mem,ts-route-service,counterfactual_ar,240,240,1190,70,1391.8239074160238,295.664429115448,647.8949025565785,1.0,ts-route-plan-service,305,0.252766106442577
re1_tt__ts-train-service_cpu__1,re1_tt,cpu,ts-train-service,raw,240,240,1243,70,2650.14453189106,386.2274023958355,1161.8197692241072,0.9714285714285714,192-168-51-251-9100,0,0.0
re1_tt__ts-train-service_cpu__1,re1_tt,cpu,ts-train-service,ar,240,240,1243,70,2611.4893348560104,242.2071188689647,822.9229753016365,0.7857142857142857,192-168-51-251-9100,0,0.0
re1_tt__ts-train-service_cpu__1,re1_tt,cpu,ts-train-service,counterfactual_ar,240,240,1243,70,2700.481482549443,531.096164257614,1176.7379479172193,0.9714285714285714,192-168-51-251-9100,345,0.27211383748994367
re1_tt__ts-train-service_cpu__2,re1_tt,cpu,ts-train-service,raw,240,240,1242,70,1894.8425181989005,365.7364043557819,750.8092956951673,0.9857142857142858,ts-order-other-mongo,0,0.0
re1_tt__ts-train-service_cpu__2,re1_tt,cpu,ts-train-service,ar,240,240,1242,70,1774.5014541224598,185.93149294242735,585.4921858983726,0.9285714285714286,ts-order-other-mongo,0,0.0
re1_tt__ts-train-service_cpu__2,re1_tt,cpu,ts-train-service,counterfactual_ar,240,240,1242,70,1865.6702398561167,456.71634609845194,910.5890539800008,0.9857142857142858,ts-order-other-mongo,348,0.2715848094471283
re1_tt__ts-train-service_cpu__3,re1_tt,cpu,ts-train-service,raw,240,240,1233,70,1497.6300987959376,243.5294395858688,990.3658209546772,0.9714285714285714,ts-security-mongo,0,0.0
re1_tt__ts-train-service_cpu__3,re1_tt,cpu,ts-train-service,ar,240,240,1233,70,1257.6387550241018,72.84211357648311,869.0602386492054,0.8571428571428571,ts-admin-order-service,0,0.0
re1_tt__ts-train-service_cpu__3,re1_tt,cpu,ts-train-service,counterfactual_ar,240,240,1233,70,1539.2939058752072,315.1521238802305,836.8250025933032,1.0,ts-consign-mongo,333,0.26781900513652335
re1_tt__ts-train-service_cpu__4,re1_tt,cpu,ts-train-service,raw,240,240,1181,70,2784.0986023488244,319.1148426996791,1170.4796254978132,0.9428571428571428,192-168-45-158-9100,0,0.0
re1_tt__ts-train-service_cpu__4,re1_tt,cpu,ts-train-service,ar,240,240,1181,70,2609.586631618595,48.920510525888616,827.6527619350227,0.7285714285714285,192-168-45-158-9100,0,0.0
re1_tt__ts-train-service_cpu__4,re1_tt,cpu,ts-train-service,counterfactual_ar,240,240,1181,70,2839.922638160539,334.59543421738556,975.8186039108756,0.9857142857142858,192-168-45-158-9100,326,0.27199760090318936
re1_tt__ts-train-service_cpu__5,re1_tt,cpu,ts-train-service,raw,240,240,1182,70,2661.700481223546,321.12052193217863,1064.6569907870414,0.9857142857142858,192-168-45-158-9100,0,0.0
re1_tt__ts-train-service_cpu__5,re1_tt,cpu,ts-train-service,ar,240,240,1182,70,2520.141003164824,103.15178166240395,941.3502923838105,0.7571428571428571,192-168-51-251-9100,0,0.0
re1_tt__ts-train-service_cpu__5,re1_tt,cpu,ts-train-service,counterfactual_ar,240,240,1182,70,2704.768352986551,408.57237151138577,1231.92896531098,0.9857142857142858,192-168-45-158-9100,306,0.25868231810490694
re1_tt__ts-train-service_delay__1,re1_tt,delay,ts-train-service,raw,240,240,1243,70,2590.201106194935,346.48066576617026,954.236803958928,0.9857142857142858,192-168-93-129-9100,0,0.0
re1_tt__ts-train-service_delay__1,re1_tt,delay,ts-train-service,ar,240,240,1243,70,2471.155564171056,173.513648078506,811.3130978336972,0.9142857142857143,192-168-93-129-9100,0,0.0
re1_tt__ts-train-service_delay__1,re1_tt,delay,ts-train-service,counterfactual_ar,240,240,1243,70,2697.8872513737238,485.79758045733195,882.324139215612,1.0,192-168-93-129-9100,338,0.2696399839098954
re1_tt__ts-train-service_delay__2,re1_tt,delay,ts-train-service,raw,240,240,1242,70,1085.2895758438358,227.39208014382925,776.4008758770099,0.9428571428571428,ts-news-service,0,0.0
re1_tt__ts-train-service_delay__2,re1_tt,delay,ts-train-service,ar,240,240,1242,70,961.1525648381804,62.18648191876015,423.5283867094233,0.7285714285714285,ts-notification-service,0,0.0
re1_tt__ts-train-service_delay__2,re1_tt,delay,ts-train-service,counterfactual_ar,240,240,1242,70,1049.313855222217,322.2100897894253,634.0118845609707,0.9714285714285714,ts-inside-payment-mongo,330,0.26440888352120234
re1_tt__ts-train-service_delay__3,re1_tt,delay,ts-train-service,raw,240,240,1235,70,1720.0230820534568,180.41128852313912,722.6410648613771,0.9714285714285714,ts-payment-mongo,0,0.0
re1_tt__ts-train-service_delay__3,re1_tt,delay,ts-train-service,ar,240,240,1235,70,1321.4740122590238,86.48156741815134,633.0999151971541,0.7142857142857143,ts-voucher-service,0,0.0
re1_tt__ts-train-service_delay__3,re1_tt,delay,ts-train-service,counterfactual_ar,240,240,1235,70,1742.433876724641,306.0965335338568,985.9485748532366,0.9857142857142858,ts-payment-mongo,312,0.251002024291498
re1_tt__ts-train-service_delay__4,re1_tt,delay,ts-train-service,raw,240,240,1183,70,1593.3970428216824,281.86645166436995,781.0115651279164,0.9857142857142858,ts-news-service,0,0.0
re1_tt__ts-train-service_delay__4,re1_tt,delay,ts-train-service,ar,240,240,1183,70,2495.0745449484484,40.97236497450808,471.94126866425296,0.7857142857142857,192-168-45-158-9100,0,0.0
re1_tt__ts-train-service_delay__4,re1_tt,delay,ts-train-service,counterfactual_ar,240,240,1183,70,2669.4695265370638,354.8407605393527,827.8274537000234,1.0,192-168-45-158-9100,296,0.2498555931248239
re1_tt__ts-train-service_delay__5,re1_tt,delay,ts-train-service,raw,240,240,1183,70,2010.8527621390992,328.89934278796045,720.8219039292637,0.9857142857142858,ts-consign-price-mongo,0,0.0
re1_tt__ts-train-service_delay__5,re1_tt,delay,ts-train-service,ar,240,240,1183,70,1600.0073489305687,68.70498458209039,641.4809042758882,0.8857142857142857,ts-consign-price-mongo,0,0.0
re1_tt__ts-train-service_delay__5,re1_tt,delay,ts-train-service,counterfactual_ar,240,240,1183,70,1984.9446885020614,356.59964448195035,765.1064741424954,1.0,ts-consign-price-mongo,309,0.2607459847844463
re1_tt__ts-train-service_disk__1,re1_tt,disk,ts-train-service,raw,180,180,1431,72,2197.494167769051,229.11522373352045,535.7681038478612,0.9722222222222222,10-192-15-222-9100,0,0.0
re1_tt__ts-train-service_disk__1,re1_tt,disk,ts-train-service,ar,180,180,1431,72,2063.744498585338,104.30975686907922,359.0054755959492,0.9444444444444444,10-192-15-224-9100,0,0.0
re1_tt__ts-train-service_disk__1,re1_tt,disk,ts-train-service,counterfactual_ar,180,180,1431,72,2132.7923088259317,230.288362831357,477.2541483757203,0.9861111111111112,10-192-15-224-9100,306,0.21049770944949142
re1_tt__ts-train-service_disk__2,re1_tt,disk,ts-train-service,raw,180,180,1445,72,1615.7459417537648,187.43109506107174,566.2864057712878,0.9583333333333334,ts-notification-service,0,0.0
re1_tt__ts-train-service_disk__2,re1_tt,disk,ts-train-service,ar,180,180,1445,72,1587.8283698190269,38.162693001527096,377.63637722884863,0.8333333333333334,ts-notification-service,0,0.0
re1_tt__ts-train-service_disk__2,re1_tt,disk,ts-train-service,counterfactual_ar,180,180,1445,72,1587.8396326647292,260.61274685377646,565.9597815208161,1.0,ts-notification-service,289,0.19559784698193
re1_tt__ts-train-service_disk__3,re1_tt,disk,ts-train-service,raw,180,180,1445,72,1352.677254438584,149.09977264521964,317.2175969823103,0.9861111111111112,ts-consign-service,0,0.0
re1_tt__ts-train-service_disk__3,re1_tt,disk,ts-train-service,ar,180,180,1445,72,1329.231448766359,30.334040447244902,181.74569925162916,0.8888888888888888,ts-consign-service,0,0.0
re1_tt__ts-train-service_disk__3,re1_tt,disk,ts-train-service,counterfactual_ar,180,180,1445,72,1329.2314490572605,204.37516277800748,498.26767953891135,1.0,ts-consign-service,294,0.1976662821991542
re1_tt__ts-train-service_disk__4,re1_tt,disk,ts-train-service,raw,180,180,1445,72,797.3605571251042,158.54745118329564,381.7159423393984,0.9861111111111112,ts-config-mongo,0,0.0
re1_tt__ts-train-service_disk__4,re1_tt,disk,ts-train-service,ar,180,180,1445,72,706.5938310524408,48.961670912793195,242.49975885871496,0.9027777777777778,ts-contacts-service,0,0.0
re1_tt__ts-train-service_disk__4,re1_tt,disk,ts-train-service,counterfactual_ar,180,180,1445,72,823.4885380381335,217.60075123979198,451.5477947800012,0.9861111111111112,ts-config-mongo,288,0.19453287197231836
re1_tt__ts-train-service_disk__5,re1_tt,disk,ts-train-service,raw,180,180,1445,72,1332.026280786498,157.71803270191702,523.8257293564828,0.9861111111111112,ts-user-mongo,0,0.0
re1_tt__ts-train-service_disk__5,re1_tt,disk,ts-train-service,ar,180,180,1445,72,985.7252801203825,51.04233347495999,345.46690770124394,0.875,ts-user-mongo,0,0.0
re1_tt__ts-train-service_disk__5,re1_tt,disk,ts-train-service,counterfactual_ar,180,180,1445,72,1312.2340847601815,234.7358861789558,584.4531899749958,0.9722222222222222,ts-user-mongo,278,0.1910226835832372
re1_tt__ts-train-service_loss__1,re1_tt,loss,ts-train-service,raw,240,240,1185,70,1863.4459357867627,210.50808456846437,981.8050762234938,0.9714285714285714,ts-news-service,0,0.0
re1_tt__ts-train-service_loss__1,re1_tt,loss,ts-train-service,ar,240,240,1185,70,1594.5045598572578,52.25072105058171,686.5787063348589,0.7428571428571429,ts-travel-mongo,0,0.0
re1_tt__ts-train-service_loss__1,re1_tt,loss,ts-train-service,counterfactual_ar,240,240,1185,70,1990.9039659821383,298.64780034800197,818.4975138703835,0.9714285714285714,ts-news-service,329,0.27497187060478195
re1_tt__ts-train-service_loss__2,re1_tt,loss,ts-train-service,raw,240,240,1242,70,1809.615132338112,429.5034583080464,932.7850451129152,0.9571428571428572,ts-notification-service,0,0.0
re1_tt__ts-train-service_loss__2,re1_tt,loss,ts-train-service,ar,240,240,1242,70,1785.9722225632734,253.31243020911597,745.7859097520909,0.8,ts-notification-service,0,0.0
re1_tt__ts-train-service_loss__2,re1_tt,loss,ts-train-service,counterfactual_ar,240,240,1242,70,1785.9886474386146,358.68481239353133,853.0635233022302,0.9857142857142858,ts-notification-service,340,0.26979334406870636
re1_tt__ts-train-service_loss__3,re1_tt,loss,ts-train-service,raw,240,240,1237,70,1791.371225095768,346.2320661927166,701.4401525574784,0.9857142857142858,ts-payment-mongo,0,0.0
re1_tt__ts-train-service_loss__3,re1_tt,loss,ts-train-service,ar,240,240,1237,70,1394.9516363575424,145.5666865071556,439.6950184904256,0.8571428571428571,ts-payment-mongo,0,0.0
re1_tt__ts-train-service_loss__3,re1_tt,loss,ts-train-service,counterfactual_ar,240,240,1237,70,1832.5148356045017,341.0534660651607,807.8581151455187,0.9857142857142858,ts-payment-mongo,344,0.27650229048773917
re1_tt__ts-train-service_loss__4,re1_tt,loss,ts-train-service,raw,240,240,1181,70,2688.4449653939323,286.96526293922363,681.6105400937414,0.9714285714285714,192-168-45-158-9100,0,0.0
re1_tt__ts-train-service_loss__4,re1_tt,loss,ts-train-service,ar,240,240,1181,70,2526.1450124837465,110.00975614991066,412.3733132596326,0.8857142857142857,192-168-45-158-9100,0,0.0
re1_tt__ts-train-service_loss__4,re1_tt,loss,ts-train-service,counterfactual_ar,240,240,1181,70,2732.3602963289545,315.3130995371405,711.4721871247249,1.0,192-168-45-158-9100,327,0.27666525543324866
re1_tt__ts-train-service_loss__5,re1_tt,loss,ts-train-service,raw,240,240,1181,70,1847.0914196463575,322.91989747874777,1039.2537169385623,0.9714285714285714,ts-order-mongo,0,0.0
re1_tt__ts-train-service_loss__5,re1_tt,loss,ts-train-service,ar,240,240,1181,70,1570.6486921559247,129.57987533880248,797.2381580386016,0.9,ts-order-mongo,0,0.0
re1_tt__ts-train-service_loss__5,re1_tt,loss,ts-train-service,counterfactual_ar,240,240,1181,70,1844.1726180387614,344.8482987806686,977.9590999389972,0.9857142857142858,ts-order-mongo,311,0.25847798475867906
re1_tt__ts-train-service_mem__1,re1_tt,mem,ts-train-service,raw,240,240,1245,70,2579.7561525059705,392.5722899358784,1337.138735120953,0.9857142857142858,192-168-29-237-9100,0,0.0
re1_tt__ts-train-service_mem__1,re1_tt,mem,ts-train-service,ar,240,240,1245,70,2535.608408471478,309.694708183821,1189.7123868449005,0.8857142857142857,192-168-29-237-9100,0,0.0
re1_tt__ts-train-service_mem__1,re1_tt,mem,ts-train-service,counterfactual_ar,240,240,1245,70,2625.004502593824,446.2592146732969,1404.3739627423847,0.9857142857142858,192-168-29-237-9100,359,0.2855589022757698
re1_tt__ts-train-service_mem__2,re1_tt,mem,ts-train-service,raw,240,240,1251,70,1822.7332426587684,238.77352600434796,972.2816966643506,0.9571428571428572,ts-preserve-service,0,0.0
re1_tt__ts-train-service_mem__2,re1_tt,mem,ts-train-service,ar,240,240,1251,70,1798.9268345541793,46.64588277469688,684.0841800172155,0.7142857142857143,ts-preserve-service,0,0.0
re1_tt__ts-train-service_mem__2,re1_tt,mem,ts-train-service,counterfactual_ar,240,240,1251,70,1798.943267377658,299.7349745045698,962.6206822127839,0.9571428571428572,ts-preserve-service,325,0.25924260591526777
re1_tt__ts-train-service_mem__3,re1_tt,mem,ts-train-service,raw,240,240,1237,70,1985.7882689423084,341.7308852045669,994.6673924733266,0.9571428571428572,ts-payment-mongo,0,0.0
re1_tt__ts-train-service_mem__3,re1_tt,mem,ts-train-service,ar,240,240,1237,70,1621.896065340943,136.3046722376683,770.6004239342873,0.8571428571428571,ts-payment-mongo,0,0.0
re1_tt__ts-train-service_mem__3,re1_tt,mem,ts-train-service,counterfactual_ar,240,240,1237,70,1931.498053396606,389.6761505757274,964.5856152469631,0.9857142857142858,ts-payment-mongo,344,0.2762328213419563
re1_tt__ts-train-service_mem__4,re1_tt,mem,ts-train-service,raw,240,240,1181,70,1717.2668877974172,325.0000895634884,971.4561192730058,0.9857142857142858,ts-auth-mongo,0,0.0
re1_tt__ts-train-service_mem__4,re1_tt,mem,ts-train-service,ar,240,240,1181,70,1542.7256871368866,41.45041816561407,666.6066354399497,0.7428571428571429,ts-auth-mongo,0,0.0
re1_tt__ts-train-service_mem__4,re1_tt,mem,ts-train-service,counterfactual_ar,240,240,1181,70,1762.4672759957518,353.49693311888086,791.5684349594417,0.9857142857142858,ts-auth-mongo,327,0.2745554614733277
re1_tt__ts-train-service_mem__5,re1_tt,mem,ts-train-service,raw,240,240,1181,70,2114.624864328616,361.1474230557236,941.0139714903636,0.9571428571428572,ts-consign-price-mongo,0,0.0
re1_tt__ts-train-service_mem__5,re1_tt,mem,ts-train-service,ar,240,240,1181,70,1704.8423693387915,150.2269549196671,751.5735040219979,0.6714285714285714,ts-consign-price-mongo,0,0.0
re1_tt__ts-train-service_mem__5,re1_tt,mem,ts-train-service,counterfactual_ar,240,240,1181,70,2087.4500559488756,411.1020672551416,890.9373623059064,0.9714285714285714,ts-consign-price-mongo,324,0.2717647473892182
re1_tt__ts-travel-service_cpu__1,re1_tt,cpu,ts-travel-service,raw,240,240,1246,70,2575.955643863985,238.45393713206488,801.9026445637751,1.0,192-168-76-138-9100,0,0.0
re1_tt__ts-travel-service_cpu__1,re1_tt,cpu,ts-travel-service,ar,240,240,1246,70,2496.3354861902135,86.67357795607359,645.2683167219095,0.8285714285714286,192-168-76-138-9100,0,0.0
re1_tt__ts-travel-service_cpu__1,re1_tt,cpu,ts-travel-service,counterfactual_ar,240,240,1246,70,2666.1367692767312,323.3781704553526,804.8306504390553,1.0,192-168-76-138-9100,330,0.2634463616907437
re1_tt__ts-travel-service_cpu__2,re1_tt,cpu,ts-travel-service,raw,240,240,1242,70,1827.6382456360552,364.4437026201716,938.1447924878399,0.9857142857142858,ts-preserve-service,0,0.0
re1_tt__ts-travel-service_cpu__2,re1_tt,cpu,ts-travel-service,ar,240,240,1242,70,1803.7684768141644,134.44753503872943,763.0798294986857,0.8857142857142857,ts-preserve-service,0,0.0
re1_tt__ts-travel-service_cpu__2,re1_tt,cpu,ts-travel-service,counterfactual_ar,240,240,1242,70,1803.7849969272158,405.3405195567748,930.0644130739437,1.0,ts-preserve-service,336,0.2685923242082663
re1_tt__ts-travel-service_cpu__3,re1_tt,cpu,ts-travel-service,raw,240,240,1237,70,1822.0266289990698,263.65821635908793,716.5429058799918,0.9428571428571428,ts-news-service,0,0.0
re1_tt__ts-travel-service_cpu__3,re1_tt,cpu,ts-travel-service,ar,240,240,1237,70,1733.768702131868,71.66194949036597,497.9560252498379,0.7857142857142857,ts-news-service,0,0.0
re1_tt__ts-travel-service_cpu__3,re1_tt,cpu,ts-travel-service,counterfactual_ar,240,240,1237,70,1890.9343367846602,301.4936137874097,715.9999480705961,0.9857142857142858,ts-news-service,324,0.25982551872810566
re1_tt__ts-travel-service_cpu__4,re1_tt,cpu,ts-travel-service,raw,240,240,1181,70,1872.9894277023786,235.38880937094535,1228.0438877308163,0.9714285714285714,ts-ticket-office-service,0,0.0
re1_tt__ts-travel-service_cpu__4,re1_tt,cpu,ts-travel-service,ar,240,240,1181,70,1744.8451025369206,63.20314307148998,1208.0880162966357,0.7857142857142857,ts-ticket-office-service,0,0.0
re1_tt__ts-travel-service_cpu__4,re1_tt,cpu,ts-travel-service,counterfactual_ar,240,240,1181,70,1959.3638089396807,347.72824775469513,1288.1211109709895,0.9857142857142858,ts-ticket-office-service,320,0.26747812588202086
re1_tt__ts-travel-service_cpu__5,re1_tt,cpu,ts-travel-service,raw,240,240,1181,70,1567.0816661478002,330.2956696655431,772.8773032919071,0.9571428571428572,ts-food-mongo,0,0.0
re1_tt__ts-travel-service_cpu__5,re1_tt,cpu,ts-travel-service,ar,240,240,1181,70,1263.6287602482928,87.88626762095416,548.0551594175222,0.8142857142857143,ts-route-mongo,0,0.0
re1_tt__ts-travel-service_cpu__5,re1_tt,cpu,ts-travel-service,counterfactual_ar,240,240,1181,70,1554.9703127834994,364.5790138506828,728.1289072199188,0.9714285714285714,ts-food-mongo,316,0.2660986452159187
re1_tt__ts-travel-service_delay__1,re1_tt,delay,ts-travel-service,raw,240,240,1241,70,2092.3817457218224,345.1468793674147,1412.7426185142888,1.0,ts-order-other-mongo,0,0.0
re1_tt__ts-travel-service_delay__1,re1_tt,delay,ts-travel-service,ar,240,240,1241,70,1875.0904088181778,212.2374161983595,1302.586688128858,0.9428571428571428,ts-order-other-mongo,0,0.0
re1_tt__ts-travel-service_delay__1,re1_tt,delay,ts-travel-service,counterfactual_ar,240,240,1241,70,2018.061553411155,467.3595897317351,1397.912909508133,1.0,ts-order-other-mongo,348,0.27707829707225357
re1_tt__ts-travel-service_delay__2,re1_tt,delay,ts-travel-service,raw,240,240,1181,70,2665.737519154292,357.2958700472703,807.0366169931806,1.0,192-168-31-243-9100,0,0.0
re1_tt__ts-travel-service_delay__2,re1_tt,delay,ts-travel-service,ar,240,240,1181,70,2598.837528168711,141.6992903768878,467.02197791532296,0.9428571428571428,192-168-31-243-9100,0,0.0
re1_tt__ts-travel-service_delay__2,re1_tt,delay,ts-travel-service,counterfactual_ar,240,240,1181,70,2715.5966459557367,309.854507398671,818.3715357027361,1.0,192-168-31-243-9100,318,0.2643275472763195
re1_tt__ts-travel-service_delay__3,re1_tt,delay,ts-travel-service,raw,240,240,1239,70,1546.0994738283891,182.32621787216823,704.309241346668,0.9428571428571428,ts-news-service,0,0.0
re1_tt__ts-travel-service_delay__3,re1_tt,delay,ts-travel-service,ar,240,240,1239,70,1451.6498097724773,27.9720568485068,395.37033407103206,0.7285714285714285,ts-news-service,0,0.0
re1_tt__ts-travel-service_delay__3,re1_tt,delay,ts-travel-service,counterfactual_ar,240,240,1239,70,1332.6466706818399,299.8508116284591,712.2171880670526,0.9857142857142858,ts-preserve-service,298,0.240106268496099
re1_tt__ts-travel-service_delay__4,re1_tt,delay,ts-travel-service,raw,240,240,1183,70,2663.6549951956663,196.32511783525518,828.8026382785075,0.9714285714285714,192-168-29-237-9100,0,0.0
re1_tt__ts-travel-service_delay__4,re1_tt,delay,ts-travel-service,ar,240,240,1183,70,2608.0366913308203,39.2632425911158,766.6257320268952,0.7142857142857143,192-168-29-237-9100,0,0.0
re1_tt__ts-travel-service_delay__4,re1_tt,delay,ts-travel-service,counterfactual_ar,240,240,1183,70,2770.439778725476,269.5117622030723,891.9004077218124,0.9714285714285714,192-168-29-237-9100,318,0.2680719921104536
re1_tt__ts-travel-service_delay__5,re1_tt,delay,ts-travel-service,raw,240,240,1183,70,1848.019254305973,219.42504373198045,669.1513966638094,0.9857142857142858,ts-consign-mongo,0,0.0
re1_tt__ts-travel-service_delay__5,re1_tt,delay,ts-travel-service,ar,240,240,1183,70,1602.290056709812,12.093783888813595,420.1812943840265,0.6714285714285714,ts-consign-mongo,0,0.0
re1_tt__ts-travel-service_delay__5,re1_tt,delay,ts-travel-service,counterfactual_ar,240,240,1183,70,1766.7962659029151,262.2086124218236,713.0272200460635,0.9714285714285714,ts-consign-mongo,307,0.2565018315018315
re1_tt__ts-travel-service_disk__1,re1_tt,disk,ts-travel-service,raw,180,180,1433,72,2481.2186735628597,214.1310217363026,897.4805368824924,0.9861111111111112,10-192-15-221-9100,0,0.0
re1_tt__ts-travel-service_disk__1,re1_tt,disk,ts-travel-service,ar,180,180,1433,72,2369.222005304078,60.67217625860832,680.2591574772567,0.8333333333333334,10-192-15-221-9100,0,0.0
re1_tt__ts-travel-service_disk__1,re1_tt,disk,ts-travel-service,counterfactual_ar,180,180,1433,72,2375.1561676081305,228.69508727968827,761.5036303969796,0.9861111111111112,10-192-15-221-9100,272,0.18589206792277274
re1_tt__ts-travel-service_disk__2,re1_tt,disk,ts-travel-service,raw,180,180,1445,72,2170.8469205229353,170.93971279223436,419.80125158349944,0.9722222222222222,10-192-15-222-9100,0,0.0
re1_tt__ts-travel-service_disk__2,re1_tt,disk,ts-travel-service,ar,180,180,1445,72,2010.107215823479,51.878157412675286,247.97028838959588,0.875,10-192-15-222-9100,0,0.0
re1_tt__ts-travel-service_disk__2,re1_tt,disk,ts-travel-service,counterfactual_ar,180,180,1445,72,2136.7484435211913,196.08332178030423,451.1440451771152,1.0,10-192-15-222-9100,289,0.19234140715109574
re1_tt__ts-travel-service_disk__3,re1_tt,disk,ts-travel-service,raw,180,180,1445,72,1446.107066807619,158.39772601079798,468.7068757481594,0.9583333333333334,ts-consign-mongo,0,0.0
re1_tt__ts-travel-service_disk__3,re1_tt,disk,ts-travel-service,ar,180,180,1445,72,1058.9944047282354,38.722257763997526,235.9518198723951,0.8611111111111112,ts-consign-mongo,0,0.0
re1_tt__ts-travel-service_disk__3,re1_tt,disk,ts-travel-service,counterfactual_ar,180,180,1445,72,1422.8380726658718,267.1464255309579,517.8003486947633,1.0,ts-consign-mongo,296,0.19915801614763554
re1_tt__ts-travel-service_disk__4,re1_tt,disk,ts-travel-service,raw,180,180,1445,72,2191.7900135327413,158.0374994863572,381.5652137483588,1.0,10-192-15-222-9100,0,0.0
re1_tt__ts-travel-service_disk__4,re1_tt,disk,ts-travel-service,ar,180,180,1445,72,2056.0653155328873,46.62976207458047,246.0471402740648,0.8888888888888888,10-192-15-222-9100,0,0.0
re1_tt__ts-travel-service_disk__4,re1_tt,disk,ts-travel-service,counterfactual_ar,180,180,1445,72,2086.1628276827155,220.16196987490656,495.1769362701845,1.0,10-192-15-222-9100,308,0.20740484429065742
re1_tt__ts-travel-service_disk__5,re1_tt,disk,ts-travel-service,raw,180,180,1445,72,923.0876841080803,174.25702831763795,359.6331194110612,0.9722222222222222,ts-auth-mongo,0,0.0
re1_tt__ts-travel-service_disk__5,re1_tt,disk,ts-travel-service,ar,180,180,1445,72,764.5425713095075,41.2968168167319,290.29917344803795,0.8888888888888888,ts-auth-mongo,0,0.0
re1_tt__ts-travel-service_disk__5,re1_tt,disk,ts-travel-service,counterfactual_ar,180,180,1445,72,997.4951047142773,261.4690875314931,514.0910532605628,1.0,ts-auth-mongo,290,0.19681660899653977
re1_tt__ts-travel-service_loss__1,re1_tt,loss,ts-travel-service,raw,240,240,1248,70,2581.297967576366,262.6702270920895,660.4317726841001,1.0,192-168-45-158-9100,0,0.0
re1_tt__ts-travel-service_loss__1,re1_tt,loss,ts-travel-service,ar,240,240,1248,70,2492.5657788821186,42.56755724552218,403.51197215155787,0.7285714285714285,192-168-45-158-9100,0,0.0
re1_tt__ts-travel-service_loss__1,re1_tt,loss,ts-travel-service,counterfactual_ar,240,240,1248,70,2712.9759614854624,333.2539430525749,652.2738499321698,1.0,192-168-45-158-9100,330,0.26146167200854703
re1_tt__ts-travel-service_loss__2,re1_tt,loss,ts-travel-service,raw,240,240,1185,70,1358.320563913612,206.1255026448984,1001.0007685631539,1.0,ts-route-mongo,0,0.0
re1_tt__ts-travel-service_loss__2,re1_tt,loss,ts-travel-service,ar,240,240,1185,70,1271.0372056968233,47.71728260500451,764.0605749448235,0.7428571428571429,ts-admin-route-service,0,0.0
re1_tt__ts-travel-service_loss__2,re1_tt,loss,ts-travel-service,counterfactual_ar,240,240,1185,70,1515.7772905137347,269.32928969891645,727.6304620360185,1.0,ts-station-mongo,315,0.2643706047819972
re1_tt__ts-travel-service_loss__3,re1_tt,loss,ts-travel-service,raw,240,240,1180,70,2370.4818475483166,362.3664780790191,2008.0788318237508,0.9714285714285714,ts-consign-mongo,0,0.0
re1_tt__ts-travel-service_loss__3,re1_tt,loss,ts-travel-service,ar,240,240,1180,70,1914.463999876915,149.37824634377358,1725.3397020078976,0.7571428571428571,ts-consign-mongo,0,0.0
re1_tt__ts-travel-service_loss__3,re1_tt,loss,ts-travel-service,counterfactual_ar,240,240,1180,70,2341.6680403746404,350.06355674689377,2065.403296408319,0.9857142857142858,ts-consign-mongo,312,0.262736581920904
re1_tt__ts-travel-service_loss__4,re1_tt,loss,ts-travel-service,raw,240,240,1179,70,2205.125582493826,362.33596464438494,1925.209576738063,0.9714285714285714,ts-consign-price-mongo,0,0.0
re1_tt__ts-travel-service_loss__4,re1_tt,loss,ts-travel-service,ar,240,240,1179,70,2110.2550183782496,169.2150506759789,1696.445507320841,0.8,ts-news-service,0,0.0
re1_tt__ts-travel-service_loss__4,re1_tt,loss,ts-travel-service,counterfactual_ar,240,240,1179,70,2310.8562687085864,420.958937966422,1904.4736877981552,1.0,ts-news-service,321,0.26766680802940346
re1_tt__ts-travel-service_loss__5,re1_tt,loss,ts-travel-service,raw,240,240,1180,70,2677.6059250744875,423.98938340781115,1911.5718380949174,0.9714285714285714,192-168-93-129-9100,0,0.0
re1_tt__ts-travel-service_loss__5,re1_tt,loss,ts-travel-service,ar,240,240,1180,70,2570.5626975769937,292.64789052027385,1603.6699465613904,0.7571428571428571,192-168-93-129-9100,0,0.0
re1_tt__ts-travel-service_loss__5,re1_tt,loss,ts-travel-service,counterfactual_ar,240,240,1180,70,2777.1718650657654,353.9802178284592,1970.5162620079093,0.9857142857142858,192-168-93-129-9100,324,0.2695974576271186
re1_tt__ts-travel-service_mem__1,re1_tt,mem,ts-travel-service,raw,240,240,1248,70,1910.219786514147,391.9835082467952,931.8641443905066,1.0,ts-config-mongo,0,0.0
re1_tt__ts-travel-service_mem__1,re1_tt,mem,ts-travel-service,ar,240,240,1248,70,1736.873179900881,192.94824883448712,732.1462904754601,0.8571428571428571,ts-config-mongo,0,0.0
re1_tt__ts-travel-service_mem__1,re1_tt,mem,ts-travel-service,counterfactual_ar,240,240,1248,70,1926.0163997992142,428.01961888533214,1080.443388970625,1.0,ts-config-mongo,369,0.29295205662393164
re1_tt__ts-travel-service_mem__2,re1_tt,mem,ts-travel-service,raw,240,240,1185,70,1614.8362756183699,254.88277856517436,882.1054135997051,0.9571428571428572,ts-auth-mongo,0,0.0
re1_tt__ts-travel-service_mem__2,re1_tt,mem,ts-travel-service,ar,240,240,1185,70,1312.0103362422299,18.929391771128685,665.5019674333436,0.7285714285714285,ts-auth-mongo,0,0.0
re1_tt__ts-travel-service_mem__2,re1_tt,mem,ts-travel-service,counterfactual_ar,240,240,1185,70,1718.7234893248885,293.33347693865704,859.7281449060949,0.9857142857142858,ts-auth-mongo,328,0.27556962025316456
re1_tt__ts-travel-service_mem__3,re1_tt,mem,ts-travel-service,raw,240,240,1190,70,1977.3512591302133,288.7644779569802,1038.3811591288736,0.9857142857142858,ts-train-mongo,0,0.0
re1_tt__ts-travel-service_mem__3,re1_tt,mem,ts-travel-service,ar,240,240,1190,70,1586.7375492643407,82.37042873438597,859.4973553749076,0.7857142857142857,ts-train-mongo,0,0.0
re1_tt__ts-travel-service_mem__3,re1_tt,mem,ts-travel-service,counterfactual_ar,240,240,1190,70,1951.7340361055055,380.7187734931415,987.9474338774734,0.9857142857142858,ts-train-mongo,307,0.2566141456582633
re1_tt__ts-travel-service_mem__4,re1_tt,mem,ts-travel-service,raw,240,240,1185,70,1932.7132172500853,284.80433641038985,852.4512806554723,1.0,ts-config-mongo,0,0.0
re1_tt__ts-travel-service_mem__4,re1_tt,mem,ts-travel-service,ar,240,240,1185,70,1588.7360222078921,110.87541865710631,833.1104362182897,0.9,ts-config-mongo,0,0.0
re1_tt__ts-travel-service_mem__4,re1_tt,mem,ts-travel-service,counterfactual_ar,240,240,1185,70,1989.5520416812794,378.44500849126007,1111.4551088841433,1.0,ts-config-mongo,319,0.2638045007032349
re1_tt__ts-travel-service_mem__5,re1_tt,mem,ts-travel-service,raw,240,240,1248,70,2442.4093632530626,398.40407248334157,963.0631281531873,1.0,192-168-90-92-9100,0,0.0
re1_tt__ts-travel-service_mem__5,re1_tt,mem,ts-travel-service,ar,240,240,1248,70,2383.9344115804874,152.39981042486733,693.2023988282391,0.9142857142857143,192-168-90-92-9100,0,0.0
re1_tt__ts-travel-service_mem__5,re1_tt,mem,ts-travel-service,counterfactual_ar,240,240,1248,70,2527.7389195965734,533.2185521160096,826.7262537764511,1.0,192-168-90-92-9100,350,0.2773170405982906
