amber_AC@1,amber_AC@3,amber_AC@5,amber_Avg@1,amber_Avg@3,amber_Avg@5,amber_result_file,ar_root_rank,ar_root_score,dataset,delta_AC@1,delta_AC@3,delta_AC@5,delta_Avg@1,delta_Avg@3,delta_Avg@5,delta_root_rank,delta_root_score,fault_type,granularity,no_ar_AC@1,no_ar_AC@3,no_ar_AC@5,no_ar_Avg@1,no_ar_Avg@3,no_ar_Avg@5,no_ar_result_file,raw_root_rank,raw_root_score,root_cause_members,run_id,sum_phi
1,1,1,1.0,1.0,1.0,results/main/amber/service/online_boutique/cartservice_cpu_run1.json,1,1205.180971030208,online_boutique,0.0,0.0,0.0,0.0,0.0,0.0,0,-562.1299186152969,cartservice_cpu,service,1,1,1,1.0,1.0,1.0,results/ablation/no_ar/service/online_boutique/cartservice_cpu_run1.json,1,1767.3108896455049,"[""cartservice""]",1,
0,1,1,0.0,0.6666666666666666,0.8,results/main/amber/service/online_boutique/cartservice_cpu_run2.json,2,1171.3936989262486,online_boutique,0.0,0.0,0.0,0.0,0.0,0.0,0,-396.1122627980667,cartservice_cpu,service,0,1,1,0.0,0.6666666666666666,0.8,results/ablation/no_ar/service/online_boutique/cartservice_cpu_run2.json,2,1567.5059617243153,"[""cartservice""]",2,
1,1,1,1.0,1.0,1.0,results/main/amber/service/online_boutique/cartservice_cpu_run3.json,1,1170.3383333189568,online_boutique,0.0,0.0,0.0,0.0,0.0,0.0,0,-340.26479077640147,cartservice_cpu,service,1,1,1,1.0,1.0,1.0,results/ablation/no_ar/service/online_boutique/cartservice_cpu_run3.json,1,1510.6031240953582,"[""cartservice""]",3,
1,1,1,1.0,1.0,1.0,results/main/amber/service/online_boutique/cartservice_cpu_run4.json,1,1309.4314894037564,online_boutique,0.0,0.0,0.0,0.0,0.0,0.0,0,-360.01214994035445,cartservice_cpu,service,1,1,1,1.0,1.0,1.0,results/ablation/no_ar/service/online_boutique/cartservice_cpu_run4.json,1,1669.4436393441108,"[""cartservice""]",4,
1,1,1,1.0,1.0,1.0,results/main/amber/service/online_boutique/cartservice_cpu_run5.json,1,1180.470066165428,online_boutique,0.0,0.0,0.0,0.0,0.0,0.0,0,-489.81440699836503,cartservice_cpu,service,1,1,1,1.0,1.0,1.0,results/ablation/no_ar/service/online_boutique/cartservice_cpu_run5.json,1,1670.284473163793,"[""cartservice""]",5,
0,1,1,0.0,0.6666666666666666,0.8,results/main/amber/service/online_boutique/cartservice_delay_run1.json,2,2009.9205103963707,online_boutique,0.0,0.0,0.0,0.0,0.0,0.0,0,-80.58194199176182,cartservice_delay,service,0,1,1,0.0,0.6666666666666666,0.8,results/ablation/no_ar/service/online_boutique/cartservice_delay_run1.json,2,2090.5024523881325,"[""cartservice""]",1,
1,1,1,1.0,1.0,1.0,results/main/amber/service/online_boutique/cartservice_delay_run2.json,1,1072.5586594685753,online_boutique,0.0,0.0,0.0,0.0,0.0,0.0,0,-86.37965792613659,cartservice_delay,service,1,1,1,1.0,1.0,1.0,results/ablation/no_ar/service/online_boutique/cartservice_delay_run2.json,1,1158.938317394712,"[""cartservice""]",2,
1,1,1,1.0,1.0,1.0,results/main/amber/service/online_boutique/cartservice_delay_run3.json,1,1080.3355047585262,online_boutique,1.0,0.0,0.0,1.0,0.33333333333333337,0.19999999999999996,-1,-75.74661762895016,cartservice_delay,service,0,1,1,0.0,0.6666666666666666,0.8,results/ablation/no_ar/service/online_boutique/cartservice_delay_run3.json,2,1156.0821223874764,"[""cartservice""]",3,
0,1,1,0.0,0.6666666666666666,0.8,results/main/amber/service/online_boutique/cartservice_delay_run4.json,2,1058.7625948168666,online_boutique,0.0,0.0,0.0,0.0,0.0,0.0,0,-139.95309157466068,cartservice_delay,service,0,1,1,0.0,0.6666666666666666,0.8,results/ablation/no_ar/service/online_boutique/cartservice_delay_run4.json,2,1198.7156863915272,"[""cartservice""]",4,
0,1,1,0.0,0.6666666666666666,0.8,results/main/amber/service/online_boutique/cartservice_delay_run5.json,2,1030.464764468168,online_boutique,0.0,0.0,0.0,0.0,0.0,0.0,0,-140.68755560403565,cartservice_delay,service,0,1,1,0.0,0.6666666666666666,0.8,results/ablation/no_ar/service/online_boutique/cartservice_delay_run5.json,2,1171.1523200722036,"[""cartservice""]",5,
1,1,1,1.0,1.0,1.0,results/main/amber/service/online_boutique/cartservice_loss_run1.json,1,1166.0521864084915,online_boutique,0.0,0.0,0.0,0.0,0.0,0.0,0,-181.43049993181285,cartservice_loss,service,1,1,1,1.0,1.0,1.0,results/ablation/no_ar/service/online_boutique/cartservice_loss_run1.json,1,1347.4826863403043,"[""cartservice""]",1,
0,1,1,0.0,0.3333333333333333,0.6,results/main/amber/service/online_boutique/cartservice_loss_run2.json,3,202.99287022000593,online_boutique,0.0,0.0,0.0,0.0,0.0,0.0,0,-138.0637304807622,cartservice_loss,service,0,1,1,0.0,0.3333333333333333,0.6,results/ablation/no_ar/service/online_boutique/cartservice_loss_run2.json,3,341.0566007007681,"[""cartservice""]",2,
1,1,1,1.0,1.0,1.0,results/main/amber/service/online_boutique/cartservice_loss_run3.json,1,526.9265845189636,online_boutique,0.0,0.0,0.0,0.0,0.0,0.0,0,-118.22121633528513,cartservice_loss,service,1,1,1,1.0,1.0,1.0,results/ablation/no_ar/service/online_boutique/cartservice_loss_run3.json,1,645.1478008542488,"[""cartservice""]",3,
0,1,1,0.0,0.6666666666666666,0.8,results/main/amber/service/online_boutique/cartservice_loss_run4.json,2,561.301369135378,online_boutique,0.0,0.0,0.0,0.0,0.0,0.0,0,92.55370403169434,cartservice_loss,service,0,1,1,0.0,0.6666666666666666,0.8,results/ablation/no_ar/service/online_boutique/cartservice_loss_run4.json,2,468.74766510368363,"[""cartservice""]",4,
1,1,1,1.0,1.0,1.0,results/main/amber/service/online_boutique/cartservice_loss_run5.json,1,1257.93270498019,online_boutique,0.0,0.0,0.0,0.0,0.0,0.0,0,291.5082992190272,cartservice_loss,service,1,1,1,1.0,1.0,1.0,results/ablation/no_ar/service/online_boutique/cartservice_loss_run5.json,1,966.4244057611628,"[""cartservice""]",5,
0,1,1,0.0,0.3333333333333333,0.6,results/main/amber/service/online_boutique/cartservice_mem_run1.json,3,1417.934826564331,online_boutique,0.0,0.0,0.0,0.0,0.0,0.0,0,-361.52565346135043,cartservice_mem,service,0,1,1,0.0,0.3333333333333333,0.6,results/ablation/no_ar/service/online_boutique/cartservice_mem_run1.json,3,1779.4604800256814,"[""cartservice""]",1,
0,1,1,0.0,0.6666666666666666,0.8,results/main/amber/service/online_boutique/cartservice_mem_run2.json,2,1925.66185090041,online_boutique,0.0,0.0,0.0,0.0,0.0,0.0,0,-233.92744780028738,cartservice_mem,service,0,1,1,0.0,0.6666666666666666,0.8,results/ablation/no_ar/service/online_boutique/cartservice_mem_run2.json,2,2159.5892987006973,"[""cartservice""]",2,
0,1,1,0.0,0.6666666666666666,0.8,results/main/amber/service/online_boutique/cartservice_mem_run3.json,2,1855.4097193874925,online_boutique,0.0,0.0,0.0,0.0,0.0,0.0,0,-142.01515939025376,cartservice_mem,service,0,1,1,0.0,0.6666666666666666,0.8,results/ablation/no_ar/service/online_boutique/cartservice_mem_run3.json,2,1997.4248787777462,"[""cartservice""]",3,
0,1,1,0.0,0.6666666666666666,0.8,results/main/amber/service/online_boutique/cartservice_mem_run4.json,2,2301.504436638866,online_boutique,0.0,0.0,0.0,0.0,0.0,0.0,0,32.46316871756744,cartservice_mem,service,0,1,1,0.0,0.6666666666666666,0.8,results/ablation/no_ar/service/online_boutique/cartservice_mem_run4.json,2,2269.0412679212986,"[""cartservice""]",4,
0,1,1,0.0,0.6666666666666666,0.8,results/main/amber/service/online_boutique/cartservice_mem_run5.json,2,2326.6271456804006,online_boutique,0.0,0.0,0.0,0.0,0.0,0.0,0,-103.99168327337065,cartservice_mem,service,0,1,1,0.0,0.6666666666666666,0.8,results/ablation/no_ar/service/online_boutique/cartservice_mem_run5.json,2,2430.6188289537713,"[""cartservice""]",5,
0,1,1,0.0,0.6666666666666666,0.8,results/main/amber/service/online_boutique/checkoutservice_cpu_run1.json,2,1543.7245594159806,online_boutique,0.0,0.0,0.0,0.0,0.0,0.0,0,-298.85017003519715,checkoutservice_cpu,service,0,1,1,0.0,0.6666666666666666,0.8,results/ablation/no_ar/service/online_boutique/checkoutservice_cpu_run1.json,2,1842.5747294511777,"[""checkoutservice""]",1,
1,1,1,1.0,1.0,1.0,results/main/amber/service/online_boutique/checkoutservice_cpu_run2.json,1,1155.45155270365,online_boutique,0.0,0.0,0.0,0.0,0.0,0.0,0,-391.7438844179105,checkoutservice_cpu,service,1,1,1,1.0,1.0,1.0,results/ablation/no_ar/service/online_boutique/checkoutservice_cpu_run2.json,1,1547.1954371215604,"[""checkoutservice""]",2,
0,1,1,0.0,0.6666666666666666,0.8,results/main/amber/service/online_boutique/checkoutservice_cpu_run3.json,2,1143.5383139393336,online_boutique,0.0,0.0,0.0,0.0,0.0,0.0,0,-253.77720162732112,checkoutservice_cpu,service,0,1,1,0.0,0.6666666666666666,0.8,results/ablation/no_ar/service/online_boutique/checkoutservice_cpu_run3.json,2,1397.3155155666548,"[""checkoutservice""]",3,
0,1,1,0.0,0.6666666666666666,0.8,results/main/amber/service/online_boutique/checkoutservice_cpu_run4.json,2,1128.8797267755851,online_boutique,0.0,0.0,0.0,0.0,0.0,0.0,0,-488.54027200640303,checkoutservice_cpu,service,0,1,1,0.0,0.6666666666666666,0.8,results/ablation/no_ar/service/online_boutique/checkoutservice_cpu_run4.json,2,1617.4199987819882,"[""checkoutservice""]",4,
1,1,1,1.0,1.0,1.0,results/main/amber/service/online_boutique/checkoutservice_cpu_run5.json,1,1228.5456583435268,online_boutique,0.0,0.0,0.0,0.0,0.0,0.0,0,-100.78261831998975,checkoutservice_cpu,service,1,1,1,1.0,1.0,1.0,results/ablation/no_ar/service/online_boutique/checkoutservice_cpu_run5.json,1,1329.3282766635166,"[""checkoutservice""]",5,
1,1,1,1.0,1.0,1.0,results/main/amber/service/online_boutique/checkoutservice_delay_run1.json,1,2133.5423027777947,online_boutique,0.0,0.0,0.0,0.0,0.0,0.0,0,-103.28026206047525,checkoutservice_delay,service,1,1,1,1.0,1.0,1.0,results/ablation/no_ar/service/online_boutique/checkoutservice_delay_run1.json,1,2236.82256483827,"[""checkoutservice""]",1,
0,1,1,0.0,0.6666666666666666,0.8,results/main/amber/service/online_boutique/checkoutservice_delay_run2.json,2,1206.5100048729062,online_boutique,0.0,0.0,0.0,0.0,0.0,0.0,0,-122.38641543473386,checkoutservice_delay,service,0,1,1,0.0,0.6666666666666666,0.8,results/ablation/no_ar/service/online_boutique/checkoutservice_delay_run2.json,2,1328.89642030764,"[""checkoutservice""]",2,
1,1,1,1.0,1.0,1.0,results/main/amber/service/online_boutique/checkoutservice_delay_run3.json,1,1076.3217600084138,online_boutique,0.0,0.0,0.0,0.0,0.0,0.0,0,-174.2386671805491,checkoutservice_delay,service,1,1,1,1.0,1.0,1.0,results/ablation/no_ar/service/online_boutique/checkoutservice_delay_run3.json,1,1250.5604271889629,"[""checkoutservice""]",3,
0,1,1,0.0,0.6666666666666666,0.8,results/main/amber/service/online_boutique/checkoutservice_delay_run4.json,2,1161.9695430585123,online_boutique,0.0,0.0,0.0,0.0,0.0,0.0,0,-118.16300806677782,checkoutservice_delay,service,0,1,1,0.0,0.6666666666666666,0.8,results/ablation/no_ar/service/online_boutique/checkoutservice_delay_run4.json,2,1280.13255112529,"[""checkoutservice""]",4,
1,1,1,1.0,1.0,1.0,results/main/amber/service/online_boutique/checkoutservice_delay_run5.json,1,1233.1262344165318,online_boutique,0.0,0.0,0.0,0.0,0.0,0.0,0,-92.3252088600525,checkoutservice_delay,service,1,1,1,1.0,1.0,1.0,results/ablation/no_ar/service/online_boutique/checkoutservice_delay_run5.json,1,1325.4514432765843,"[""checkoutservice""]",5,
0,0,0,0.0,0.0,0.0,results/main/amber/service/online_boutique/checkoutservice_loss_run1.json,7,229.58565547333305,online_boutique,0.0,0.0,-1.0,0.0,0.0,-0.4,3,-510.25730680165816,checkoutservice_loss,service,0,0,1,0.0,0.0,0.4,results/ablation/no_ar/service/online_boutique/checkoutservice_loss_run1.json,4,739.8429622749912,"[""checkoutservice""]",1,
0,0,0,0.0,0.0,0.0,results/main/amber/service/online_boutique/checkoutservice_loss_run2.json,7,63.4085318210889,online_boutique,0.0,0.0,-1.0,0.0,0.0,-0.2,2,-375.17039919140626,checkoutservice_loss,service,0,0,1,0.0,0.0,0.2,results/ablation/no_ar/service/online_boutique/checkoutservice_loss_run2.json,5,438.57893101249516,"[""checkoutservice""]",2,
0,0,0,0.0,0.0,0.0,results/main/amber/service/online_boutique/checkoutservice_loss_run3.json,8,88.66248297592271,online_boutique,0.0,0.0,-1.0,0.0,0.0,-0.4,4,-395.78762615857005,checkoutservice_loss,service,0,0,1,0.0,0.0,0.4,results/ablation/no_ar/service/online_boutique/checkoutservice_loss_run3.json,4,484.4501091344928,"[""checkoutservice""]",3,
0,0,1,0.0,0.0,0.2,results/main/amber/service/online_boutique/checkoutservice_loss_run4.json,5,106.41908551605275,online_boutique,0.0,0.0,0.0,0.0,0.0,-0.2,1,-301.93560144262483,checkoutservice_loss,service,0,0,1,0.0,0.0,0.4,results/ablation/no_ar/service/online_boutique/checkoutservice_loss_run4.json,4,408.3546869586776,"[""checkoutservice""]",4,
0,0,0,0.0,0.0,0.0,results/main/amber/service/online_boutique/checkoutservice_loss_run5.json,7,55.15233406098272,online_boutique,0.0,0.0,0.0,0.0,0.0,0.0,0,-276.5217219906726,checkoutservice_loss,service,0,0,0,0.0,0.0,0.0,results/ablation/no_ar/service/online_boutique/checkoutservice_loss_run5.json,7,331.67405605165527,"[""checkoutservice""]",5,
0,1,1,0.0,0.3333333333333333,0.6,results/main/amber/service/online_boutique/checkoutservice_mem_run1.json,3,1175.1627096159689,online_boutique,0.0,0.0,0.0,0.0,0.0,0.0,0,-723.9571941744703,checkoutservice_mem,service,0,1,1,0.0,0.3333333333333333,0.6,results/ablation/no_ar/service/online_boutique/checkoutservice_mem_run1.json,3,1899.1199037904391,"[""checkoutservice""]",1,
0,1,1,0.0,0.6666666666666666,0.8,results/main/amber/service/online_boutique/checkoutservice_mem_run2.json,2,1924.9914647470878,online_boutique,0.0,0.0,0.0,0.0,0.0,0.0,0,-317.5879320100171,checkoutservice_mem,service,0,1,1,0.0,0.6666666666666666,0.8,results/ablation/no_ar/service/online_boutique/checkoutservice_mem_run2.json,2,2242.579396757105,"[""checkoutservice""]",2,
1,1,1,1.0,1.0,1.0,results/main/amber/service/online_boutique/checkoutservice_mem_run3.json,1,1915.3982127410957,online_boutique,1.0,0.0,0.0,1.0,0.33333333333333337,0.19999999999999996,-1,67.4128048955422,checkoutservice_mem,service,0,1,1,0.0,0.6666666666666666,0.8,results/ablation/no_ar/service/online_boutique/checkoutservice_mem_run3.json,2,1847.9854078455535,"[""checkoutservice""]",3,
0,1,1,0.0,0.3333333333333333,0.6,results/main/amber/service/online_boutique/checkoutservice_mem_run4.json,3,1011.8627395670118,online_boutique,0.0,0.0,0.0,0.0,0.0,0.0,0,-296.46985293447335,checkoutservice_mem,service,0,1,1,0.0,0.3333333333333333,0.6,results/ablation/no_ar/service/online_boutique/checkoutservice_mem_run4.json,3,1308.3325925014851,"[""checkoutservice""]",4,
1,1,1,1.0,1.0,1.0,results/main/amber/service/online_boutique/checkoutservice_mem_run5.json,1,1198.387354489951,online_boutique,0.0,0.0,0.0,0.0,0.0,0.0,0,-433.6210798950751,checkoutservice_mem,service,1,1,1,1.0,1.0,1.0,results/ablation/no_ar/service/online_boutique/checkoutservice_mem_run5.json,1,1632.008434385026,"[""checkoutservice""]",5,
1,1,1,1.0,1.0,1.0,results/main/amber/service/online_boutique/currencyservice_cpu_run1.json,1,1315.312480607875,online_boutique,0.0,0.0,0.0,0.0,0.0,0.0,0,-186.98796121634246,currencyservice_cpu,service,1,1,1,1.0,1.0,1.0,results/ablation/no_ar/service/online_boutique/currencyservice_cpu_run1.json,1,1502.3004418242174,"[""currencyservice""]",1,
0,0,1,0.0,0.0,0.4,results/main/amber/service/online_boutique/currencyservice_cpu_run2.json,4,775.243012044684,online_boutique,0.0,0.0,0.0,0.0,0.0,0.2,-1,-252.86550388645048,currencyservice_cpu,service,0,0,1,0.0,0.0,0.2,results/ablation/no_ar/service/online_boutique/currencyservice_cpu_run2.json,5,1028.1085159311344,"[""currencyservice""]",2,
1,1,1,1.0,1.0,1.0,results/main/amber/service/online_boutique/currencyservice_cpu_run3.json,1,1837.3144771769912,online_boutique,0.0,0.0,0.0,0.0,0.0,0.0,0,-128.9906197366056,currencyservice_cpu,service,1,1,1,1.0,1.0,1.0,results/ablation/no_ar/service/online_boutique/currencyservice_cpu_run3.json,1,1966.3050969135968,"[""currencyservice""]",3,
1,1,1,1.0,1.0,1.0,results/main/amber/service/online_boutique/currencyservice_cpu_run4.json,1,1605.595769834333,online_boutique,0.0,0.0,0.0,0.0,0.0,0.0,0,67.38707606944627,currencyservice_cpu,service,1,1,1,1.0,1.0,1.0,results/ablation/no_ar/service/online_boutique/currencyservice_cpu_run4.json,1,1538.2086937648867,"[""currencyservice""]",4,
1,1,1,1.0,1.0,1.0,results/main/amber/service/online_boutique/currencyservice_cpu_run5.json,1,1614.874595525629,online_boutique,0.0,0.0,0.0,0.0,0.0,0.0,0,174.98499152890304,currencyservice_cpu,service,1,1,1,1.0,1.0,1.0,results/ablation/no_ar/service/online_boutique/currencyservice_cpu_run5.json,1,1439.889603996726,"[""currencyservice""]",5,
1,1,1,1.0,1.0,1.0,results/main/amber/service/online_boutique/currencyservice_delay_run1.json,1,1454.3021883840927,online_boutique,0.0,0.0,0.0,0.0,0.0,0.0,0,-58.22213297820326,currencyservice_delay,service,1,1,1,1.0,1.0,1.0,results/ablation/no_ar/service/online_boutique/currencyservice_delay_run1.json,1,1512.524321362296,"[""currencyservice""]",1,
0,1,1,0.0,0.6666666666666666,0.8,results/main/amber/service/online_boutique/currencyservice_delay_run2.json,2,1685.549484718407,online_boutique,0.0,0.0,0.0,0.0,0.0,0.0,0,342.9749763341872,currencyservice_delay,service,0,1,1,0.0,0.6666666666666666,0.8,results/ablation/no_ar/service/online_boutique/currencyservice_delay_run2.json,2,1342.5745083842198,"[""currencyservice""]",2,
1,1,1,1.0,1.0,1.0,results/main/amber/service/online_boutique/currencyservice_delay_run3.json,1,1768.461934400193,online_boutique,0.0,0.0,0.0,0.0,0.0,0.0,0,-41.48896439062264,currencyservice_delay,service,1,1,1,1.0,1.0,1.0,results/ablation/no_ar/service/online_boutique/currencyservice_delay_run3.json,1,1809.9508987908157,"[""currencyservice""]",3,
0,1,1,0.0,0.6666666666666666,0.8,results/main/amber/service/online_boutique/currencyservice_delay_run4.json,2,1087.9890328974427,online_boutique,0.0,0.0,0.0,0.0,0.3333333333333333,0.20000000000000007,-1,-75.11737768779722,currencyservice_delay,service,0,1,1,0.0,0.3333333333333333,0.6,results/ablation/no_ar/service/online_boutique/currencyservice_delay_run4.json,3,1163.10641058524,"[""currencyservice""]",4,
1,1,1,1.0,1.0,1.0,results/main/amber/service/online_boutique/currencyservice_delay_run5.json,1,1304.881102229522,online_boutique,0.0,0.0,0.0,0.0,0.0,0.0,0,-39.773092132638794,currencyservice_delay,service,1,1,1,1.0,1.0,1.0,results/ablation/no_ar/service/online_boutique/currencyservice_delay_run5.json,1,1344.6541943621608,"[""currencyservice""]",5,
0,1,1,0.0,0.6666666666666666,0.8,results/main/amber/service/online_boutique/currencyservice_loss_run1.json,2,503.9964940883545,online_boutique,0.0,0.0,0.0,0.0,0.3333333333333333,0.20000000000000007,-1,-73.50097862520937,currencyservice_loss,service,0,1,1,0.0,0.3333333333333333,0.6,results/ablation/no_ar/service/online_boutique/currencyservice_loss_run1.json,3,577.4974727135639,"[""currencyservice""]",1,
1,1,1,1.0,1.0,1.0,results/main/amber/service/online_boutique/currencyservice_loss_run2.json,1,712.8322199145628,online_boutique,0.0,0.0,0.0,0.0,0.0,0.0,0,-5.413527610413098,currencyservice_loss,service,1,1,1,1.0,1.0,1.0,results/ablation/no_ar/service/online_boutique/currencyservice_loss_run2.json,1,718.2457475249759,"[""currencyservice""]",2,
0,1,1,0.0,0.6666666666666666,0.8,results/main/amber/service/online_boutique/currencyservice_loss_run3.json,2,875.5782206733078,online_boutique,0.0,0.0,0.0,0.0,0.0,0.0,0,-1.7000191749408486,currencyservice_loss,service,0,1,1,0.0,0.6666666666666666,0.8,results/ablation/no_ar/service/online_boutique/currencyservice_loss_run3.json,2,877.2782398482486,"[""currencyservice""]",3,
1,1,1,1.0,1.0,1.0,results/main/amber/service/online_boutique/currencyservice_loss_run4.json,1,839.9632530507088,online_boutique,0.0,0.0,0.0,0.0,0.0,0.0,0,-26.892348561519043,currencyservice_loss,service,1,1,1,1.0,1.0,1.0,results/ablation/no_ar/service/online_boutique/currencyservice_loss_run4.json,1,866.8556016122278,"[""currencyservice""]",4,
0,1,1,0.0,0.6666666666666666,0.8,results/main/amber/service/online_boutique/currencyservice_loss_run5.json,2,820.4724279463771,online_boutique,0.0,0.0,0.0,0.0,0.0,0.0,0,-5.9703274250265395,currencyservice_loss,service,0,1,1,0.0,0.6666666666666666,0.8,results/ablation/no_ar/service/online_boutique/currencyservice_loss_run5.json,2,826.4427553714037,"[""currencyservice""]",5,
0,1,1,0.0,0.6666666666666666,0.8,results/main/amber/service/online_boutique/currencyservice_mem_run1.json,2,2328.9452823663537,online_boutique,0.0,0.0,0.0,0.0,0.0,0.0,0,-176.77064745422786,currencyservice_mem,service,0,1,1,0.0,0.6666666666666666,0.8,results/ablation/no_ar/service/online_boutique/currencyservice_mem_run1.json,2,2505.7159298205816,"[""currencyservice""]",1,
1,1,1,1.0,1.0,1.0,results/main/amber/service/online_boutique/currencyservice_mem_run2.json,1,2333.195202721852,online_boutique,0.0,0.0,0.0,0.0,0.0,0.0,0,-189.2438905990116,currencyservice_mem,service,1,1,1,1.0,1.0,1.0,results/ablation/no_ar/service/online_boutique/currencyservice_mem_run2.json,1,2522.439093320864,"[""currencyservice""]",2,
0,1,1,0.0,0.6666666666666666,0.8,results/main/amber/service/online_boutique/currencyservice_mem_run3.json,2,1659.8691671172173,online_boutique,0.0,0.0,0.0,0.0,0.0,0.0,0,-145.70176542091667,currencyservice_mem,service,0,1,1,0.0,0.6666666666666666,0.8,results/ablation/no_ar/service/online_boutique/currencyservice_mem_run3.json,2,1805.570932538134,"[""currencyservice""]",3,
0,1,1,0.0,0.6666666666666666,0.8,results/main/amber/service/online_boutique/currencyservice_mem_run4.json,2,1697.0672611085631,online_boutique,0.0,0.0,0.0,0.0,0.0,0.0,0,-104.47303588406112,currencyservice_mem,service,0,1,1,0.0,0.6666666666666666,0.8,results/ablation/no_ar/service/online_boutique/currencyservice_mem_run4.json,2,1801.5402969926242,"[""currencyservice""]",4,
1,1,1,1.0,1.0,1.0,results/main/amber/service/online_boutique/currencyservice_mem_run5.json,1,1412.8414965726818,online_boutique,0.0,0.0,0.0,0.0,0.0,0.0,0,-70.88269378483892,currencyservice_mem,service,1,1,1,1.0,1.0,1.0,results/ablation/no_ar/service/online_boutique/currencyservice_mem_run5.json,1,1483.7241903575207,"[""currencyservice""]",5,
1,1,1,1.0,1.0,1.0,results/main/amber/service/online_boutique/paymentservice_cpu_run1.json,1,1541.5507373446553,online_boutique,0.0,0.0,0.0,0.0,0.0,0.0,0,-293.5159262256859,paymentservice_cpu,service,1,1,1,1.0,1.0,1.0,results/ablation/no_ar/service/online_boutique/paymentservice_cpu_run1.json,1,1835.0666635703412,"[""paymentservice""]",1,
1,1,1,1.0,1.0,1.0,results/main/amber/service/online_boutique/paymentservice_cpu_run2.json,1,1700.566985423273,online_boutique,0.0,0.0,0.0,0.0,0.0,0.0,0,-201.6508817238523,paymentservice_cpu,service,1,1,1,1.0,1.0,1.0,results/ablation/no_ar/service/online_boutique/paymentservice_cpu_run2.json,1,1902.2178671471254,"[""paymentservice""]",2,
0,1,1,0.0,0.6666666666666666,0.8,results/main/amber/service/online_boutique/paymentservice_cpu_run3.json,2,1791.2602774648858,online_boutique,-1.0,0.0,0.0,-1.0,-0.33333333333333337,-0.19999999999999996,1,-316.4853997051073,paymentservice_cpu,service,1,1,1,1.0,1.0,1.0,results/ablation/no_ar/service/online_boutique/paymentservice_cpu_run3.json,1,2107.745677169993,"[""paymentservice""]",3,
0,1,1,0.0,0.6666666666666666,0.8,results/main/amber/service/online_boutique/paymentservice_cpu_run4.json,2,1453.0797137832099,online_boutique,0.0,0.0,0.0,0.0,0.0,0.0,0,-315.3254327215625,paymentservice_cpu,service,0,1,1,0.0,0.6666666666666666,0.8,results/ablation/no_ar/service/online_boutique/paymentservice_cpu_run4.json,2,1768.4051465047723,"[""paymentservice""]",4,
1,1,1,1.0,1.0,1.0,results/main/amber/service/online_boutique/paymentservice_cpu_run5.json,1,913.0548394697768,online_boutique,0.0,0.0,0.0,0.0,0.0,0.0,0,-10.85460894296034,paymentservice_cpu,service,1,1,1,1.0,1.0,1.0,results/ablation/no_ar/service/online_boutique/paymentservice_cpu_run5.json,1,923.9094484127371,"[""paymentservice""]",5,
1,1,1,1.0,1.0,1.0,results/main/amber/service/online_boutique/paymentservice_delay_run1.json,1,1821.523233664815,online_boutique,0.0,0.0,0.0,0.0,0.0,0.0,0,-35.79693623504022,paymentservice_delay,service,1,1,1,1.0,1.0,1.0,results/ablation/no_ar/service/online_boutique/paymentservice_delay_run1.json,1,1857.3201698998553,"[""paymentservice""]",1,
0,1,1,0.0,0.6666666666666666,0.8,results/main/amber/service/online_boutique/paymentservice_delay_run2.json,2,1016.406461106561,online_boutique,0.0,0.0,0.0,0.0,0.0,0.0,0,-52.487385371701976,paymentservice_delay,service,0,1,1,0.0,0.6666666666666666,0.8,results/ablation/no_ar/service/online_boutique/paymentservice_delay_run2.json,2,1068.893846478263,"[""paymentservice""]",2,
0,1,1,0.0,0.6666666666666666,0.8,results/main/amber/service/online_boutique/paymentservice_delay_run3.json,2,928.4917399714165,online_boutique,0.0,0.0,0.0,0.0,0.0,0.0,0,-98.98241488095812,paymentservice_delay,service,0,1,1,0.0,0.6666666666666666,0.8,results/ablation/no_ar/service/online_boutique/paymentservice_delay_run3.json,2,1027.4741548523746,"[""paymentservice""]",3,
1,1,1,1.0,1.0,1.0,results/main/amber/service/online_boutique/paymentservice_delay_run4.json,1,921.253434264925,online_boutique,0.0,0.0,0.0,0.0,0.0,0.0,0,-186.71947961263493,paymentservice_delay,service,1,1,1,1.0,1.0,1.0,results/ablation/no_ar/service/online_boutique/paymentservice_delay_run4.json,1,1107.97291387756,"[""paymentservice""]",4,
1,1,1,1.0,1.0,1.0,results/main/amber/service/online_boutique/paymentservice_delay_run5.json,1,1772.6142284453808,online_boutique,0.0,0.0,0.0,0.0,0.0,0.0,0,-165.29201018251206,paymentservice_delay,service,1,1,1,1.0,1.0,1.0,results/ablation/no_ar/service/online_boutique/paymentservice_delay_run5.json,1,1937.906238627893,"[""paymentservice""]",5,
1,1,1,1.0,1.0,1.0,results/main/amber/service/online_boutique/paymentservice_loss_run1.json,1,1210.5477651544581,online_boutique,0.0,0.0,0.0,0.0,0.0,0.0,0,-31.32467367228469,paymentservice_loss,service,1,1,1,1.0,1.0,1.0,results/ablation/no_ar/service/online_boutique/paymentservice_loss_run1.json,1,1241.8724388267428,"[""paymentservice""]",1,
0,1,1,0.0,0.6666666666666666,0.8,results/main/amber/service/online_boutique/paymentservice_loss_run2.json,2,394.0313141175668,online_boutique,0.0,0.0,0.0,0.0,0.0,0.0,0,-193.36196336601859,paymentservice_loss,service,0,1,1,0.0,0.6666666666666666,0.8,results/ablation/no_ar/service/online_boutique/paymentservice_loss_run2.json,2,587.3932774835854,"[""paymentservice""]",2,
1,1,1,1.0,1.0,1.0,results/main/amber/service/online_boutique/paymentservice_loss_run3.json,1,535.0674421326089,online_boutique,0.0,0.0,0.0,0.0,0.0,0.0,0,-288.919274300903,paymentservice_loss,service,1,1,1,1.0,1.0,1.0,results/ablation/no_ar/service/online_boutique/paymentservice_loss_run3.json,1,823.9867164335119,"[""paymentservice""]",3,
1,1,1,1.0,1.0,1.0,results/main/amber/service/online_boutique/paymentservice_loss_run4.json,1,436.2507647810772,online_boutique,0.0,0.0,0.0,0.0,0.0,0.0,0,-94.90285449730885,paymentservice_loss,service,1,1,1,1.0,1.0,1.0,results/ablation/no_ar/service/online_boutique/paymentservice_loss_run4.json,1,531.153619278386,"[""paymentservice""]",4,
1,1,1,1.0,1.0,1.0,results/main/amber/service/online_boutique/paymentservice_loss_run5.json,1,412.82294730855773,online_boutique,0.0,0.0,0.0,0.0,0.0,0.0,0,-107.15128246242733,paymentservice_loss,service,1,1,1,1.0,1.0,1.0,results/ablation/no_ar/service/online_boutique/paymentservice_loss_run5.json,1,519.9742297709851,"[""paymentservice""]",5,
1,1,1,1.0,1.0,1.0,results/main/amber/service/online_boutique/paymentservice_mem_run1.json,1,3032.786083503588,online_boutique,0.0,0.0,0.0,0.0,0.0,0.0,0,-182.21991157924458,paymentservice_mem,service,1,1,1,1.0,1.0,1.0,results/ablation/no_ar/service/online_boutique/paymentservice_mem_run1.json,1,3215.0059950828327,"[""paymentservice""]",1,
0,1,1,0.0,0.3333333333333333,0.6,results/main/amber/service/online_boutique/paymentservice_mem_run2.json,3,2152.7918686164253,online_boutique,0.0,0.0,0.0,0.0,-0.3333333333333333,-0.20000000000000007,1,-303.2348848926531,paymentservice_mem,service,0,1,1,0.0,0.6666666666666666,0.8,results/ablation/no_ar/service/online_boutique/paymentservice_mem_run2.json,2,2456.0267535090784,"[""paymentservice""]",2,
0,1,1,0.0,0.6666666666666666,0.8,results/main/amber/service/online_boutique/paymentservice_mem_run3.json,2,2185.430987502884,online_boutique,-1.0,0.0,0.0,-1.0,-0.33333333333333337,-0.19999999999999996,1,-322.5337795835717,paymentservice_mem,service,1,1,1,1.0,1.0,1.0,results/ablation/no_ar/service/online_boutique/paymentservice_mem_run3.json,1,2507.9647670864556,"[""paymentservice""]",3,
0,1,1,0.0,0.6666666666666666,0.8,results/main/amber/service/online_boutique/paymentservice_mem_run4.json,2,2063.2804564936832,online_boutique,0.0,0.0,0.0,0.0,0.0,0.0,0,-226.54801947702754,paymentservice_mem,service,0,1,1,0.0,0.6666666666666666,0.8,results/ablation/no_ar/service/online_boutique/paymentservice_mem_run4.json,2,2289.8284759707108,"[""paymentservice""]",4,
0,1,1,0.0,0.6666666666666666,0.8,results/main/amber/service/online_boutique/paymentservice_mem_run5.json,2,2120.819747404246,online_boutique,0.0,0.0,0.0,0.0,0.0,0.0,0,-146.48412757685765,paymentservice_mem,service,0,1,1,0.0,0.6666666666666666,0.8,results/ablation/no_ar/service/online_boutique/paymentservice_mem_run5.json,2,2267.3038749811035,"[""paymentservice""]",5,
0,1,1,0.0,0.6666666666666666,0.8,results/main/amber/service/online_boutique/productcatalogservice_cpu_run1.json,2,1501.472541989505,online_boutique,0.0,0.0,0.0,0.0,0.0,0.0,0,-264.8969994565391,productcatalogservice_cpu,service,0,1,1,0.0,0.6666666666666666,0.8,results/ablation/no_ar/service/online_boutique/productcatalogservice_cpu_run1.json,2,1766.3695414460442,"[""productcatalogservice""]",1,
1,1,1,1.0,1.0,1.0,results/main/amber/service/online_boutique/productcatalogservice_cpu_run2.json,1,1641.4068242819237,online_boutique,0.0,0.0,0.0,0.0,0.0,0.0,0,-255.72395756742594,productcatalogservice_cpu,service,1,1,1,1.0,1.0,1.0,results/ablation/no_ar/service/online_boutique/productcatalogservice_cpu_run2.json,1,1897.1307818493497,"[""productcatalogservice""]",2,
0,1,1,0.0,0.6666666666666666,0.8,results/main/amber/service/online_boutique/productcatalogservice_cpu_run3.json,2,1309.0167479579454,online_boutique,0.0,0.0,0.0,0.0,0.0,0.0,0,-3.8521278512500885,productcatalogservice_cpu,service,0,1,1,0.0,0.6666666666666666,0.8,results/ablation/no_ar/service/online_boutique/productcatalogservice_cpu_run3.json,2,1312.8688758091955,"[""productcatalogservice""]",3,
1,1,1,1.0,1.0,1.0,results/main/amber/service/online_boutique/productcatalogservice_cpu_run4.json,1,1622.9074619733717,online_boutique,0.0,0.0,0.0,0.0,0.0,0.0,0,-162.35878115312994,productcatalogservice_cpu,service,1,1,1,1.0,1.0,1.0,results/ablation/no_ar/service/online_boutique/productcatalogservice_cpu_run4.json,1,1785.2662431265016,"[""productcatalogservice""]",4,
1,1,1,1.0,1.0,1.0,results/main/amber/service/online_boutique/productcatalogservice_cpu_run5.json,1,1053.0944716147053,online_boutique,0.0,0.0,0.0,0.0,0.0,0.0,0,-95.78082686369862,productcatalogservice_cpu,service,1,1,1,1.0,1.0,1.0,results/ablation/no_ar/service/online_boutique/productcatalogservice_cpu_run5.json,1,1148.875298478404,"[""productcatalogservice""]",5,
1,1,1,1.0,1.0,1.0,results/main/amber/service/online_boutique/productcatalogservice_delay_run1.json,1,1714.1714210491798,online_boutique,1.0,0.0,0.0,1.0,0.33333333333333337,0.19999999999999996,-1,235.15662158010628,productcatalogservice_delay,service,0,1,1,0.0,0.6666666666666666,0.8,results/ablation/no_ar/service/online_boutique/productcatalogservice_delay_run1.json,2,1479.0147994690735,"[""productcatalogservice""]",1,
1,1,1,1.0,1.0,1.0,results/main/amber/service/online_boutique/productcatalogservice_delay_run2.json,1,2063.028664724929,online_boutique,0.0,0.0,0.0,0.0,0.0,0.0,0,250.04881292533423,productcatalogservice_delay,service,1,1,1,1.0,1.0,1.0,results/ablation/no_ar/service/online_boutique/productcatalogservice_delay_run2.json,1,1812.9798517995948,"[""productcatalogservice""]",2,
1,1,1,1.0,1.0,1.0,results/main/amber/service/online_boutique/productcatalogservice_delay_run3.json,1,1641.6231614450523,online_boutique,0.0,0.0,0.0,0.0,0.0,0.0,0,17.564304060646464,productcatalogservice_delay,service,1,1,1,1.0,1.0,1.0,results/ablation/no_ar/service/online_boutique/productcatalogservice_delay_run3.json,1,1624.0588573844059,"[""productcatalogservice""]",3,
1,1,1,1.0,1.0,1.0,results/main/amber/service/online_boutique/productcatalogservice_delay_run4.json,1,2174.3210361011875,online_boutique,0.0,0.0,0.0,0.0,0.0,0.0,0,-6.226591785046367,productcatalogservice_delay,service,1,1,1,1.0,1.0,1.0,results/ablation/no_ar/service/online_boutique/productcatalogservice_delay_run4.json,1,2180.547627886234,"[""productcatalogservice""]",4,
1,1,1,1.0,1.0,1.0,results/main/amber/service/online_boutique/productcatalogservice_delay_run5.json,1,2143.4979968580024,online_boutique,0.0,0.0,0.0,0.0,0.0,0.0,0,-15.027400868038967,productcatalogservice_delay,service,1,1,1,1.0,1.0,1.0,results/ablation/no_ar/service/online_boutique/productcatalogservice_delay_run5.json,1,2158.5253977260413,"[""productcatalogservice""]",5,
0,1,1,0.0,0.6666666666666666,0.8,results/main/amber/service/online_boutique/productcatalogservice_loss_run1.json,2,816.6161366815337,online_boutique,0.0,0.0,0.0,0.0,0.0,0.0,0,-183.6455948429424,productcatalogservice_loss,service,0,1,1,0.0,0.6666666666666666,0.8,results/ablation/no_ar/service/online_boutique/productcatalogservice_loss_run1.json,2,1000.2617315244761,"[""productcatalogservice""]",1,
0,0,1,0.0,0.0,0.4,results/main/amber/service/online_boutique/productcatalogservice_loss_run2.json,4,645.1423458482501,online_boutique,0.0,0.0,0.0,0.0,0.0,0.0,0,-59.10401133972732,productcatalogservice_loss,service,0,0,1,0.0,0.0,0.4,results/ablation/no_ar/service/online_boutique/productcatalogservice_loss_run2.json,4,704.2463571879774,"[""productcatalogservice""]",2,
0,0,0,0.0,0.0,0.0,results/main/amber/service/online_boutique/productcatalogservice_loss_run3.json,6,540.7077674613747,online_boutique,0.0,0.0,0.0,0.0,0.0,0.0,0,-66.15990266373308,productcatalogservice_loss,service,0,0,0,0.0,0.0,0.0,results/ablation/no_ar/service/online_boutique/productcatalogservice_loss_run3.json,6,606.8676701251078,"[""productcatalogservice""]",3,
0,1,1,0.0,0.3333333333333333,0.6,results/main/amber/service/online_boutique/productcatalogservice_loss_run4.json,3,994.3747477557871,online_boutique,0.0,0.0,0.0,0.0,0.0,0.0,0,-13.378191143947788,productcatalogservice_loss,service,0,1,1,0.0,0.3333333333333333,0.6,results/ablation/no_ar/service/online_boutique/productcatalogservice_loss_run4.json,3,1007.7529388997349,"[""productcatalogservice""]",4,
0,0,1,0.0,0.0,0.4,results/main/amber/service/online_boutique/productcatalogservice_loss_run5.json,4,585.0260381294262,online_boutique,0.0,0.0,0.0,0.0,0.0,0.2,-1,-67.60290758155884,productcatalogservice_loss,service,0,0,1,0.0,0.0,0.2,results/ablation/no_ar/service/online_boutique/productcatalogservice_loss_run5.json,5,652.628945710985,"[""productcatalogservice""]",5,
0,1,1,0.0,0.6666666666666666,0.8,results/main/amber/service/online_boutique/productcatalogservice_mem_run1.json,2,2352.1369636754757,online_boutique,0.0,0.0,0.0,0.0,0.0,0.0,0,-162.22712454316024,productcatalogservice_mem,service,0,1,1,0.0,0.6666666666666666,0.8,results/ablation/no_ar/service/online_boutique/productcatalogservice_mem_run1.json,2,2514.364088218636,"[""productcatalogservice""]",1,
0,1,1,0.0,0.6666666666666666,0.8,results/main/amber/service/online_boutique/productcatalogservice_mem_run2.json,2,2363.5753083567565,online_boutique,0.0,0.0,0.0,0.0,0.0,0.0,0,159.2068876551557,productcatalogservice_mem,service,0,1,1,0.0,0.6666666666666666,0.8,results/ablation/no_ar/service/online_boutique/productcatalogservice_mem_run2.json,2,2204.368420701601,"[""productcatalogservice""]",2,
0,1,1,0.0,0.6666666666666666,0.8,results/main/amber/service/online_boutique/productcatalogservice_mem_run3.json,2,2431.97262463621,online_boutique,0.0,0.0,0.0,0.0,0.0,0.0,0,43.18573238572071,productcatalogservice_mem,service,0,1,1,0.0,0.6666666666666666,0.8,results/ablation/no_ar/service/online_boutique/productcatalogservice_mem_run3.json,2,2388.7868922504895,"[""productcatalogservice""]",3,
0,1,1,0.0,0.6666666666666666,0.8,results/main/amber/service/online_boutique/productcatalogservice_mem_run4.json,2,2185.0823632547394,online_boutique,0.0,0.0,0.0,0.0,0.0,0.0,0,95.92268344296053,productcatalogservice_mem,service,0,1,1,0.0,0.6666666666666666,0.8,results/ablation/no_ar/service/online_boutique/productcatalogservice_mem_run4.json,2,2089.159679811779,"[""productcatalogservice""]",4,
0,1,1,0.0,0.3333333333333333,0.6,results/main/amber/service/online_boutique/productcatalogservice_mem_run5.json,3,2247.3300492295098,online_boutique,0.0,0.0,0.0,0.0,0.0,0.0,0,-201.3152503674337,productcatalogservice_mem,service,0,1,1,0.0,0.3333333333333333,0.6,results/ablation/no_ar/service/online_boutique/productcatalogservice_mem_run5.json,3,2448.6452995969435,"[""productcatalogservice""]",5,
1,1,1,1.0,1.0,1.0,results/main/amber/service/sock_shop/carts_cpu_run1.json,1,1102.9044381319547,sock_shop,0.0,0.0,0.0,0.0,0.0,0.0,0,-226.07582540839462,carts_cpu,service,1,1,1,1.0,1.0,1.0,results/ablation/no_ar/service/sock_shop/carts_cpu_run1.json,1,1328.9802635403494,"[""carts""]",1,
1,1,1,1.0,1.0,1.0,results/main/amber/service/sock_shop/carts_cpu_run2.json,1,1166.7352146720843,sock_shop,0.0,0.0,0.0,0.0,0.0,0.0,0,-192.19254489722425,carts_cpu,service,1,1,1,1.0,1.0,1.0,results/ablation/no_ar/service/sock_shop/carts_cpu_run2.json,1,1358.9277595693086,"[""carts""]",2,
1,1,1,1.0,1.0,1.0,results/main/amber/service/sock_shop/carts_cpu_run3.json,1,1287.732007040108,sock_shop,0.0,0.0,0.0,0.0,0.0,0.0,0,-106.4169723779853,carts_cpu,service,1,1,1,1.0,1.0,1.0,results/ablation/no_ar/service/sock_shop/carts_cpu_run3.json,1,1394.1489794180934,"[""carts""]",3,
1,1,1,1.0,1.0,1.0,results/main/amber/service/sock_shop/carts_cpu_run4.json,1,1272.1624200477956,sock_shop,0.0,0.0,0.0,0.0,0.0,0.0,0,-227.86452634414673,carts_cpu,service,1,1,1,1.0,1.0,1.0,results/ablation/no_ar/service/sock_shop/carts_cpu_run4.json,1,1500.0269463919424,"[""carts""]",4,
1,1,1,1.0,1.0,1.0,results/main/amber/service/sock_shop/carts_cpu_run5.json,1,1259.8569817630298,sock_shop,0.0,0.0,0.0,0.0,0.0,0.0,0,27.41753944086713,carts_cpu,service,1,1,1,1.0,1.0,1.0,results/ablation/no_ar/service/sock_shop/carts_cpu_run5.json,1,1232.4394423221627,"[""carts""]",5,
1,1,1,1.0,1.0,1.0,results/main/amber/service/sock_shop/carts_delay_run1.json,1,2232.668481653434,sock_shop,0.0,0.0,0.0,0.0,0.0,0.0,0,-95.3938538845764,carts_delay,service,1,1,1,1.0,1.0,1.0,results/ablation/no_ar/service/sock_shop/carts_delay_run1.json,1,2328.0623355380103,"[""carts""]",1,
1,1,1,1.0,1.0,1.0,results/main/amber/service/sock_shop/carts_delay_run2.json,1,2097.895660777714,sock_shop,0.0,0.0,0.0,0.0,0.0,0.0,0,-267.35645027016653,carts_delay,service,1,1,1,1.0,1.0,1.0,results/ablation/no_ar/service/sock_shop/carts_delay_run2.json,1,2365.2521110478806,"[""carts""]",2,
1,1,1,1.0,1.0,1.0,results/main/amber/service/sock_shop/carts_delay_run3.json,1,1202.7143331297227,sock_shop,1.0,0.0,0.0,1.0,0.33333333333333337,0.19999999999999996,-1,-141.06835951783728,carts_delay,service,0,1,1,0.0,0.6666666666666666,0.8,results/ablation/no_ar/service/sock_shop/carts_delay_run3.json,2,1343.78269264756,"[""carts""]",3,
1,1,1,1.0,1.0,1.0,results/main/amber/service/sock_shop/carts_delay_run4.json,1,2064.6235750163137,sock_shop,0.0,0.0,0.0,0.0,0.0,0.0,0,-279.5223666141492,carts_delay,service,1,1,1,1.0,1.0,1.0,results/ablation/no_ar/service/sock_shop/carts_delay_run4.json,1,2344.145941630463,"[""carts""]",4,
1,1,1,1.0,1.0,1.0,results/main/amber/service/sock_shop/carts_delay_run5.json,1,1330.2048736164668,sock_shop,0.0,0.0,0.0,0.0,0.0,0.0,0,35.19117042035805,carts_delay,service,1,1,1,1.0,1.0,1.0,results/ablation/no_ar/service/sock_shop/carts_delay_run5.json,1,1295.0137031961087,"[""carts""]",5,
1,1,1,1.0,1.0,1.0,results/main/amber/service/sock_shop/carts_loss_run1.json,1,1068.5790655706776,sock_shop,0.0,0.0,0.0,0.0,0.0,0.0,0,-201.16695807849328,carts_loss,service,1,1,1,1.0,1.0,1.0,results/ablation/no_ar/service/sock_shop/carts_loss_run1.json,1,1269.7460236491709,"[""carts""]",1,
1,1,1,1.0,1.0,1.0,results/main/amber/service/sock_shop/carts_loss_run2.json,1,1347.054450063124,sock_shop,0.0,0.0,0.0,0.0,0.0,0.0,0,-143.89219853246254,carts_loss,service,1,1,1,1.0,1.0,1.0,results/ablation/no_ar/service/sock_shop/carts_loss_run2.json,1,1490.9466485955866,"[""carts""]",2,
0,1,1,0.0,0.6666666666666666,0.8,results/main/amber/service/sock_shop/carts_loss_run3.json,2,1132.8792330189217,sock_shop,0.0,0.0,0.0,0.0,0.0,0.0,0,7.545658331963978,carts_loss,service,0,1,1,0.0,0.6666666666666666,0.8,results/ablation/no_ar/service/sock_shop/carts_loss_run3.json,2,1125.3335746869577,"[""carts""]",3,
1,1,1,1.0,1.0,1.0,results/main/amber/service/sock_shop/carts_loss_run4.json,1,1300.1822680418009,sock_shop,0.0,0.0,0.0,0.0,0.0,0.0,0,-194.36210070953825,carts_loss,service,1,1,1,1.0,1.0,1.0,results/ablation/no_ar/service/sock_shop/carts_loss_run4.json,1,1494.544368751339,"[""carts""]",4,
1,1,1,1.0,1.0,1.0,results/main/amber/service/sock_shop/carts_loss_run5.json,1,1173.3901276105728,sock_shop,1.0,0.0,0.0,1.0,0.33333333333333337,0.19999999999999996,-1,273.53815277298656,carts_loss,service,0,1,1,0.0,0.6666666666666666,0.8,results/ablation/no_ar/service/sock_shop/carts_loss_run5.json,2,899.8519748375862,"[""carts""]",5,
1,1,1,1.0,1.0,1.0,results/main/amber/service/sock_shop/carts_mem_run1.json,1,3486.8012965530856,sock_shop,0.0,0.0,0.0,0.0,0.0,0.0,0,-30.00286339826107,carts_mem,service,1,1,1,1.0,1.0,1.0,results/ablation/no_ar/service/sock_shop/carts_mem_run1.json,1,3516.8041599513467,"[""carts""]",1,
1,1,1,1.0,1.0,1.0,results/main/amber/service/sock_shop/carts_mem_run2.json,1,3476.6695244757543,sock_shop,0.0,0.0,0.0,0.0,0.0,0.0,0,-26.560456135273398,carts_mem,service,1,1,1,1.0,1.0,1.0,results/ablation/no_ar/service/sock_shop/carts_mem_run2.json,1,3503.2299806110277,"[""carts""]",2,
1,1,1,1.0,1.0,1.0,results/main/amber/service/sock_shop/carts_mem_run3.json,1,2999.3893607116784,sock_shop,0.0,0.0,0.0,0.0,0.0,0.0,0,-87.13054675505191,carts_mem,service,1,1,1,1.0,1.0,1.0,results/ablation/no_ar/service/sock_shop/carts_mem_run3.json,1,3086.5199074667303,"[""carts""]",3,
1,1,1,1.0,1.0,1.0,results/main/amber/service/sock_shop/carts_mem_run4.json,1,3450.167304783039,sock_shop,0.0,0.0,0.0,0.0,0.0,0.0,0,-29.804894935317407,carts_mem,service,1,1,1,1.0,1.0,1.0,results/ablation/no_ar/service/sock_shop/carts_mem_run4.json,1,3479.9721997183565,"[""carts""]",4,
1,1,1,1.0,1.0,1.0,results/main/amber/service/sock_shop/carts_mem_run5.json,1,2995.993139997028,sock_shop,0.0,0.0,0.0,0.0,0.0,0.0,0,-92.88542162573503,carts_mem,service,1,1,1,1.0,1.0,1.0,results/ablation/no_ar/service/sock_shop/carts_mem_run5.json,1,3088.878561622763,"[""carts""]",5,
1,1,1,1.0,1.0,1.0,results/main/amber/service/sock_shop/catalogue_cpu_run1.json,1,2309.323534338861,sock_shop,0.0,0.0,0.0,0.0,0.0,0.0,0,-116.20765995772581,catalogue_cpu,service,1,1,1,1.0,1.0,1.0,results/ablation/no_ar/service/sock_shop/catalogue_cpu_run1.json,1,2425.531194296587,"[""catalogue""]",1,
1,1,1,1.0,1.0,1.0,results/main/amber/service/sock_shop/catalogue_cpu_run2.json,1,1906.611676252972,sock_shop,0.0,0.0,0.0,0.0,0.0,0.0,0,-151.21521084198253,catalogue_cpu,service,1,1,1,1.0,1.0,1.0,results/ablation/no_ar/service/sock_shop/catalogue_cpu_run2.json,1,2057.8268870949546,"[""catalogue""]",2,
1,1,1,1.0,1.0,1.0,results/main/amber/service/sock_shop/catalogue_cpu_run3.json,1,1952.4534344498782,sock_shop,0.0,0.0,0.0,0.0,0.0,0.0,0,-105.16840806621963,catalogue_cpu,service,1,1,1,1.0,1.0,1.0,results/ablation/no_ar/service/sock_shop/catalogue_cpu_run3.json,1,2057.621842516098,"[""catalogue""]",3,
1,1,1,1.0,1.0,1.0,results/main/amber/service/sock_shop/catalogue_cpu_run4.json,1,1990.7940858850282,sock_shop,0.0,0.0,0.0,0.0,0.0,0.0,0,-245.924328215194,catalogue_cpu,service,1,1,1,1.0,1.0,1.0,results/ablation/no_ar/service/sock_shop/catalogue_cpu_run4.json,1,2236.718414100222,"[""catalogue""]",4,
1,1,1,1.0,1.0,1.0,results/main/amber/service/sock_shop/catalogue_cpu_run5.json,1,1795.1533992270895,sock_shop,0.0,0.0,0.0,0.0,0.0,0.0,0,-292.8482321691715,catalogue_cpu,service,1,1,1,1.0,1.0,1.0,results/ablation/no_ar/service/sock_shop/catalogue_cpu_run5.json,1,2088.001631396261,"[""catalogue""]",5,
1,1,1,1.0,1.0,1.0,results/main/amber/service/sock_shop/catalogue_delay_run1.json,1,2626.5734921047356,sock_shop,0.0,0.0,0.0,0.0,0.0,0.0,0,-260.3736291095747,catalogue_delay,service,1,1,1,1.0,1.0,1.0,results/ablation/no_ar/service/sock_shop/catalogue_delay_run1.json,1,2886.9471212143103,"[""catalogue""]",1,
1,1,1,1.0,1.0,1.0,results/main/amber/service/sock_shop/catalogue_delay_run2.json,1,1530.2968477751413,sock_shop,0.0,0.0,0.0,0.0,0.0,0.0,0,-29.17345923866378,catalogue_delay,service,1,1,1,1.0,1.0,1.0,results/ablation/no_ar/service/sock_shop/catalogue_delay_run2.json,1,1559.470307013805,"[""catalogue""]",2,
1,1,1,1.0,1.0,1.0,results/main/amber/service/sock_shop/catalogue_delay_run3.json,1,2443.9053638045284,sock_shop,0.0,0.0,0.0,0.0,0.0,0.0,0,65.94818154054701,catalogue_delay,service,1,1,1,1.0,1.0,1.0,results/ablation/no_ar/service/sock_shop/catalogue_delay_run3.json,1,2377.9571822639814,"[""catalogue""]",3,
1,1,1,1.0,1.0,1.0,results/main/amber/service/sock_shop/catalogue_delay_run4.json,1,1226.1276503313375,sock_shop,0.0,0.0,0.0,0.0,0.0,0.0,0,-76.7541512610901,catalogue_delay,service,1,1,1,1.0,1.0,1.0,results/ablation/no_ar/service/sock_shop/catalogue_delay_run4.json,1,1302.8818015924276,"[""catalogue""]",4,
1,1,1,1.0,1.0,1.0,results/main/amber/service/sock_shop/catalogue_delay_run5.json,1,2235.0586241511505,sock_shop,0.0,0.0,0.0,0.0,0.0,0.0,0,-117.20465071302442,catalogue_delay,service,1,1,1,1.0,1.0,1.0,results/ablation/no_ar/service/sock_shop/catalogue_delay_run5.json,1,2352.263274864175,"[""catalogue""]",5,
1,1,1,1.0,1.0,1.0,results/main/amber/service/sock_shop/catalogue_loss_run1.json,1,2909.0748351481907,sock_shop,0.0,0.0,0.0,0.0,0.0,0.0,0,111.12514099651162,catalogue_loss,service,1,1,1,1.0,1.0,1.0,results/ablation/no_ar/service/sock_shop/catalogue_loss_run1.json,1,2797.949694151679,"[""catalogue""]",1,
1,1,1,1.0,1.0,1.0,results/main/amber/service/sock_shop/catalogue_loss_run2.json,1,1622.9957163691467,sock_shop,0.0,0.0,0.0,0.0,0.0,0.0,0,-137.1566755804406,catalogue_loss,service,1,1,1,1.0,1.0,1.0,results/ablation/no_ar/service/sock_shop/catalogue_loss_run2.json,1,1760.1523919495874,"[""catalogue""]",2,
1,1,1,1.0,1.0,1.0,results/main/amber/service/sock_shop/catalogue_loss_run3.json,1,1522.6585224184073,sock_shop,0.0,0.0,0.0,0.0,0.0,0.0,0,-45.31805440257108,catalogue_loss,service,1,1,1,1.0,1.0,1.0,results/ablation/no_ar/service/sock_shop/catalogue_loss_run3.json,1,1567.9765768209784,"[""catalogue""]",3,
1,1,1,1.0,1.0,1.0,results/main/amber/service/sock_shop/catalogue_loss_run4.json,1,1478.250739934353,sock_shop,0.0,0.0,0.0,0.0,0.0,0.0,0,-196.1974287800624,catalogue_loss,service,1,1,1,1.0,1.0,1.0,results/ablation/no_ar/service/sock_shop/catalogue_loss_run4.json,1,1674.4481687144155,"[""catalogue""]",4,
1,1,1,1.0,1.0,1.0,results/main/amber/service/sock_shop/catalogue_loss_run5.json,1,1463.3154031849092,sock_shop,0.0,0.0,0.0,0.0,0.0,0.0,0,30.968234952670173,catalogue_loss,service,1,1,1,1.0,1.0,1.0,results/ablation/no_ar/service/sock_shop/catalogue_loss_run5.json,1,1432.347168232239,"[""catalogue""]",5,
1,1,1,1.0,1.0,1.0,results/main/amber/service/sock_shop/catalogue_mem_run1.json,1,4255.9182659627095,sock_shop,0.0,0.0,0.0,0.0,0.0,0.0,0,-32.39357210621347,catalogue_mem,service,1,1,1,1.0,1.0,1.0,results/ablation/no_ar/service/sock_shop/catalogue_mem_run1.json,1,4288.311838068923,"[""catalogue""]",1,
1,1,1,1.0,1.0,1.0,results/main/amber/service/sock_shop/catalogue_mem_run2.json,1,4161.671874143881,sock_shop,0.0,0.0,0.0,0.0,0.0,0.0,0,-34.63475626323816,catalogue_mem,service,1,1,1,1.0,1.0,1.0,results/ablation/no_ar/service/sock_shop/catalogue_mem_run2.json,1,4196.306630407119,"[""catalogue""]",2,
1,1,1,1.0,1.0,1.0,results/main/amber/service/sock_shop/catalogue_mem_run3.json,1,3771.147251067448,sock_shop,0.0,0.0,0.0,0.0,0.0,0.0,0,-97.34539119060355,catalogue_mem,service,1,1,1,1.0,1.0,1.0,results/ablation/no_ar/service/sock_shop/catalogue_mem_run3.json,1,3868.4926422580515,"[""catalogue""]",3,
1,1,1,1.0,1.0,1.0,results/main/amber/service/sock_shop/catalogue_mem_run4.json,1,4048.2174995315727,sock_shop,0.0,0.0,0.0,0.0,0.0,0.0,0,-32.79255254744339,catalogue_mem,service,1,1,1,1.0,1.0,1.0,results/ablation/no_ar/service/sock_shop/catalogue_mem_run4.json,1,4081.010052079016,"[""catalogue""]",4,
1,1,1,1.0,1.0,1.0,results/main/amber/service/sock_shop/catalogue_mem_run5.json,1,3244.3578538380402,sock_shop,0.0,0.0,0.0,0.0,0.0,0.0,0,-133.8381816270139,catalogue_mem,service,1,1,1,1.0,1.0,1.0,results/ablation/no_ar/service/sock_shop/catalogue_mem_run5.json,1,3378.196035465054,"[""catalogue""]",5,
1,1,1,1.0,1.0,1.0,results/main/amber/service/sock_shop/orders_cpu_run1.json,1,631.7327090156627,sock_shop,0.0,0.0,0.0,0.0,0.0,0.0,0,-325.45981249497754,orders_cpu,service,1,1,1,1.0,1.0,1.0,results/ablation/no_ar/service/sock_shop/orders_cpu_run1.json,1,957.1925215106403,"[""orders""]",1,
0,1,1,0.0,0.6666666666666666,0.8,results/main/amber/service/sock_shop/orders_cpu_run2.json,2,570.8478017951492,sock_shop,-1.0,0.0,0.0,-1.0,-0.33333333333333337,-0.19999999999999996,1,-347.32552827449547,orders_cpu,service,1,1,1,1.0,1.0,1.0,results/ablation/no_ar/service/sock_shop/orders_cpu_run2.json,1,918.1733300696446,"[""orders""]",2,
1,1,1,1.0,1.0,1.0,results/main/amber/service/sock_shop/orders_cpu_run3.json,1,1013.4706596976231,sock_shop,0.0,0.0,0.0,0.0,0.0,0.0,0,-231.26210925551948,orders_cpu,service,1,1,1,1.0,1.0,1.0,results/ablation/no_ar/service/sock_shop/orders_cpu_run3.json,1,1244.7327689531426,"[""orders""]",3,
1,1,1,1.0,1.0,1.0,results/main/amber/service/sock_shop/orders_cpu_run4.json,1,545.2966818058293,sock_shop,0.0,0.0,0.0,0.0,0.0,0.0,0,-318.65941731526505,orders_cpu,service,1,1,1,1.0,1.0,1.0,results/ablation/no_ar/service/sock_shop/orders_cpu_run4.json,1,863.9560991210943,"[""orders""]",4,
1,1,1,1.0,1.0,1.0,results/main/amber/service/sock_shop/orders_cpu_run5.json,1,1026.992315860978,sock_shop,0.0,0.0,0.0,0.0,0.0,0.0,0,-164.78952690326219,orders_cpu,service,1,1,1,1.0,1.0,1.0,results/ablation/no_ar/service/sock_shop/orders_cpu_run5.json,1,1191.78184276424,"[""orders""]",5,
1,1,1,1.0,1.0,1.0,results/main/amber/service/sock_shop/orders_delay_run1.json,1,2409.8668920885875,sock_shop,0.0,0.0,0.0,0.0,0.0,0.0,0,161.93075677239995,orders_delay,service,1,1,1,1.0,1.0,1.0,results/ablation/no_ar/service/sock_shop/orders_delay_run1.json,1,2247.9361353161876,"[""orders""]",1,
1,1,1,1.0,1.0,1.0,results/main/amber/service/sock_shop/orders_delay_run2.json,1,1489.5814047345796,sock_shop,0.0,0.0,0.0,0.0,0.0,0.0,0,-237.7973467634256,orders_delay,service,1,1,1,1.0,1.0,1.0,results/ablation/no_ar/service/sock_shop/orders_delay_run2.json,1,1727.3787514980052,"[""orders""]",2,
1,1,1,1.0,1.0,1.0,results/main/amber/service/sock_shop/orders_delay_run3.json,1,2243.847391352649,sock_shop,0.0,0.0,0.0,0.0,0.0,0.0,0,727.863940304102,orders_delay,service,1,1,1,1.0,1.0,1.0,results/ablation/no_ar/service/sock_shop/orders_delay_run3.json,1,1515.983451048547,"[""orders""]",3,
1,1,1,1.0,1.0,1.0,results/main/amber/service/sock_shop/orders_delay_run4.json,1,1422.586115481082,sock_shop,0.0,0.0,0.0,0.0,0.0,0.0,0,-253.31538749962192,orders_delay,service,1,1,1,1.0,1.0,1.0,results/ablation/no_ar/service/sock_shop/orders_delay_run4.json,1,1675.901502980704,"[""orders""]",4,
1,1,1,1.0,1.0,1.0,results/main/amber/service/sock_shop/orders_delay_run5.json,1,1616.1860848851113,sock_shop,0.0,0.0,0.0,0.0,0.0,0.0,0,106.47941276645724,orders_delay,service,1,1,1,1.0,1.0,1.0,results/ablation/no_ar/service/sock_shop/orders_delay_run5.json,1,1509.706672118654,"[""orders""]",5,
1,1,1,1.0,1.0,1.0,results/main/amber/service/sock_shop/orders_loss_run1.json,1,3672.6930107051394,sock_shop,0.0,0.0,0.0,0.0,0.0,0.0,0,-13.996811008273198,orders_loss,service,1,1,1,1.0,1.0,1.0,results/ablation/no_ar/service/sock_shop/orders_loss_run1.json,1,3686.6898217134126,"[""orders""]",1,
1,1,1,1.0,1.0,1.0,results/main/amber/service/sock_shop/orders_loss_run2.json,1,3088.400471198797,sock_shop,0.0,0.0,0.0,0.0,0.0,0.0,0,-39.67113297905507,orders_loss,service,1,1,1,1.0,1.0,1.0,results/ablation/no_ar/service/sock_shop/orders_loss_run2.json,1,3128.071604177852,"[""orders""]",2,
1,1,1,1.0,1.0,1.0,results/main/amber/service/sock_shop/orders_loss_run3.json,1,3179.071395164243,sock_shop,0.0,0.0,0.0,0.0,0.0,0.0,0,-90.03336698096655,orders_loss,service,1,1,1,1.0,1.0,1.0,results/ablation/no_ar/service/sock_shop/orders_loss_run3.json,1,3269.1047621452094,"[""orders""]",3,
1,1,1,1.0,1.0,1.0,results/main/amber/service/sock_shop/orders_loss_run4.json,1,2893.318808777474,sock_shop,0.0,0.0,0.0,0.0,0.0,0.0,0,-266.81541765633165,orders_loss,service,1,1,1,1.0,1.0,1.0,results/ablation/no_ar/service/sock_shop/orders_loss_run4.json,1,3160.1342264338055,"[""orders""]",4,
1,1,1,1.0,1.0,1.0,results/main/amber/service/sock_shop/orders_loss_run5.json,1,3122.311940942758,sock_shop,0.0,0.0,0.0,0.0,0.0,0.0,0,20.110456663180685,orders_loss,service,1,1,1,1.0,1.0,1.0,results/ablation/no_ar/service/sock_shop/orders_loss_run5.json,1,3102.2014842795775,"[""orders""]",5,
1,1,1,1.0,1.0,1.0,results/main/amber/service/sock_shop/orders_mem_run1.json,1,3077.769636251018,sock_shop,0.0,0.0,0.0,0.0,0.0,0.0,0,-120.43127994442648,orders_mem,service,1,1,1,1.0,1.0,1.0,results/ablation/no_ar/service/sock_shop/orders_mem_run1.json,1,3198.2009161954443,"[""orders""]",1,
1,1,1,1.0,1.0,1.0,results/main/amber/service/sock_shop/orders_mem_run2.json,1,3108.3362682959414,sock_shop,0.0,0.0,0.0,0.0,0.0,0.0,0,-73.53573840845638,orders_mem,service,1,1,1,1.0,1.0,1.0,results/ablation/no_ar/service/sock_shop/orders_mem_run2.json,1,3181.872006704398,"[""orders""]",2,
1,1,1,1.0,1.0,1.0,results/main/amber/service/sock_shop/orders_mem_run3.json,1,3769.762329593958,sock_shop,0.0,0.0,0.0,0.0,0.0,0.0,0,-84.44267525240639,orders_mem,service,1,1,1,1.0,1.0,1.0,results/ablation/no_ar/service/sock_shop/orders_mem_run3.json,1,3854.2050048463643,"[""orders""]",3,
1,1,1,1.0,1.0,1.0,results/main/amber/service/sock_shop/orders_mem_run4.json,1,3219.2701915775956,sock_shop,0.0,0.0,0.0,0.0,0.0,0.0,0,-34.16327760487775,orders_mem,service,1,1,1,1.0,1.0,1.0,results/ablation/no_ar/service/sock_shop/orders_mem_run4.json,1,3253.4334691824733,"[""orders""]",4,
1,1,1,1.0,1.0,1.0,results/main/amber/service/sock_shop/orders_mem_run5.json,1,3125.296873753355,sock_shop,0.0,0.0,0.0,0.0,0.0,0.0,0,-141.0223338416008,orders_mem,service,1,1,1,1.0,1.0,1.0,results/ablation/no_ar/service/sock_shop/orders_mem_run5.json,1,3266.319207594956,"[""orders""]",5,
1,1,1,1.0,1.0,1.0,results/main/amber/service/sock_shop/payment_cpu_run1.json,1,1934.9989744932925,sock_shop,0.0,0.0,0.0,0.0,0.0,0.0,0,-105.65559336997967,payment_cpu,service,1,1,1,1.0,1.0,1.0,results/ablation/no_ar/service/sock_shop/payment_cpu_run1.json,1,2040.6545678632722,"[""payment""]",1,
1,1,1,1.0,1.0,1.0,results/main/amber/service/sock_shop/payment_cpu_run2.json,1,1964.267793449898,sock_shop,0.0,0.0,0.0,0.0,0.0,0.0,0,-92.13989879118935,payment_cpu,service,1,1,1,1.0,1.0,1.0,results/ablation/no_ar/service/sock_shop/payment_cpu_run2.json,1,2056.4076922410873,"[""payment""]",2,
1,1,1,1.0,1.0,1.0,results/main/amber/service/sock_shop/payment_cpu_run3.json,1,1681.8509619252247,sock_shop,0.0,0.0,0.0,0.0,0.0,0.0,0,-339.274880556095,payment_cpu,service,1,1,1,1.0,1.0,1.0,results/ablation/no_ar/service/sock_shop/payment_cpu_run3.json,1,2021.1258424813198,"[""payment""]",3,
1,1,1,1.0,1.0,1.0,results/main/amber/service/sock_shop/payment_cpu_run4.json,1,1905.8240052205886,sock_shop,0.0,0.0,0.0,0.0,0.0,0.0,0,-257.19957858336625,payment_cpu,service,1,1,1,1.0,1.0,1.0,results/ablation/no_ar/service/sock_shop/payment_cpu_run4.json,1,2163.023583803955,"[""payment""]",4,
1,1,1,1.0,1.0,1.0,results/main/amber/service/sock_shop/payment_cpu_run5.json,1,1186.1827097035016,sock_shop,0.0,0.0,0.0,0.0,0.0,0.0,0,-32.933273626084656,payment_cpu,service,1,1,1,1.0,1.0,1.0,results/ablation/no_ar/service/sock_shop/payment_cpu_run5.json,1,1219.1159833295862,"[""payment""]",5,
1,1,1,1.0,1.0,1.0,results/main/amber/service/sock_shop/payment_delay_run1.json,1,1508.8700026487252,sock_shop,0.0,0.0,0.0,0.0,0.0,0.0,0,-128.55919547813755,payment_delay,service,1,1,1,1.0,1.0,1.0,results/ablation/no_ar/service/sock_shop/payment_delay_run1.json,1,1637.4291981268627,"[""payment""]",1,
1,1,1,1.0,1.0,1.0,results/main/amber/service/sock_shop/payment_delay_run2.json,1,1501.5640071371533,sock_shop,0.0,0.0,0.0,0.0,0.0,0.0,0,-122.22741291319653,payment_delay,service,1,1,1,1.0,1.0,1.0,results/ablation/no_ar/service/sock_shop/payment_delay_run2.json,1,1623.7914200503499,"[""payment""]",2,
0,1,1,0.0,0.6666666666666666,0.8,results/main/amber/service/sock_shop/payment_delay_run3.json,2,657.9258498393039,sock_shop,0.0,0.0,0.0,0.0,0.0,0.0,0,-4.716488832089681,payment_delay,service,0,1,1,0.0,0.6666666666666666,0.8,results/ablation/no_ar/service/sock_shop/payment_delay_run3.json,2,662.6423386713935,"[""payment""]",3,
1,1,1,1.0,1.0,1.0,results/main/amber/service/sock_shop/payment_delay_run4.json,1,1456.9131606470546,sock_shop,0.0,0.0,0.0,0.0,0.0,0.0,0,-183.9615856331293,payment_delay,service,1,1,1,1.0,1.0,1.0,results/ablation/no_ar/service/sock_shop/payment_delay_run4.json,1,1640.874746280184,"[""payment""]",4,
1,1,1,1.0,1.0,1.0,results/main/amber/service/sock_shop/payment_delay_run5.json,1,1368.9024404430231,sock_shop,1.0,0.0,0.0,1.0,0.33333333333333337,0.19999999999999996,-1,627.2753420669211,payment_delay,service,0,1,1,0.0,0.6666666666666666,0.8,results/ablation/no_ar/service/sock_shop/payment_delay_run5.json,2,741.627098376102,"[""payment""]",5,
0,1,1,0.0,0.3333333333333333,0.6,results/main/amber/service/sock_shop/payment_loss_run1.json,3,474.03533569464844,sock_shop,0.0,0.0,0.0,0.0,0.0,0.0,0,-1.7166773685714247,payment_loss,service,0,1,1,0.0,0.3333333333333333,0.6,results/ablation/no_ar/service/sock_shop/payment_loss_run1.json,3,475.75201306321986,"[""payment""]",1,
1,1,1,1.0,1.0,1.0,results/main/amber/service/sock_shop/payment_loss_run2.json,1,415.2563926583827,sock_shop,1.0,0.0,0.0,1.0,0.6666666666666667,0.4,-2,-4.594720721346448,payment_loss,service,0,1,1,0.0,0.3333333333333333,0.6,results/ablation/no_ar/service/sock_shop/payment_loss_run2.json,3,419.85111337972916,"[""payment""]",2,
1,1,1,1.0,1.0,1.0,results/main/amber/service/sock_shop/payment_loss_run3.json,1,691.7900913493207,sock_shop,0.0,0.0,0.0,0.0,0.0,0.0,0,-119.67025626567886,payment_loss,service,1,1,1,1.0,1.0,1.0,results/ablation/no_ar/service/sock_shop/payment_loss_run3.json,1,811.4603476149996,"[""payment""]",3,
0,1,1,0.0,0.6666666666666666,0.8,results/main/amber/service/sock_shop/payment_loss_run4.json,2,376.41791511099126,sock_shop,0.0,0.0,0.0,0.0,0.0,0.0,0,-135.78229158448363,payment_loss,service,0,1,1,0.0,0.6666666666666666,0.8,results/ablation/no_ar/service/sock_shop/payment_loss_run4.json,2,512.2002066954749,"[""payment""]",4,
0,1,1,0.0,0.6666666666666666,0.8,results/main/amber/service/sock_shop/payment_loss_run5.json,2,328.5680223677591,sock_shop,0.0,0.0,0.0,0.0,0.3333333333333333,0.20000000000000007,-1,-29.346105993067397,payment_loss,service,0,1,1,0.0,0.3333333333333333,0.6,results/ablation/no_ar/service/sock_shop/payment_loss_run5.json,3,357.9141283608265,"[""payment""]",5,
1,1,1,1.0,1.0,1.0,results/main/amber/service/sock_shop/payment_mem_run1.json,1,4528.966243905921,sock_shop,0.0,0.0,0.0,0.0,0.0,0.0,0,-10.453619250182783,payment_mem,service,1,1,1,1.0,1.0,1.0,results/ablation/no_ar/service/sock_shop/payment_mem_run1.json,1,4539.419863156104,"[""payment""]",1,
1,1,1,1.0,1.0,1.0,results/main/amber/service/sock_shop/payment_mem_run2.json,1,4385.441405685521,sock_shop,0.0,0.0,0.0,0.0,0.0,0.0,0,-36.290721502462475,payment_mem,service,1,1,1,1.0,1.0,1.0,results/ablation/no_ar/service/sock_shop/payment_mem_run2.json,1,4421.732127187984,"[""payment""]",2,
1,1,1,1.0,1.0,1.0,results/main/amber/service/sock_shop/payment_mem_run3.json,1,3331.7004785878635,sock_shop,0.0,0.0,0.0,0.0,0.0,0.0,0,-113.87765242207797,payment_mem,service,1,1,1,1.0,1.0,1.0,results/ablation/no_ar/service/sock_shop/payment_mem_run3.json,1,3445.5781310099414,"[""payment""]",3,
1,1,1,1.0,1.0,1.0,results/main/amber/service/sock_shop/payment_mem_run4.json,1,4447.331838122891,sock_shop,0.0,0.0,0.0,0.0,0.0,0.0,0,-37.05428953898809,payment_mem,service,1,1,1,1.0,1.0,1.0,results/ablation/no_ar/service/sock_shop/payment_mem_run4.json,1,4484.386127661879,"[""payment""]",4,
1,1,1,1.0,1.0,1.0,results/main/amber/service/sock_shop/payment_mem_run5.json,1,3691.165014331853,sock_shop,0.0,0.0,0.0,0.0,0.0,0.0,0,-114.05756391311434,payment_mem,service,1,1,1,1.0,1.0,1.0,results/ablation/no_ar/service/sock_shop/payment_mem_run5.json,1,3805.2225782449673,"[""payment""]",5,
1,1,1,1.0,1.0,1.0,results/main/amber/service/sock_shop/user_cpu_run1.json,1,1850.3908817559175,sock_shop,0.0,0.0,0.0,0.0,0.0,0.0,0,-119.54492409677914,user_cpu,service,1,1,1,1.0,1.0,1.0,results/ablation/no_ar/service/sock_shop/user_cpu_run1.json,1,1969.9358058526966,"[""user""]",1,
1,1,1,1.0,1.0,1.0,results/main/amber/service/sock_shop/user_cpu_run2.json,1,1737.7550905392188,sock_shop,0.0,0.0,0.0,0.0,0.0,0.0,0,-112.24355618953996,user_cpu,service,1,1,1,1.0,1.0,1.0,results/ablation/no_ar/service/sock_shop/user_cpu_run2.json,1,1849.9986467287588,"[""user""]",2,
1,1,1,1.0,1.0,1.0,results/main/amber/service/sock_shop/user_cpu_run3.json,1,1620.2271623182041,sock_shop,0.0,0.0,0.0,0.0,0.0,0.0,0,-173.80112188357703,user_cpu,service,1,1,1,1.0,1.0,1.0,results/ablation/no_ar/service/sock_shop/user_cpu_run3.json,1,1794.0282842017812,"[""user""]",3,
1,1,1,1.0,1.0,1.0,results/main/amber/service/sock_shop/user_cpu_run4.json,1,1872.9908389827422,sock_shop,0.0,0.0,0.0,0.0,0.0,0.0,0,-98.1482968599812,user_cpu,service,1,1,1,1.0,1.0,1.0,results/ablation/no_ar/service/sock_shop/user_cpu_run4.json,1,1971.1391358427234,"[""user""]",4,
1,1,1,1.0,1.0,1.0,results/main/amber/service/sock_shop/user_cpu_run5.json,1,2134.339526881097,sock_shop,0.0,0.0,0.0,0.0,0.0,0.0,0,-112.72906454380563,user_cpu,service,1,1,1,1.0,1.0,1.0,results/ablation/no_ar/service/sock_shop/user_cpu_run5.json,1,2247.0685914249025,"[""user""]",5,
1,1,1,1.0,1.0,1.0,results/main/amber/service/sock_shop/user_delay_run1.json,1,2809.43555598565,sock_shop,0.0,0.0,0.0,0.0,0.0,0.0,0,-148.04567171897088,user_delay,service,1,1,1,1.0,1.0,1.0,results/ablation/no_ar/service/sock_shop/user_delay_run1.json,1,2957.481227704621,"[""user""]",1,
1,1,1,1.0,1.0,1.0,results/main/amber/service/sock_shop/user_delay_run2.json,1,2278.229545885977,sock_shop,0.0,0.0,0.0,0.0,0.0,0.0,0,-203.19827004391163,user_delay,service,1,1,1,1.0,1.0,1.0,results/ablation/no_ar/service/sock_shop/user_delay_run2.json,1,2481.4278159298888,"[""user""]",2,
0,1,1,0.0,0.6666666666666666,0.8,results/main/amber/service/sock_shop/user_delay_run3.json,2,1278.8402795366476,sock_shop,-1.0,0.0,0.0,-1.0,-0.33333333333333337,-0.19999999999999996,1,-196.35494893615987,user_delay,service,1,1,1,1.0,1.0,1.0,results/ablation/no_ar/service/sock_shop/user_delay_run3.json,1,1475.1952284728075,"[""user""]",3,
1,1,1,1.0,1.0,1.0,results/main/amber/service/sock_shop/user_delay_run4.json,1,2588.7621154062836,sock_shop,0.0,0.0,0.0,0.0,0.0,0.0,0,-237.24573149209573,user_delay,service,1,1,1,1.0,1.0,1.0,results/ablation/no_ar/service/sock_shop/user_delay_run4.json,1,2826.0078468983793,"[""user""]",4,
1,1,1,1.0,1.0,1.0,results/main/amber/service/sock_shop/user_delay_run5.json,1,1287.2294575038784,sock_shop,0.0,0.0,0.0,0.0,0.0,0.0,0,-115.71862121327035,user_delay,service,1,1,1,1.0,1.0,1.0,results/ablation/no_ar/service/sock_shop/user_delay_run5.json,1,1402.9480787171487,"[""user""]",5,
1,1,1,1.0,1.0,1.0,results/main/amber/service/sock_shop/user_loss_run1.json,1,1369.128273836607,sock_shop,0.0,0.0,0.0,0.0,0.0,0.0,0,-96.59076494157716,user_loss,service,1,1,1,1.0,1.0,1.0,results/ablation/no_ar/service/sock_shop/user_loss_run1.json,1,1465.719038778184,"[""user""]",1,
1,1,1,1.0,1.0,1.0,results/main/amber/service/sock_shop/user_loss_run2.json,1,1678.1510944053252,sock_shop,0.0,0.0,0.0,0.0,0.0,0.0,0,-189.32546904436253,user_loss,service,1,1,1,1.0,1.0,1.0,results/ablation/no_ar/service/sock_shop/user_loss_run2.json,1,1867.4765634496878,"[""user""]",2,
0,1,1,0.0,0.6666666666666666,0.8,results/main/amber/service/sock_shop/user_loss_run3.json,2,898.3406111639273,sock_shop,0.0,0.0,0.0,0.0,0.0,0.0,0,-13.889528768399146,user_loss,service,0,1,1,0.0,0.6666666666666666,0.8,results/ablation/no_ar/service/sock_shop/user_loss_run3.json,2,912.2301399323264,"[""user""]",3,
0,1,1,0.0,0.6666666666666666,0.8,results/main/amber/service/sock_shop/user_loss_run4.json,2,1628.4143596541223,sock_shop,0.0,0.0,0.0,0.0,0.0,0.0,0,-32.784869802685535,user_loss,service,0,1,1,0.0,0.6666666666666666,0.8,results/ablation/no_ar/service/sock_shop/user_loss_run4.json,2,1661.1992294568079,"[""user""]",4,
1,1,1,1.0,1.0,1.0,results/main/amber/service/sock_shop/user_loss_run5.json,1,1391.514050568293,sock_shop,0.0,0.0,0.0,0.0,0.0,0.0,0,11.048887701457488,user_loss,service,1,1,1,1.0,1.0,1.0,results/ablation/no_ar/service/sock_shop/user_loss_run5.json,1,1380.4651628668355,"[""user""]",5,
1,1,1,1.0,1.0,1.0,results/main/amber/service/sock_shop/user_mem_run1.json,1,4298.050725031141,sock_shop,0.0,0.0,0.0,0.0,0.0,0.0,0,-36.70492424087752,user_mem,service,1,1,1,1.0,1.0,1.0,results/ablation/no_ar/service/sock_shop/user_mem_run1.json,1,4334.755649272019,"[""user""]",1,
1,1,1,1.0,1.0,1.0,results/main/amber/service/sock_shop/user_mem_run2.json,1,3904.7179988428784,sock_shop,0.0,0.0,0.0,0.0,0.0,0.0,0,-71.32569509741279,user_mem,service,1,1,1,1.0,1.0,1.0,results/ablation/no_ar/service/sock_shop/user_mem_run2.json,1,3976.043693940291,"[""user""]",2,
1,1,1,1.0,1.0,1.0,results/main/amber/service/sock_shop/user_mem_run3.json,1,4072.2961175288706,sock_shop,0.0,0.0,0.0,0.0,0.0,0.0,0,-33.036914198930845,user_mem,service,1,1,1,1.0,1.0,1.0,results/ablation/no_ar/service/sock_shop/user_mem_run3.json,1,4105.333031727801,"[""user""]",3,
1,1,1,1.0,1.0,1.0,results/main/amber/service/sock_shop/user_mem_run4.json,1,3402.2782888796514,sock_shop,0.0,0.0,0.0,0.0,0.0,0.0,0,-29.862722519116687,user_mem,service,1,1,1,1.0,1.0,1.0,results/ablation/no_ar/service/sock_shop/user_mem_run4.json,1,3432.141011398768,"[""user""]",4,
1,1,1,1.0,1.0,1.0,results/main/amber/service/sock_shop/user_mem_run5.json,1,2233.664320261739,sock_shop,0.0,0.0,0.0,0.0,0.0,0.0,0,-199.9965875924995,user_mem,service,1,1,1,1.0,1.0,1.0,results/ablation/no_ar/service/sock_shop/user_mem_run5.json,1,2433.6609078542383,"[""user""]",5,
0,0,1,0.0,0.0,0.4,results/main/amber/service/train_ticket/ts-auth-service_cpu_run1.json,4,744.0918679816092,train_ticket,0.0,-1.0,0.0,0.0,-0.6666666666666666,-0.4,2,-598.4903436703108,ts-auth-service_cpu,service,0,1,1,0.0,0.6666666666666666,0.8,results/ablation/no_ar/service/train_ticket/ts-auth-service_cpu_run1.json,2,1342.58221165192,"[""ts-auth-service""]",1,
0,0,0,0.0,0.0,0.0,results/main/amber/service/train_ticket/ts-auth-service_cpu_run2.json,13,427.59723777154704,train_ticket,-1.0,-1.0,-1.0,-1.0,-1.0,-1.0,12,-880.8719646809104,ts-auth-service_cpu,service,1,1,1,1.0,1.0,1.0,results/ablation/no_ar/service/train_ticket/ts-auth-service_cpu_run2.json,1,1308.4692024524575,"[""ts-auth-service""]",2,
0,0,0,0.0,0.0,0.0,results/main/amber/service/train_ticket/ts-auth-service_cpu_run3.json,6,351.40433599302486,train_ticket,-1.0,-1.0,-1.0,-1.0,-1.0,-1.0,5,-974.5056057674665,ts-auth-service_cpu,service,1,1,1,1.0,1.0,1.0,results/ablation/no_ar/service/train_ticket/ts-auth-service_cpu_run3.json,1,1325.9099417604914,"[""ts-auth-service""]",3,
1,1,1,1.0,1.0,1.0,results/main/amber/service/train_ticket/ts-auth-service_cpu_run4.json,1,921.4268861128279,train_ticket,0.0,0.0,0.0,0.0,0.0,0.0,0,-1130.6268026158828,ts-auth-service_cpu,service,1,1,1,1.0,1.0,1.0,results/ablation/no_ar/service/train_ticket/ts-auth-service_cpu_run4.json,1,2052.0536887287108,"[""ts-auth-service""]",4,
1,1,1,1.0,1.0,1.0,results/main/amber/service/train_ticket/ts-auth-service_cpu_run5.json,1,957.5353816357612,train_ticket,0.0,0.0,0.0,0.0,0.0,0.0,0,-959.1205478235835,ts-auth-service_cpu,service,1,1,1,1.0,1.0,1.0,results/ablation/no_ar/service/train_ticket/ts-auth-service_cpu_run5.json,1,1916.6559294593446,"[""ts-auth-service""]",5,
0,1,1,0.0,0.6666666666666666,0.8,results/main/amber/service/train_ticket/ts-auth-service_delay_run1.json,2,748.2128620047948,train_ticket,-1.0,0.0,0.0,-1.0,-0.33333333333333337,-0.19999999999999996,1,-296.6189149240794,ts-auth-service_delay,service,1,1,1,1.0,1.0,1.0,results/ablation/no_ar/service/train_ticket/ts-auth-service_delay_run1.json,1,1044.8317769288742,"[""ts-auth-service""]",1,
0,0,0,0.0,0.0,0.0,results/main/amber/service/train_ticket/ts-auth-service_delay_run2.json,17,376.247833475866,train_ticket,0.0,-1.0,-1.0,0.0,-0.6666666666666666,-0.8,15,-939.0010061478336,ts-auth-service_delay,service,0,1,1,0.0,0.6666666666666666,0.8,results/ablation/no_ar/service/train_ticket/ts-auth-service_delay_run2.json,2,1315.2488396236995,"[""ts-auth-service""]",2,
0,0,1,0.0,0.0,0.2,results/main/amber/service/train_ticket/ts-auth-service_delay_run3.json,5,387.15636479368044,train_ticket,0.0,-1.0,0.0,0.0,-0.6666666666666666,-0.6000000000000001,3,-720.0575745558563,ts-auth-service_delay,service,0,1,1,0.0,0.6666666666666666,0.8,results/ablation/no_ar/service/train_ticket/ts-auth-service_delay_run3.json,2,1107.2139393495368,"[""ts-auth-service""]",3,
0,1,1,0.0,0.3333333333333333,0.6,results/main/amber/service/train_ticket/ts-auth-service_delay_run4.json,3,700.0614223044377,train_ticket,0.0,0.0,0.0,0.0,0.0,0.0,0,-861.8620495762925,ts-auth-service_delay,service,0,1,1,0.0,0.3333333333333333,0.6,results/ablation/no_ar/service/train_ticket/ts-auth-service_delay_run4.json,3,1561.9234718807302,"[""ts-auth-service""]",4,
1,1,1,1.0,1.0,1.0,results/main/amber/service/train_ticket/ts-auth-service_delay_run5.json,1,539.1159168557839,train_ticket,0.0,0.0,0.0,0.0,0.0,0.0,0,-742.1065237504123,ts-auth-service_delay,service,1,1,1,1.0,1.0,1.0,results/ablation/no_ar/service/train_ticket/ts-auth-service_delay_run5.json,1,1281.2224406061962,"[""ts-auth-service""]",5,
0,1,1,0.0,0.3333333333333333,0.6,results/main/amber/service/train_ticket/ts-auth-service_loss_run1.json,3,507.81937548355216,train_ticket,0.0,0.0,0.0,0.0,-0.3333333333333333,-0.20000000000000007,1,-794.4841418217093,ts-auth-service_loss,service,0,1,1,0.0,0.6666666666666666,0.8,results/ablation/no_ar/service/train_ticket/ts-auth-service_loss_run1.json,2,1302.3035173052615,"[""ts-auth-service""]",1,
0,0,0,0.0,0.0,0.0,results/main/amber/service/train_ticket/ts-auth-service_loss_run2.json,8,496.6017871500672,train_ticket,-1.0,-1.0,-1.0,-1.0,-1.0,-1.0,7,-413.7101625316496,ts-auth-service_loss,service,1,1,1,1.0,1.0,1.0,results/ablation/no_ar/service/train_ticket/ts-auth-service_loss_run2.json,1,910.3119496817168,"[""ts-auth-service""]",2,
0,1,1,0.0,0.6666666666666666,0.8,results/main/amber/service/train_ticket/ts-auth-service_loss_run3.json,2,719.857791356615,train_ticket,-1.0,0.0,0.0,-1.0,-0.33333333333333337,-0.19999999999999996,1,-327.695657437431,ts-auth-service_loss,service,1,1,1,1.0,1.0,1.0,results/ablation/no_ar/service/train_ticket/ts-auth-service_loss_run3.json,1,1047.553448794046,"[""ts-auth-service""]",3,
0,0,0,0.0,0.0,0.0,results/main/amber/service/train_ticket/ts-auth-service_loss_run4.json,20,276.577851473729,train_ticket,0.0,0.0,-1.0,0.0,0.0,-0.4,16,-562.0664208649484,ts-auth-service_loss,service,0,0,1,0.0,0.0,0.4,results/ablation/no_ar/service/train_ticket/ts-auth-service_loss_run4.json,4,838.6442723386775,"[""ts-auth-service""]",4,
0,0,0,0.0,0.0,0.0,results/main/amber/service/train_ticket/ts-auth-service_loss_run5.json,19,299.026521506137,train_ticket,-1.0,-1.0,-1.0,-1.0,-1.0,-1.0,18,-619.4298910159677,ts-auth-service_loss,service,1,1,1,1.0,1.0,1.0,results/ablation/no_ar/service/train_ticket/ts-auth-service_loss_run5.json,1,918.4564125221046,"[""ts-auth-service""]",5,
0,1,1,0.0,0.6666666666666666,0.8,results/main/amber/service/train_ticket/ts-auth-service_mem_run1.json,2,2107.48275379752,train_ticket,0.0,0.0,0.0,0.0,0.0,0.0,0,-899.8939947537538,ts-auth-service_mem,service,0,1,1,0.0,0.6666666666666666,0.8,results/ablation/no_ar/service/train_ticket/ts-auth-service_mem_run1.json,2,3007.376748551274,"[""ts-auth-service""]",1,
1,1,1,1.0,1.0,1.0,results/main/amber/service/train_ticket/ts-auth-service_mem_run2.json,1,1008.5923513531449,train_ticket,0.0,0.0,0.0,0.0,0.0,0.0,0,-859.8498646040854,ts-auth-service_mem,service,1,1,1,1.0,1.0,1.0,results/ablation/no_ar/service/train_ticket/ts-auth-service_mem_run2.json,1,1868.4422159572302,"[""ts-auth-service""]",2,
0,1,1,0.0,0.3333333333333333,0.6,results/main/amber/service/train_ticket/ts-auth-service_mem_run3.json,3,1987.9913150951882,train_ticket,0.0,0.0,0.0,0.0,-0.3333333333333333,-0.20000000000000007,1,-880.5507462784178,ts-auth-service_mem,service,0,1,1,0.0,0.6666666666666666,0.8,results/ablation/no_ar/service/train_ticket/ts-auth-service_mem_run3.json,2,2868.542061373606,"[""ts-auth-service""]",3,
1,1,1,1.0,1.0,1.0,results/main/amber/service/train_ticket/ts-auth-service_mem_run4.json,1,2039.651842785686,train_ticket,0.0,0.0,0.0,0.0,0.0,0.0,0,-632.2445845216305,ts-auth-service_mem,service,1,1,1,1.0,1.0,1.0,results/ablation/no_ar/service/train_ticket/ts-auth-service_mem_run4.json,1,2671.8964273073166,"[""ts-auth-service""]",4,
1,1,1,1.0,1.0,1.0,results/main/amber/service/train_ticket/ts-auth-service_mem_run5.json,1,1851.2337001774558,train_ticket,0.0,0.0,0.0,0.0,0.0,0.0,0,-880.4902279410362,ts-auth-service_mem,service,1,1,1,1.0,1.0,1.0,results/ablation/no_ar/service/train_ticket/ts-auth-service_mem_run5.json,1,2731.723928118492,"[""ts-auth-service""]",5,
1,1,1,1.0,1.0,1.0,results/main/amber/service/train_ticket/ts-order-service_cpu_run1.json,1,641.6346134486157,train_ticket,0.0,0.0,0.0,0.0,0.0,0.0,0,-694.7580143899575,ts-order-service_cpu,service,1,1,1,1.0,1.0,1.0,results/ablation/no_ar/service/train_ticket/ts-order-service_cpu_run1.json,1,1336.3926278385732,"[""ts-order-service""]",1,
0,1,1,0.0,0.3333333333333333,0.6,results/main/amber/service/train_ticket/ts-order-service_cpu_run2.json,3,1116.753554963606,train_ticket,0.0,0.0,0.0,0.0,-0.3333333333333333,-0.20000000000000007,1,-811.6362114154888,ts-order-service_cpu,service,0,1,1,0.0,0.6666666666666666,0.8,results/ablation/no_ar/service/train_ticket/ts-order-service_cpu_run2.json,2,1928.3897663790947,"[""ts-order-service""]",2,
1,1,1,1.0,1.0,1.0,results/main/amber/service/train_ticket/ts-order-service_cpu_run3.json,1,750.6178589786191,train_ticket,0.0,0.0,0.0,0.0,0.0,0.0,0,-771.4218431560826,ts-order-service_cpu,service,1,1,1,1.0,1.0,1.0,results/ablation/no_ar/service/train_ticket/ts-order-service_cpu_run3.json,1,1522.0397021347017,"[""ts-order-service""]",3,
1,1,1,1.0,1.0,1.0,results/main/amber/service/train_ticket/ts-order-service_cpu_run4.json,1,883.1918733689193,train_ticket,0.0,0.0,0.0,0.0,0.0,0.0,0,-765.5405956134745,ts-order-service_cpu,service,1,1,1,1.0,1.0,1.0,results/ablation/no_ar/service/train_ticket/ts-order-service_cpu_run4.json,1,1648.7324689823938,"[""ts-order-service""]",4,
1,1,1,1.0,1.0,1.0,results/main/amber/service/train_ticket/ts-order-service_cpu_run5.json,1,654.7576206611557,train_ticket,0.0,0.0,0.0,0.0,0.0,0.0,0,-897.2396095906486,ts-order-service_cpu,service,1,1,1,1.0,1.0,1.0,results/ablation/no_ar/service/train_ticket/ts-order-service_cpu_run5.json,1,1551.9972302518042,"[""ts-order-service""]",5,
1,1,1,1.0,1.0,1.0,results/main/amber/service/train_ticket/ts-order-service_delay_run1.json,1,1625.8883036358548,train_ticket,1.0,0.0,0.0,1.0,0.33333333333333337,0.19999999999999996,-1,-306.2671888488719,ts-order-service_delay,service,0,1,1,0.0,0.6666666666666666,0.8,results/ablation/no_ar/service/train_ticket/ts-order-service_delay_run1.json,2,1932.1554924847267,"[""ts-order-service""]",1,
0,1,1,0.0,0.3333333333333333,0.6,results/main/amber/service/train_ticket/ts-order-service_delay_run2.json,3,1432.981087356938,train_ticket,0.0,0.0,0.0,0.0,0.0,0.0,0,-493.15277775805953,ts-order-service_delay,service,0,1,1,0.0,0.3333333333333333,0.6,results/ablation/no_ar/service/train_ticket/ts-order-service_delay_run2.json,3,1926.1338651149974,"[""ts-order-service""]",2,
1,1,1,1.0,1.0,1.0,results/main/amber/service/train_ticket/ts-order-service_delay_run3.json,1,975.5660976127759,train_ticket,0.0,0.0,0.0,0.0,0.0,0.0,0,-737.2527252536835,ts-order-service_delay,service,1,1,1,1.0,1.0,1.0,results/ablation/no_ar/service/train_ticket/ts-order-service_delay_run3.json,1,1712.8188228664594,"[""ts-order-service""]",3,
0,1,1,0.0,0.6666666666666666,0.8,results/main/amber/service/train_ticket/ts-order-service_delay_run4.json,2,1276.2755211279264,train_ticket,-1.0,0.0,0.0,-1.0,-0.33333333333333337,-0.19999999999999996,1,-534.447702932632,ts-order-service_delay,service,1,1,1,1.0,1.0,1.0,results/ablation/no_ar/service/train_ticket/ts-order-service_delay_run4.json,1,1810.7232240605583,"[""ts-order-service""]",4,
1,1,1,1.0,1.0,1.0,results/main/amber/service/train_ticket/ts-order-service_delay_run5.json,1,3573.7581556628634,train_ticket,0.0,0.0,0.0,0.0,0.0,0.0,0,-399.7207225819693,ts-order-service_delay,service,1,1,1,1.0,1.0,1.0,results/ablation/no_ar/service/train_ticket/ts-order-service_delay_run5.json,1,3973.4788782448327,"[""ts-order-service""]",5,
1,1,1,1.0,1.0,1.0,results/main/amber/service/train_ticket/ts-order-service_loss_run1.json,1,3533.451721325826,train_ticket,0.0,0.0,0.0,0.0,0.0,0.0,0,-92.68555884531315,ts-order-service_loss,service,1,1,1,1.0,1.0,1.0,results/ablation/no_ar/service/train_ticket/ts-order-service_loss_run1.json,1,3626.137280171139,"[""ts-order-service""]",1,
1,1,1,1.0,1.0,1.0,results/main/amber/service/train_ticket/ts-order-service_loss_run2.json,1,3907.679658135184,train_ticket,0.0,0.0,0.0,0.0,0.0,0.0,0,-66.54032943364564,ts-order-service_loss,service,1,1,1,1.0,1.0,1.0,results/ablation/no_ar/service/train_ticket/ts-order-service_loss_run2.json,1,3974.2199875688298,"[""ts-order-service""]",2,
1,1,1,1.0,1.0,1.0,results/main/amber/service/train_ticket/ts-order-service_loss_run3.json,1,3447.2065806632404,train_ticket,0.0,0.0,0.0,0.0,0.0,0.0,0,-61.21912533035447,ts-order-service_loss,service,1,1,1,1.0,1.0,1.0,results/ablation/no_ar/service/train_ticket/ts-order-service_loss_run3.json,1,3508.425705993595,"[""ts-order-service""]",3,
1,1,1,1.0,1.0,1.0,results/main/amber/service/train_ticket/ts-order-service_loss_run4.json,1,3444.290281328043,train_ticket,0.0,0.0,0.0,0.0,0.0,0.0,0,-20.989576469376516,ts-order-service_loss,service,1,1,1,1.0,1.0,1.0,results/ablation/no_ar/service/train_ticket/ts-order-service_loss_run4.json,1,3465.2798577974195,"[""ts-order-service""]",4,
1,1,1,1.0,1.0,1.0,results/main/amber/service/train_ticket/ts-order-service_loss_run5.json,1,3353.1944003883787,train_ticket,0.0,0.0,0.0,0.0,0.0,0.0,0,-289.7509057608913,ts-order-service_loss,service,1,1,1,1.0,1.0,1.0,results/ablation/no_ar/service/train_ticket/ts-order-service_loss_run5.json,1,3642.94530614927,"[""ts-order-service""]",5,
1,1,1,1.0,1.0,1.0,results/main/amber/service/train_ticket/ts-order-service_mem_run1.json,1,1797.4674052815615,train_ticket,0.0,0.0,0.0,0.0,0.0,0.0,0,-188.55606548458718,ts-order-service_mem,service,1,1,1,1.0,1.0,1.0,results/ablation/no_ar/service/train_ticket/ts-order-service_mem_run1.json,1,1986.0234707661486,"[""ts-order-service""]",1,
1,1,1,1.0,1.0,1.0,results/main/amber/service/train_ticket/ts-order-service_mem_run2.json,1,2046.4459388329012,train_ticket,0.0,0.0,0.0,0.0,0.0,0.0,0,-290.12662357354134,ts-order-service_mem,service,1,1,1,1.0,1.0,1.0,results/ablation/no_ar/service/train_ticket/ts-order-service_mem_run2.json,1,2336.5725624064426,"[""ts-order-service""]",2,
0,1,1,0.0,0.6666666666666666,0.8,results/main/amber/service/train_ticket/ts-order-service_mem_run3.json,2,1619.7131663571665,train_ticket,0.0,0.0,0.0,0.0,0.0,0.0,0,-431.9444351360182,ts-order-service_mem,service,0,1,1,0.0,0.6666666666666666,0.8,results/ablation/no_ar/service/train_ticket/ts-order-service_mem_run3.json,2,2051.6576014931848,"[""ts-order-service""]",3,
1,1,1,1.0,1.0,1.0,results/main/amber/service/train_ticket/ts-order-service_mem_run4.json,1,1687.5465920307627,train_ticket,0.0,0.0,0.0,0.0,0.0,0.0,0,-618.7296439217796,ts-order-service_mem,service,1,1,1,1.0,1.0,1.0,results/ablation/no_ar/service/train_ticket/ts-order-service_mem_run4.json,1,2306.2762359525423,"[""ts-order-service""]",4,
1,1,1,1.0,1.0,1.0,results/main/amber/service/train_ticket/ts-order-service_mem_run5.json,1,1569.448503745299,train_ticket,0.0,0.0,0.0,0.0,0.0,0.0,0,-574.8853762948977,ts-order-service_mem,service,1,1,1,1.0,1.0,1.0,results/ablation/no_ar/service/train_ticket/ts-order-service_mem_run5.json,1,2144.3338800401966,"[""ts-order-service""]",5,
1,1,1,1.0,1.0,1.0,results/main/amber/service/train_ticket/ts-route-service_cpu_run1.json,1,1493.515313448958,train_ticket,0.0,0.0,0.0,0.0,0.0,0.0,0,-604.0790383793426,ts-route-service_cpu,service,1,1,1,1.0,1.0,1.0,results/ablation/no_ar/service/train_ticket/ts-route-service_cpu_run1.json,1,2097.5943518283007,"[""ts-route-service""]",1,
0,1,1,0.0,0.6666666666666666,0.8,results/main/amber/service/train_ticket/ts-route-service_cpu_run2.json,2,2016.405844173781,train_ticket,0.0,0.0,0.0,0.0,0.0,0.0,0,-359.6921201797784,ts-route-service_cpu,service,0,1,1,0.0,0.6666666666666666,0.8,results/ablation/no_ar/service/train_ticket/ts-route-service_cpu_run2.json,2,2376.0979643535593,"[""ts-route-service""]",2,
1,1,1,1.0,1.0,1.0,results/main/amber/service/train_ticket/ts-route-service_cpu_run3.json,1,1421.691084689766,train_ticket,0.0,0.0,0.0,0.0,0.0,0.0,0,-715.3093402205166,ts-route-service_cpu,service,1,1,1,1.0,1.0,1.0,results/ablation/no_ar/service/train_ticket/ts-route-service_cpu_run3.json,1,2137.0004249102826,"[""ts-route-service""]",3,
1,1,1,1.0,1.0,1.0,results/main/amber/service/train_ticket/ts-route-service_cpu_run4.json,1,1352.8790950218774,train_ticket,0.0,0.0,0.0,0.0,0.0,0.0,0,-626.0427492085989,ts-route-service_cpu,service,1,1,1,1.0,1.0,1.0,results/ablation/no_ar/service/train_ticket/ts-route-service_cpu_run4.json,1,1978.9218442304764,"[""ts-route-service""]",4,
1,1,1,1.0,1.0,1.0,results/main/amber/service/train_ticket/ts-route-service_cpu_run5.json,1,1385.4960549449308,train_ticket,0.0,0.0,0.0,0.0,0.0,0.0,0,-620.8860262661535,ts-route-service_cpu,service,1,1,1,1.0,1.0,1.0,results/ablation/no_ar/service/train_ticket/ts-route-service_cpu_run5.json,1,2006.3820812110844,"[""ts-route-service""]",5,
1,1,1,1.0,1.0,1.0,results/main/amber/service/train_ticket/ts-route-service_delay_run1.json,1,2164.167837200664,train_ticket,0.0,0.0,0.0,0.0,0.0,0.0,0,-308.847903874047,ts-route-service_delay,service,1,1,1,1.0,1.0,1.0,results/ablation/no_ar/service/train_ticket/ts-route-service_delay_run1.json,1,2473.015741074711,"[""ts-route-service""]",1,
1,1,1,1.0,1.0,1.0,results/main/amber/service/train_ticket/ts-route-service_delay_run2.json,1,2840.4396472737058,train_ticket,1.0,0.0,0.0,1.0,0.33333333333333337,0.19999999999999996,-1,-122.60474834920478,ts-route-service_delay,service,0,1,1,0.0,0.6666666666666666,0.8,results/ablation/no_ar/service/train_ticket/ts-route-service_delay_run2.json,2,2963.0443956229105,"[""ts-route-service""]",2,
1,1,1,1.0,1.0,1.0,results/main/amber/service/train_ticket/ts-route-service_delay_run3.json,1,2161.9971734901033,train_ticket,1.0,0.0,0.0,1.0,0.33333333333333337,0.19999999999999996,-1,-191.9179892952793,ts-route-service_delay,service,0,1,1,0.0,0.6666666666666666,0.8,results/ablation/no_ar/service/train_ticket/ts-route-service_delay_run3.json,2,2353.9151627853826,"[""ts-route-service""]",3,
1,1,1,1.0,1.0,1.0,results/main/amber/service/train_ticket/ts-route-service_delay_run4.json,1,1928.8814712833573,train_ticket,1.0,0.0,0.0,1.0,0.33333333333333337,0.19999999999999996,-1,-372.7473402442297,ts-route-service_delay,service,0,1,1,0.0,0.6666666666666666,0.8,results/ablation/no_ar/service/train_ticket/ts-route-service_delay_run4.json,2,2301.628811527587,"[""ts-route-service""]",4,
0,1,1,0.0,0.6666666666666666,0.8,results/main/amber/service/train_ticket/ts-route-service_delay_run5.json,2,2418.925378259924,train_ticket,0.0,0.0,0.0,0.0,0.3333333333333333,0.20000000000000007,-1,-142.78790586819923,ts-route-service_delay,service,0,1,1,0.0,0.3333333333333333,0.6,results/ablation/no_ar/service/train_ticket/ts-route-service_delay_run5.json,3,2561.713284128123,"[""ts-route-service""]",5,
0,1,1,0.0,0.6666666666666666,0.8,results/main/amber/service/train_ticket/ts-route-service_loss_run1.json,2,1474.7203985901958,train_ticket,0.0,1.0,0.0,0.0,0.6666666666666666,0.6000000000000001,-3,-297.20754802745637,ts-route-service_loss,service,0,0,1,0.0,0.0,0.2,results/ablation/no_ar/service/train_ticket/ts-route-service_loss_run1.json,5,1771.9279466176522,"[""ts-route-service""]",1,
0,0,1,0.0,0.0,0.4,results/main/amber/service/train_ticket/ts-route-service_loss_run2.json,4,1370.5783834990862,train_ticket,0.0,0.0,0.0,0.0,0.0,0.0,0,-301.1817149258552,ts-route-service_loss,service,0,0,1,0.0,0.0,0.4,results/ablation/no_ar/service/train_ticket/ts-route-service_loss_run2.json,4,1671.7600984249414,"[""ts-route-service""]",2,
0,1,1,0.0,0.3333333333333333,0.6,results/main/amber/service/train_ticket/ts-route-service_loss_run3.json,3,1632.3375687320197,train_ticket,0.0,1.0,1.0,0.0,0.3333333333333333,0.6,-3,-86.18151319335993,ts-route-service_loss,service,0,0,0,0.0,0.0,0.0,results/ablation/no_ar/service/train_ticket/ts-route-service_loss_run3.json,6,1718.5190819253796,"[""ts-route-service""]",3,
0,1,1,0.0,0.3333333333333333,0.6,results/main/amber/service/train_ticket/ts-route-service_loss_run4.json,3,3161.480249375439,train_ticket,0.0,1.0,0.0,0.0,0.3333333333333333,0.19999999999999996,-1,72.13307957320285,ts-route-service_loss,service,0,0,1,0.0,0.0,0.4,results/ablation/no_ar/service/train_ticket/ts-route-service_loss_run4.json,4,3089.3471698022363,"[""ts-route-service""]",4,
0,0,1,0.0,0.0,0.4,results/main/amber/service/train_ticket/ts-route-service_loss_run5.json,4,1170.5194209260883,train_ticket,0.0,0.0,1.0,0.0,0.0,0.4,-2,-48.755916501312186,ts-route-service_loss,service,0,0,0,0.0,0.0,0.0,results/ablation/no_ar/service/train_ticket/ts-route-service_loss_run5.json,6,1219.2753374274005,"[""ts-route-service""]",5,
1,1,1,1.0,1.0,1.0,results/main/amber/service/train_ticket/ts-route-service_mem_run1.json,1,2416.616380158292,train_ticket,0.0,0.0,0.0,0.0,0.0,0.0,0,-312.16719810105815,ts-route-service_mem,service,1,1,1,1.0,1.0,1.0,results/ablation/no_ar/service/train_ticket/ts-route-service_mem_run1.json,1,2728.78357825935,"[""ts-route-service""]",1,
1,1,1,1.0,1.0,1.0,results/main/amber/service/train_ticket/ts-route-service_mem_run2.json,1,2513.724036561766,train_ticket,0.0,0.0,0.0,0.0,0.0,0.0,0,-164.61937836239258,ts-route-service_mem,service,1,1,1,1.0,1.0,1.0,results/ablation/no_ar/service/train_ticket/ts-route-service_mem_run2.json,1,2678.3434149241584,"[""ts-route-service""]",2,
1,1,1,1.0,1.0,1.0,results/main/amber/service/train_ticket/ts-route-service_mem_run3.json,1,2388.959198152888,train_ticket,0.0,0.0,0.0,0.0,0.0,0.0,0,-404.8435676163522,ts-route-service_mem,service,1,1,1,1.0,1.0,1.0,results/ablation/no_ar/service/train_ticket/ts-route-service_mem_run3.json,1,2793.80276576924,"[""ts-route-service""]",3,
1,1,1,1.0,1.0,1.0,results/main/amber/service/train_ticket/ts-route-service_mem_run4.json,1,2058.1392532652244,train_ticket,0.0,0.0,0.0,0.0,0.0,0.0,0,-154.81242080273432,ts-route-service_mem,service,1,1,1,1.0,1.0,1.0,results/ablation/no_ar/service/train_ticket/ts-route-service_mem_run4.json,1,2212.9516740679587,"[""ts-route-service""]",4,
0,1,1,0.0,0.3333333333333333,0.6,results/main/amber/service/train_ticket/ts-route-service_mem_run5.json,3,2507.1944671690994,train_ticket,0.0,0.0,0.0,0.0,0.0,0.0,0,-67.27001079962383,ts-route-service_mem,service,0,1,1,0.0,0.3333333333333333,0.6,results/ablation/no_ar/service/train_ticket/ts-route-service_mem_run5.json,3,2574.4644779687233,"[""ts-route-service""]",5,
0,1,1,0.0,0.6666666666666666,0.8,results/main/amber/service/train_ticket/ts-train-service_cpu_run1.json,2,962.755233876013,train_ticket,0.0,0.0,0.0,0.0,0.0,0.0,0,-674.379166645043,ts-train-service_cpu,service,0,1,1,0.0,0.6666666666666666,0.8,results/ablation/no_ar/service/train_ticket/ts-train-service_cpu_run1.json,2,1637.134400521056,"[""ts-train-service""]",1,
1,1,1,1.0,1.0,1.0,results/main/amber/service/train_ticket/ts-train-service_cpu_run2.json,1,2035.3587383332208,train_ticket,0.0,0.0,0.0,0.0,0.0,0.0,0,-315.26066673235414,ts-train-service_cpu,service,1,1,1,1.0,1.0,1.0,results/ablation/no_ar/service/train_ticket/ts-train-service_cpu_run2.json,1,2350.619405065575,"[""ts-train-service""]",2,
1,1,1,1.0,1.0,1.0,results/main/amber/service/train_ticket/ts-train-service_cpu_run3.json,1,1760.429077273193,train_ticket,0.0,0.0,0.0,0.0,0.0,0.0,0,-413.4669071052108,ts-train-service_cpu,service,1,1,1,1.0,1.0,1.0,results/ablation/no_ar/service/train_ticket/ts-train-service_cpu_run3.json,1,2173.8959843784037,"[""ts-train-service""]",3,
1,1,1,1.0,1.0,1.0,results/main/amber/service/train_ticket/ts-train-service_cpu_run4.json,1,1386.031231628007,train_ticket,0.0,0.0,0.0,0.0,0.0,0.0,0,-745.7637930572987,ts-train-service_cpu,service,1,1,1,1.0,1.0,1.0,results/ablation/no_ar/service/train_ticket/ts-train-service_cpu_run4.json,1,2131.7950246853056,"[""ts-train-service""]",4,
0,1,1,0.0,0.6666666666666666,0.8,results/main/amber/service/train_ticket/ts-train-service_cpu_run5.json,2,1285.856409619121,train_ticket,0.0,0.0,0.0,0.0,0.0,0.0,0,-812.6030819357595,ts-train-service_cpu,service,0,1,1,0.0,0.6666666666666666,0.8,results/ablation/no_ar/service/train_ticket/ts-train-service_cpu_run5.json,2,2098.4594915548805,"[""ts-train-service""]",5,
1,1,1,1.0,1.0,1.0,results/main/amber/service/train_ticket/ts-train-service_delay_run1.json,1,2502.132761335273,train_ticket,0.0,0.0,0.0,0.0,0.0,0.0,0,-412.1747973175907,ts-train-service_delay,service,1,1,1,1.0,1.0,1.0,results/ablation/no_ar/service/train_ticket/ts-train-service_delay_run1.json,1,2914.3075586528635,"[""ts-train-service""]",1,
0,1,1,0.0,0.6666666666666666,0.8,results/main/amber/service/train_ticket/ts-train-service_delay_run2.json,2,3440.1342072918637,train_ticket,0.0,0.0,0.0,0.0,0.0,0.0,0,-373.5972802892279,ts-train-service_delay,service,0,1,1,0.0,0.6666666666666666,0.8,results/ablation/no_ar/service/train_ticket/ts-train-service_delay_run2.json,2,3813.7314875810916,"[""ts-train-service""]",2,
0,1,1,0.0,0.6666666666666666,0.8,results/main/amber/service/train_ticket/ts-train-service_delay_run3.json,2,2824.436491399578,train_ticket,0.0,0.0,0.0,0.0,0.3333333333333333,0.20000000000000007,-1,-353.9518774017947,ts-train-service_delay,service,0,1,1,0.0,0.3333333333333333,0.6,results/ablation/no_ar/service/train_ticket/ts-train-service_delay_run3.json,3,3178.3883688013725,"[""ts-train-service""]",3,
0,1,1,0.0,0.3333333333333333,0.6,results/main/amber/service/train_ticket/ts-train-service_delay_run4.json,3,3023.31593983699,train_ticket,0.0,0.0,0.0,0.0,0.0,0.0,0,-62.481360704305644,ts-train-service_delay,service,0,1,1,0.0,0.3333333333333333,0.6,results/ablation/no_ar/service/train_ticket/ts-train-service_delay_run4.json,3,3085.7973005412955,"[""ts-train-service""]",4,
0,0,1,0.0,0.0,0.4,results/main/amber/service/train_ticket/ts-train-service_delay_run5.json,4,2654.3159247574763,train_ticket,0.0,0.0,0.0,0.0,0.0,0.0,0,-402.5293170134555,ts-train-service_delay,service,0,0,1,0.0,0.0,0.4,results/ablation/no_ar/service/train_ticket/ts-train-service_delay_run5.json,4,3056.845241770932,"[""ts-train-service""]",5,
0,1,1,0.0,0.3333333333333333,0.6,results/main/amber/service/train_ticket/ts-train-service_loss_run1.json,3,2623.8001120726235,train_ticket,0.0,0.0,0.0,0.0,0.0,0.0,0,-164.91421986217665,ts-train-service_loss,service,0,1,1,0.0,0.3333333333333333,0.6,results/ablation/no_ar/service/train_ticket/ts-train-service_loss_run1.json,3,2788.7143319348,"[""ts-train-service""]",1,
1,1,1,1.0,1.0,1.0,results/main/amber/service/train_ticket/ts-train-service_loss_run2.json,1,2552.4152660294026,train_ticket,0.0,0.0,0.0,0.0,0.0,0.0,0,-184.96560581876975,ts-train-service_loss,service,1,1,1,1.0,1.0,1.0,results/ablation/no_ar/service/train_ticket/ts-train-service_loss_run2.json,1,2737.3808718481723,"[""ts-train-service""]",2,
1,1,1,1.0,1.0,1.0,results/main/amber/service/train_ticket/ts-train-service_loss_run3.json,1,2317.827197256645,train_ticket,0.0,0.0,0.0,0.0,0.0,0.0,0,-235.87724163094845,ts-train-service_loss,service,1,1,1,1.0,1.0,1.0,results/ablation/no_ar/service/train_ticket/ts-train-service_loss_run3.json,1,2553.7044388875934,"[""ts-train-service""]",3,
1,1,1,1.0,1.0,1.0,results/main/amber/service/train_ticket/ts-train-service_loss_run4.json,1,2306.860492554258,train_ticket,0.0,0.0,0.0,0.0,0.0,0.0,0,-384.53121790312525,ts-train-service_loss,service,1,1,1,1.0,1.0,1.0,results/ablation/no_ar/service/train_ticket/ts-train-service_loss_run4.json,1,2691.3917104573834,"[""ts-train-service""]",4,
1,1,1,1.0,1.0,1.0,results/main/amber/service/train_ticket/ts-train-service_loss_run5.json,1,2142.458049954297,train_ticket,0.0,0.0,0.0,0.0,0.0,0.0,0,-316.86654798957306,ts-train-service_loss,service,1,1,1,1.0,1.0,1.0,results/ablation/no_ar/service/train_ticket/ts-train-service_loss_run5.json,1,2459.3245979438702,"[""ts-train-service""]",5,
1,1,1,1.0,1.0,1.0,results/main/amber/service/train_ticket/ts-train-service_mem_run1.json,1,3359.0668132356495,train_ticket,0.0,0.0,0.0,0.0,0.0,0.0,0,-269.91968777969123,ts-train-service_mem,service,1,1,1,1.0,1.0,1.0,results/ablation/no_ar/service/train_ticket/ts-train-service_mem_run1.json,1,3628.9865010153408,"[""ts-train-service""]",1,
1,1,1,1.0,1.0,1.0,results/main/amber/service/train_ticket/ts-train-service_mem_run2.json,1,4050.8754105749454,train_ticket,0.0,0.0,0.0,0.0,0.0,0.0,0,-247.28751888691158,ts-train-service_mem,service,1,1,1,1.0,1.0,1.0,results/ablation/no_ar/service/train_ticket/ts-train-service_mem_run2.json,1,4298.162929461857,"[""ts-train-service""]",2,
1,1,1,1.0,1.0,1.0,results/main/amber/service/train_ticket/ts-train-service_mem_run3.json,1,3054.2222896481708,train_ticket,0.0,0.0,0.0,0.0,0.0,0.0,0,-294.3131223202722,ts-train-service_mem,service,1,1,1,1.0,1.0,1.0,results/ablation/no_ar/service/train_ticket/ts-train-service_mem_run3.json,1,3348.535411968443,"[""ts-train-service""]",3,
1,1,1,1.0,1.0,1.0,results/main/amber/service/train_ticket/ts-train-service_mem_run4.json,1,2766.3005621285956,train_ticket,0.0,0.0,0.0,0.0,0.0,0.0,0,-68.09520979037416,ts-train-service_mem,service,1,1,1,1.0,1.0,1.0,results/ablation/no_ar/service/train_ticket/ts-train-service_mem_run4.json,1,2834.39577191897,"[""ts-train-service""]",4,
1,1,1,1.0,1.0,1.0,results/main/amber/service/train_ticket/ts-train-service_mem_run5.json,1,2325.660701485044,train_ticket,0.0,0.0,0.0,0.0,0.0,0.0,0,-292.36321436027174,ts-train-service_mem,service,1,1,1,1.0,1.0,1.0,results/ablation/no_ar/service/train_ticket/ts-train-service_mem_run5.json,1,2618.0239158453155,"[""ts-train-service""]",5,
0,0,1,0.0,0.0,0.4,results/main/amber/service/train_ticket/ts-travel-service_cpu_run1.json,4,1435.4564981764586,train_ticket,0.0,-1.0,0.0,0.0,-0.3333333333333333,-0.19999999999999996,1,-751.2341365512937,ts-travel-service_cpu,service,0,1,1,0.0,0.3333333333333333,0.6,results/ablation/no_ar/service/train_ticket/ts-travel-service_cpu_run1.json,3,2186.6906347277522,"[""ts-travel-service""]",1,
0,1,1,0.0,0.6666666666666666,0.8,results/main/amber/service/train_ticket/ts-travel-service_cpu_run2.json,2,1450.2444961922656,train_ticket,-1.0,0.0,0.0,-1.0,-0.33333333333333337,-0.19999999999999996,1,-773.8477555992117,ts-travel-service_cpu,service,1,1,1,1.0,1.0,1.0,results/ablation/no_ar/service/train_ticket/ts-travel-service_cpu_run2.json,1,2224.0922517914773,"[""ts-travel-service""]",2,
0,1,1,0.0,0.6666666666666666,0.8,results/main/amber/service/train_ticket/ts-travel-service_cpu_run3.json,2,1385.831517064863,train_ticket,-1.0,0.0,0.0,-1.0,-0.33333333333333337,-0.19999999999999996,1,-706.1991495630414,ts-travel-service_cpu,service,1,1,1,1.0,1.0,1.0,results/ablation/no_ar/service/train_ticket/ts-travel-service_cpu_run3.json,1,2092.0306666279043,"[""ts-travel-service""]",3,
1,1,1,1.0,1.0,1.0,results/main/amber/service/train_ticket/ts-travel-service_cpu_run4.json,1,1252.6712076940246,train_ticket,0.0,0.0,0.0,0.0,0.0,0.0,0,-898.2719516324503,ts-travel-service_cpu,service,1,1,1,1.0,1.0,1.0,results/ablation/no_ar/service/train_ticket/ts-travel-service_cpu_run4.json,1,2150.943159326475,"[""ts-travel-service""]",4,
0,1,1,0.0,0.6666666666666666,0.8,results/main/amber/service/train_ticket/ts-travel-service_cpu_run5.json,2,600.3192897549653,train_ticket,-1.0,0.0,0.0,-1.0,-0.33333333333333337,-0.19999999999999996,1,-993.8204467267441,ts-travel-service_cpu,service,1,1,1,1.0,1.0,1.0,results/ablation/no_ar/service/train_ticket/ts-travel-service_cpu_run5.json,1,1594.1397364817094,"[""ts-travel-service""]",5,
0,1,1,0.0,0.3333333333333333,0.6,results/main/amber/service/train_ticket/ts-travel-service_delay_run1.json,3,1844.6368454730043,train_ticket,0.0,0.0,0.0,0.0,-0.3333333333333333,-0.20000000000000007,1,-583.9188265654709,ts-travel-service_delay,service,0,1,1,0.0,0.6666666666666666,0.8,results/ablation/no_ar/service/train_ticket/ts-travel-service_delay_run1.json,2,2428.555672038475,"[""ts-travel-service""]",1,
0,0,0,0.0,0.0,0.0,results/main/amber/service/train_ticket/ts-travel-service_delay_run2.json,6,320.33868203535695,train_ticket,0.0,-1.0,-1.0,0.0,-0.3333333333333333,-0.6,3,-261.9164734162512,ts-travel-service_delay,service,0,1,1,0.0,0.3333333333333333,0.6,results/ablation/no_ar/service/train_ticket/ts-travel-service_delay_run2.json,3,582.2551554516082,"[""ts-travel-service""]",2,
0,1,1,0.0,0.3333333333333333,0.6,results/main/amber/service/train_ticket/ts-travel-service_delay_run3.json,3,1818.0762595709912,train_ticket,0.0,0.0,0.0,0.0,0.0,0.0,0,-603.1269176637038,ts-travel-service_delay,service,0,1,1,0.0,0.3333333333333333,0.6,results/ablation/no_ar/service/train_ticket/ts-travel-service_delay_run3.json,3,2421.203177234695,"[""ts-travel-service""]",3,
0,1,1,0.0,0.6666666666666666,0.8,results/main/amber/service/train_ticket/ts-travel-service_delay_run4.json,2,1851.1587311149403,train_ticket,0.0,0.0,0.0,0.0,0.0,0.0,0,-508.19250811386314,ts-travel-service_delay,service,0,1,1,0.0,0.6666666666666666,0.8,results/ablation/no_ar/service/train_ticket/ts-travel-service_delay_run4.json,2,2359.3512392288035,"[""ts-travel-service""]",4,
0,1,1,0.0,0.3333333333333333,0.6,results/main/amber/service/train_ticket/ts-travel-service_delay_run5.json,3,1632.7001276833278,train_ticket,0.0,0.0,0.0,0.0,-0.3333333333333333,-0.20000000000000007,1,-873.1180310797115,ts-travel-service_delay,service,0,1,1,0.0,0.6666666666666666,0.8,results/ablation/no_ar/service/train_ticket/ts-travel-service_delay_run5.json,2,2505.8181587630393,"[""ts-travel-service""]",5,
0,1,1,0.0,0.6666666666666666,0.8,results/main/amber/service/train_ticket/ts-travel-service_loss_run1.json,2,3988.8371271629744,train_ticket,0.0,0.0,0.0,0.0,0.0,0.0,0,-362.837793567021,ts-travel-service_loss,service,0,1,1,0.0,0.6666666666666666,0.8,results/ablation/no_ar/service/train_ticket/ts-travel-service_loss_run1.json,2,4351.674920729995,"[""ts-travel-service""]",1,
0,0,0,0.0,0.0,0.0,results/main/amber/service/train_ticket/ts-travel-service_loss_run2.json,37,-4.925095669909372,train_ticket,0.0,0.0,0.0,0.0,0.0,0.0,20,-238.80827907288028,ts-travel-service_loss,service,0,0,0,0.0,0.0,0.0,results/ablation/no_ar/service/train_ticket/ts-travel-service_loss_run2.json,17,233.8831834029709,"[""ts-travel-service""]",2,
1,1,1,1.0,1.0,1.0,results/main/amber/service/train_ticket/ts-travel-service_loss_run3.json,1,3375.735345451833,train_ticket,1.0,0.0,0.0,1.0,0.33333333333333337,0.19999999999999996,-1,-297.1917476669687,ts-travel-service_loss,service,0,1,1,0.0,0.6666666666666666,0.8,results/ablation/no_ar/service/train_ticket/ts-travel-service_loss_run3.json,2,3672.9270931188016,"[""ts-travel-service""]",3,
1,1,1,1.0,1.0,1.0,results/main/amber/service/train_ticket/ts-travel-service_loss_run4.json,1,3622.534757296115,train_ticket,1.0,0.0,0.0,1.0,0.33333333333333337,0.19999999999999996,-1,-27.228227011507443,ts-travel-service_loss,service,0,1,1,0.0,0.6666666666666666,0.8,results/ablation/no_ar/service/train_ticket/ts-travel-service_loss_run4.json,2,3649.7629843076224,"[""ts-travel-service""]",4,
0,1,1,0.0,0.6666666666666666,0.8,results/main/amber/service/train_ticket/ts-travel-service_loss_run5.json,2,3287.443176828229,train_ticket,0.0,0.0,0.0,0.0,0.0,0.0,0,-212.67698368699894,ts-travel-service_loss,service,0,1,1,0.0,0.6666666666666666,0.8,results/ablation/no_ar/service/train_ticket/ts-travel-service_loss_run5.json,2,3500.120160515228,"[""ts-travel-service""]",5,
0,1,1,0.0,0.6666666666666666,0.8,results/main/amber/service/train_ticket/ts-travel-service_mem_run1.json,2,1635.13946623502,train_ticket,-1.0,0.0,0.0,-1.0,-0.33333333333333337,-0.19999999999999996,1,-561.4700584824388,ts-travel-service_mem,service,1,1,1,1.0,1.0,1.0,results/ablation/no_ar/service/train_ticket/ts-travel-service_mem_run1.json,1,2196.609524717459,"[""ts-travel-service""]",1,
1,1,1,1.0,1.0,1.0,results/main/amber/service/train_ticket/ts-travel-service_mem_run2.json,1,2251.9815307570966,train_ticket,0.0,0.0,0.0,0.0,0.0,0.0,0,-502.298399252888,ts-travel-service_mem,service,1,1,1,1.0,1.0,1.0,results/ablation/no_ar/service/train_ticket/ts-travel-service_mem_run2.json,1,2754.2799300099846,"[""ts-travel-service""]",2,
1,1,1,1.0,1.0,1.0,results/main/amber/service/train_ticket/ts-travel-service_mem_run3.json,1,2040.2816658219308,train_ticket,0.0,0.0,0.0,0.0,0.0,0.0,0,-866.7020531272683,ts-travel-service_mem,service,1,1,1,1.0,1.0,1.0,results/ablation/no_ar/service/train_ticket/ts-travel-service_mem_run3.json,1,2906.983718949199,"[""ts-travel-service""]",3,
1,1,1,1.0,1.0,1.0,results/main/amber/service/train_ticket/ts-travel-service_mem_run4.json,1,2059.755677232687,train_ticket,0.0,0.0,0.0,0.0,0.0,0.0,0,-560.3261714581381,ts-travel-service_mem,service,1,1,1,1.0,1.0,1.0,results/ablation/no_ar/service/train_ticket/ts-travel-service_mem_run4.json,1,2620.081848690825,"[""ts-travel-service""]",4,
1,1,1,1.0,1.0,1.0,results/main/amber/service/train_ticket/ts-travel-service_mem_run5.json,1,2313.948905011508,train_ticket,0.0,0.0,0.0,0.0,0.0,0.0,0,-538.518537680091,ts-travel-service_mem,service,1,1,1,1.0,1.0,1.0,results/ablation/no_ar/service/train_ticket/ts-travel-service_mem_run5.json,1,2852.467442691599,"[""ts-travel-service""]",5,
