amber_AC@1,amber_AC@3,amber_AC@5,amber_Avg@1,amber_Avg@3,amber_Avg@5,amber_result_file,ar_root_rank,ar_root_score,dataset,delta_AC@1,delta_AC@3,delta_AC@5,delta_Avg@1,delta_Avg@3,delta_Avg@5,delta_root_rank,delta_root_score,fault_type,granularity,no_ar_AC@1,no_ar_AC@3,no_ar_AC@5,no_ar_Avg@1,no_ar_Avg@3,no_ar_Avg@5,no_ar_result_file,raw_root_rank,raw_root_score,root_cause_members,run_id,sum_phi
0,0,0,0.0,0.0,0.0,results/main/amber/metric/online_boutique/cartservice_cpu_run1.json,8,566.3973782962148,online_boutique,0.0,0.0,-1.0,0.0,0.0,-0.4,4,-733.2301309699512,cartservice_cpu,metric,0,0,1,0.0,0.0,0.4,results/ablation/no_ar/metric/online_boutique/cartservice_cpu_run1.json,4,1299.627509266166,"[""cartservice_cpu""]",1,0.9213145718333257
0,0,0,0.0,0.0,0.0,results/main/amber/metric/online_boutique/cartservice_cpu_run2.json,7,682.9905531476315,online_boutique,0.0,0.0,0.0,0.0,0.0,0.0,1,-422.4688626778666,cartservice_cpu,metric,0,0,0,0.0,0.0,0.0,results/ablation/no_ar/metric/online_boutique/cartservice_cpu_run2.json,6,1105.4594158254981,"[""cartservice_cpu""]",2,0.8485333179292793
0,0,0,0.0,0.0,0.0,results/main/amber/metric/online_boutique/cartservice_cpu_run3.json,10,363.6249472909658,online_boutique,0.0,0.0,-1.0,0.0,0.0,-0.2,5,-679.8260350332914,cartservice_cpu,metric,0,0,1,0.0,0.0,0.2,results/ablation/no_ar/metric/online_boutique/cartservice_cpu_run3.json,5,1043.4509823242572,"[""cartservice_cpu""]",3,0.9385914384187531
0,0,0,0.0,0.0,0.0,results/main/amber/metric/online_boutique/cartservice_cpu_run4.json,15,590.2123884368157,online_boutique,0.0,0.0,0.0,0.0,0.0,0.0,8,-550.3766093030467,cartservice_cpu,metric,0,0,0,0.0,0.0,0.0,results/ablation/no_ar/metric/online_boutique/cartservice_cpu_run4.json,7,1140.5889977398624,"[""cartservice_cpu""]",4,0.8915887288703571
0,0,0,0.0,0.0,0.0,results/main/amber/metric/online_boutique/cartservice_cpu_run5.json,11,583.7655936184874,online_boutique,0.0,0.0,-1.0,0.0,0.0,-0.2,5,-474.22125782260696,cartservice_cpu,metric,0,0,1,0.0,0.0,0.2,results/ablation/no_ar/metric/online_boutique/cartservice_cpu_run5.json,6,1057.9868514410944,"[""cartservice_cpu""]",5,0.8740343829585571
0,1,1,0.0,0.6666666666666666,0.8,results/main/amber/metric/online_boutique/cartservice_delay_run1.json,2,3142.6933442656045,online_boutique,0.0,0.0,0.0,0.0,0.0,0.0,0,-23.251610407663975,cartservice_delay,metric,0,1,1,0.0,0.6666666666666666,0.8,results/ablation/no_ar/metric/online_boutique/cartservice_delay_run1.json,2,3165.9449546732685,"[""cartservice_latency-50"", ""cartservice_latency-90""]",1,0.01615463130803107
1,1,1,1.0,1.0,1.0,results/main/amber/metric/online_boutique/cartservice_delay_run2.json,1,2666.2845591739397,online_boutique,0.0,0.0,0.0,0.0,0.0,0.0,0,63.33610641188125,cartservice_delay,metric,1,1,1,1.0,1.0,1.0,results/ablation/no_ar/metric/online_boutique/cartservice_delay_run2.json,1,2602.9484527620584,"[""cartservice_latency-50"", ""cartservice_latency-90""]",2,0.9150598419456247
0,1,1,0.0,0.6666666666666666,0.8,results/main/amber/metric/online_boutique/cartservice_delay_run3.json,2,2599.2907880556845,online_boutique,0.0,0.0,0.0,0.0,0.0,0.0,0,34.5089219368233,cartservice_delay,metric,0,1,1,0.0,0.6666666666666666,0.8,results/ablation/no_ar/metric/online_boutique/cartservice_delay_run3.json,2,2564.781866118861,"[""cartservice_latency-50"", ""cartservice_latency-90""]",3,0.9198353349195985
0,1,1,0.0,0.6666666666666666,0.8,results/main/amber/metric/online_boutique/cartservice_delay_run4.json,2,2608.329665612215,online_boutique,0.0,0.0,0.0,0.0,0.0,0.0,0,47.62741152583794,cartservice_delay,metric,0,1,1,0.0,0.6666666666666666,0.8,results/ablation/no_ar/metric/online_boutique/cartservice_delay_run4.json,2,2560.7022540863773,"[""cartservice_latency-50"", ""cartservice_latency-90""]",4,0.9304144898361576
0,1,1,0.0,0.6666666666666666,0.8,results/main/amber/metric/online_boutique/cartservice_delay_run5.json,2,2550.151893084191,online_boutique,0.0,0.0,0.0,0.0,0.0,0.0,0,63.915519255205254,cartservice_delay,metric,0,1,1,0.0,0.6666666666666666,0.8,results/ablation/no_ar/metric/online_boutique/cartservice_delay_run5.json,2,2486.236373828986,"[""cartservice_latency-50"", ""cartservice_latency-90""]",5,0.9234088837131953
0,0,0,0.0,0.0,0.0,results/main/amber/metric/online_boutique/cartservice_loss_run1.json,,,online_boutique,0.0,0.0,0.0,0.0,0.0,0.0,,,cartservice_loss,metric,0,0,0,0.0,0.0,0.0,results/ablation/no_ar/metric/online_boutique/cartservice_loss_run1.json,,,[],1,
0,0,0,0.0,0.0,0.0,results/main/amber/metric/online_boutique/cartservice_loss_run2.json,,,online_boutique,0.0,0.0,0.0,0.0,0.0,0.0,,,cartservice_loss,metric,0,0,0,0.0,0.0,0.0,results/ablation/no_ar/metric/online_boutique/cartservice_loss_run2.json,,,[],2,
0,0,0,0.0,0.0,0.0,results/main/amber/metric/online_boutique/cartservice_loss_run3.json,,,online_boutique,0.0,0.0,0.0,0.0,0.0,0.0,,,cartservice_loss,metric,0,0,0,0.0,0.0,0.0,results/ablation/no_ar/metric/online_boutique/cartservice_loss_run3.json,,,[],3,
0,0,0,0.0,0.0,0.0,results/main/amber/metric/online_boutique/cartservice_loss_run4.json,,,online_boutique,0.0,0.0,0.0,0.0,0.0,0.0,,,cartservice_loss,metric,0,0,0,0.0,0.0,0.0,results/ablation/no_ar/metric/online_boutique/cartservice_loss_run4.json,,,[],4,
0,0,0,0.0,0.0,0.0,results/main/amber/metric/online_boutique/cartservice_loss_run5.json,,,online_boutique,0.0,0.0,0.0,0.0,0.0,0.0,,,cartservice_loss,metric,0,0,0,0.0,0.0,0.0,results/ablation/no_ar/metric/online_boutique/cartservice_loss_run5.json,,,[],5,
0,0,0,0.0,0.0,0.0,results/main/amber/metric/online_boutique/cartservice_mem_run1.json,16,692.8795554220819,online_boutique,0.0,0.0,0.0,0.0,0.0,0.0,-4,-36.7308762435955,cartservice_mem,metric,0,0,0,0.0,0.0,0.0,results/ablation/no_ar/metric/online_boutique/cartservice_mem_run1.json,20,729.6104316656774,"[""cartservice_mem""]",1,0.9957018125286088
0,0,0,0.0,0.0,0.0,results/main/amber/metric/online_boutique/cartservice_mem_run2.json,6,1814.2052176700086,online_boutique,0.0,0.0,-1.0,0.0,0.0,-0.4,2,-721.2781396441565,cartservice_mem,metric,0,0,1,0.0,0.0,0.4,results/ablation/no_ar/metric/online_boutique/cartservice_mem_run2.json,4,2535.483357314165,"[""cartservice_mem""]",2,0.9552367027202626
0,1,1,0.0,0.3333333333333333,0.6,results/main/amber/metric/online_boutique/cartservice_mem_run3.json,3,2213.023497812549,online_boutique,0.0,0.0,0.0,0.0,-0.3333333333333333,-0.20000000000000007,1,-338.5032232584449,cartservice_mem,metric,0,1,1,0.0,0.6666666666666666,0.8,results/ablation/no_ar/metric/online_boutique/cartservice_mem_run3.json,2,2551.526721070994,"[""cartservice_mem""]",3,0.9577358741340548
0,1,1,0.0,0.6666666666666666,0.8,results/main/amber/metric/online_boutique/cartservice_mem_run4.json,2,2609.632448969795,online_boutique,0.0,0.0,0.0,0.0,0.0,0.0,0,-345.9084395391924,cartservice_mem,metric,0,1,1,0.0,0.6666666666666666,0.8,results/ablation/no_ar/metric/online_boutique/cartservice_mem_run4.json,2,2955.5408885089873,"[""cartservice_mem""]",4,0.9466226025369593
0,1,1,0.0,0.3333333333333333,0.6,results/main/amber/metric/online_boutique/cartservice_mem_run5.json,3,2711.552879154256,online_boutique,0.0,0.0,0.0,0.0,-0.3333333333333333,-0.20000000000000007,1,-348.69894739179654,cartservice_mem,metric,0,1,1,0.0,0.6666666666666666,0.8,results/ablation/no_ar/metric/online_boutique/cartservice_mem_run5.json,2,3060.2518265460526,"[""cartservice_mem""]",5,0.9769829808732208
0,0,1,0.0,0.0,0.4,results/main/amber/metric/online_boutique/checkoutservice_cpu_run1.json,4,1475.5424354596016,online_boutique,0.0,-1.0,0.0,0.0,-0.6666666666666666,-0.4,2,-537.2296640896056,checkoutservice_cpu,metric,0,1,1,0.0,0.6666666666666666,0.8,results/ablation/no_ar/metric/online_boutique/checkoutservice_cpu_run1.json,2,2012.7720995492073,"[""checkoutservice_cpu""]",1,0.8393935097700778
1,1,1,1.0,1.0,1.0,results/main/amber/metric/online_boutique/checkoutservice_cpu_run2.json,1,1615.2763743904943,online_boutique,0.0,0.0,0.0,0.0,0.0,0.0,0,-458.14659552259354,checkoutservice_cpu,metric,1,1,1,1.0,1.0,1.0,results/ablation/no_ar/metric/online_boutique/checkoutservice_cpu_run2.json,1,2073.422969913088,"[""checkoutservice_cpu""]",2,0.7980986066155212
0,1,1,0.0,0.6666666666666666,0.8,results/main/amber/metric/online_boutique/checkoutservice_cpu_run3.json,2,1264.0917825994584,online_boutique,0.0,0.0,0.0,0.0,0.3333333333333333,0.20000000000000007,-1,-178.62520391123235,checkoutservice_cpu,metric,0,1,1,0.0,0.3333333333333333,0.6,results/ablation/no_ar/metric/online_boutique/checkoutservice_cpu_run3.json,3,1442.7169865106907,"[""checkoutservice_cpu""]",3,0.9221442767201352
0,1,1,0.0,0.6666666666666666,0.8,results/main/amber/metric/online_boutique/checkoutservice_cpu_run4.json,2,1329.2035371728302,online_boutique,0.0,0.0,0.0,0.0,0.0,0.0,0,-696.566410588593,checkoutservice_cpu,metric,0,1,1,0.0,0.6666666666666666,0.8,results/ablation/no_ar/metric/online_boutique/checkoutservice_cpu_run4.json,2,2025.7699477614233,"[""checkoutservice_cpu""]",4,0.8964342299475101
1,1,1,1.0,1.0,1.0,results/main/amber/metric/online_boutique/checkoutservice_cpu_run5.json,1,1424.1125781836067,online_boutique,1.0,0.0,0.0,1.0,0.33333333333333337,0.19999999999999996,-1,90.54854142160139,checkoutservice_cpu,metric,0,1,1,0.0,0.6666666666666666,0.8,results/ablation/no_ar/metric/online_boutique/checkoutservice_cpu_run5.json,2,1333.5640367620053,"[""checkoutservice_cpu""]",5,0.5108488039915056
1,1,1,1.0,1.0,1.0,results/main/amber/metric/online_boutique/checkoutservice_delay_run1.json,1,2878.7416707888015,online_boutique,0.0,0.0,0.0,0.0,0.0,0.0,0,-31.103463480927076,checkoutservice_delay,metric,1,1,1,1.0,1.0,1.0,results/ablation/no_ar/metric/online_boutique/checkoutservice_delay_run1.json,1,2909.8451342697285,"[""checkoutservice_latency-50"", ""checkoutservice_latency-90""]",1,0.925334066296575
0,1,1,0.0,0.6666666666666666,0.8,results/main/amber/metric/online_boutique/checkoutservice_delay_run2.json,2,2783.008664213685,online_boutique,0.0,0.0,0.0,0.0,0.0,0.0,0,17.049091596060407,checkoutservice_delay,metric,0,1,1,0.0,0.6666666666666666,0.8,results/ablation/no_ar/metric/online_boutique/checkoutservice_delay_run2.json,2,2765.9595726176244,"[""checkoutservice_latency-50"", ""checkoutservice_latency-90""]",2,1.1497760113529567
1,1,1,1.0,1.0,1.0,results/main/amber/metric/online_boutique/checkoutservice_delay_run3.json,1,2721.345466451557,online_boutique,0.0,0.0,0.0,0.0,0.0,0.0,0,-25.446517417231462,checkoutservice_delay,metric,1,1,1,1.0,1.0,1.0,results/ablation/no_ar/metric/online_boutique/checkoutservice_delay_run3.json,1,2746.7919838687885,"[""checkoutservice_latency-50"", ""checkoutservice_latency-90""]",3,1.2794677937429064
0,1,1,0.0,0.6666666666666666,0.8,results/main/amber/metric/online_boutique/checkoutservice_delay_run4.json,2,2640.6354788356675,online_boutique,0.0,0.0,0.0,0.0,0.0,0.0,0,-18.036386309014233,checkoutservice_delay,metric,0,1,1,0.0,0.6666666666666666,0.8,results/ablation/no_ar/metric/online_boutique/checkoutservice_delay_run4.json,2,2658.6718651446818,"[""checkoutservice_latency-50"", ""checkoutservice_latency-90""]",4,1.376199404219319
1,1,1,1.0,1.0,1.0,results/main/amber/metric/online_boutique/checkoutservice_delay_run5.json,1,2936.932799702745,online_boutique,0.0,0.0,0.0,0.0,0.0,0.0,0,-6.529548274649187,checkoutservice_delay,metric,1,1,1,1.0,1.0,1.0,results/ablation/no_ar/metric/online_boutique/checkoutservice_delay_run5.json,1,2943.462347977394,"[""checkoutservice_latency-50"", ""checkoutservice_latency-90""]",5,1.0741244752910666
0,0,0,0.0,0.0,0.0,results/main/amber/metric/online_boutique/checkoutservice_loss_run1.json,,,online_boutique,0.0,0.0,0.0,0.0,0.0,0.0,,,checkoutservice_loss,metric,0,0,0,0.0,0.0,0.0,results/ablation/no_ar/metric/online_boutique/checkoutservice_loss_run1.json,,,[],1,
0,0,0,0.0,0.0,0.0,results/main/amber/metric/online_boutique/checkoutservice_loss_run2.json,,,online_boutique,0.0,0.0,0.0,0.0,0.0,0.0,,,checkoutservice_loss,metric,0,0,0,0.0,0.0,0.0,results/ablation/no_ar/metric/online_boutique/checkoutservice_loss_run2.json,,,[],2,
0,0,0,0.0,0.0,0.0,results/main/amber/metric/online_boutique/checkoutservice_loss_run3.json,,,online_boutique,0.0,0.0,0.0,0.0,0.0,0.0,,,checkoutservice_loss,metric,0,0,0,0.0,0.0,0.0,results/ablation/no_ar/metric/online_boutique/checkoutservice_loss_run3.json,,,[],3,
0,0,0,0.0,0.0,0.0,results/main/amber/metric/online_boutique/checkoutservice_loss_run4.json,,,online_boutique,0.0,0.0,0.0,0.0,0.0,0.0,,,checkoutservice_loss,metric,0,0,0,0.0,0.0,0.0,results/ablation/no_ar/metric/online_boutique/checkoutservice_loss_run4.json,,,[],4,
0,0,0,0.0,0.0,0.0,results/main/amber/metric/online_boutique/checkoutservice_loss_run5.json,,,online_boutique,0.0,0.0,0.0,0.0,0.0,0.0,,,checkoutservice_loss,metric,0,0,0,0.0,0.0,0.0,results/ablation/no_ar/metric/online_boutique/checkoutservice_loss_run5.json,,,[],5,
0,1,1,0.0,0.3333333333333333,0.6,results/main/amber/metric/online_boutique/checkoutservice_mem_run1.json,3,1674.7488721770133,online_boutique,0.0,0.0,0.0,0.0,0.0,0.0,0,-680.2931570392784,checkoutservice_mem,metric,0,1,1,0.0,0.3333333333333333,0.6,results/ablation/no_ar/metric/online_boutique/checkoutservice_mem_run1.json,3,2355.0420292162917,"[""checkoutservice_mem""]",1,0.9459724351085755
0,0,0,0.0,0.0,0.0,results/main/amber/metric/online_boutique/checkoutservice_mem_run2.json,9,917.3671366006492,online_boutique,0.0,0.0,0.0,0.0,0.0,0.0,2,-456.4142949545312,checkoutservice_mem,metric,0,0,0,0.0,0.0,0.0,results/ablation/no_ar/metric/online_boutique/checkoutservice_mem_run2.json,7,1373.7814315551805,"[""checkoutservice_mem""]",2,0.9697639833914793
0,1,1,0.0,0.3333333333333333,0.6,results/main/amber/metric/online_boutique/checkoutservice_mem_run3.json,3,1889.5791518078004,online_boutique,0.0,0.0,0.0,0.0,-0.3333333333333333,-0.20000000000000007,1,-384.4889866477738,checkoutservice_mem,metric,0,1,1,0.0,0.6666666666666666,0.8,results/ablation/no_ar/metric/online_boutique/checkoutservice_mem_run3.json,2,2274.068138455574,"[""checkoutservice_mem""]",3,0.9412926811482384
0,0,0,0.0,0.0,0.0,results/main/amber/metric/online_boutique/checkoutservice_mem_run4.json,15,306.2897509407985,online_boutique,0.0,0.0,0.0,0.0,0.0,0.0,-4,-27.663860697884502,checkoutservice_mem,metric,0,0,0,0.0,0.0,0.0,results/ablation/no_ar/metric/online_boutique/checkoutservice_mem_run4.json,19,333.953611638683,"[""checkoutservice_mem""]",4,0.9958280322415741
0,1,1,0.0,0.6666666666666666,0.8,results/main/amber/metric/online_boutique/checkoutservice_mem_run5.json,2,1753.8276686627164,online_boutique,-1.0,0.0,0.0,-1.0,-0.33333333333333337,-0.19999999999999996,1,-593.2583115880252,checkoutservice_mem,metric,1,1,1,1.0,1.0,1.0,results/ablation/no_ar/metric/online_boutique/checkoutservice_mem_run5.json,1,2347.0859802507416,"[""checkoutservice_mem""]",5,0.9234497256511425
0,0,0,0.0,0.0,0.0,results/main/amber/metric/online_boutique/currencyservice_cpu_run1.json,17,286.2099511916176,online_boutique,0.0,0.0,0.0,0.0,0.0,0.0,3,-536.7826145362033,currencyservice_cpu,metric,0,0,0,0.0,0.0,0.0,results/ablation/no_ar/metric/online_boutique/currencyservice_cpu_run1.json,14,822.9925657278209,"[""currencyservice_cpu""]",1,0.9118423985819316
0,0,0,0.0,0.0,0.0,results/main/amber/metric/online_boutique/currencyservice_cpu_run2.json,33,130.5904666704355,online_boutique,0.0,0.0,0.0,0.0,0.0,0.0,12,-688.4609034933092,currencyservice_cpu,metric,0,0,0,0.0,0.0,0.0,results/ablation/no_ar/metric/online_boutique/currencyservice_cpu_run2.json,21,819.0513701637447,"[""currencyservice_cpu""]",2,0.9761869025451374
0,0,1,0.0,0.0,0.2,results/main/amber/metric/online_boutique/currencyservice_cpu_run3.json,7,946.347417264978,online_boutique,0.0,0.0,0.0,0.0,0.0,-0.2,1,-349.82500519216273,currencyservice_cpu,metric,0,0,1,0.0,0.0,0.4,results/ablation/no_ar/metric/online_boutique/currencyservice_cpu_run3.json,6,1296.1724224571408,"[""currencyservice_cpu""]",3,0.6578177504039199
0,0,0,0.0,0.0,0.0,results/main/amber/metric/online_boutique/currencyservice_cpu_run4.json,11,823.1525316133875,online_boutique,0.0,0.0,0.0,0.0,0.0,0.0,4,-311.4089998897382,currencyservice_cpu,metric,0,0,0,0.0,0.0,0.0,results/ablation/no_ar/metric/online_boutique/currencyservice_cpu_run4.json,7,1134.5615315031257,"[""currencyservice_cpu""]",4,0.6838137659619528
0,0,0,0.0,0.0,0.0,results/main/amber/metric/online_boutique/currencyservice_cpu_run5.json,8,760.4882240883562,online_boutique,0.0,0.0,-1.0,0.0,0.0,-0.4,3,-364.5840630653636,currencyservice_cpu,metric,0,0,1,0.0,0.0,0.4,results/ablation/no_ar/metric/online_boutique/currencyservice_cpu_run5.json,5,1125.0722871537198,"[""currencyservice_cpu""]",5,0.717264936657166
1,1,1,1.0,1.0,1.0,results/main/amber/metric/online_boutique/currencyservice_delay_run1.json,1,2550.6001641394478,online_boutique,0.0,0.0,0.0,0.0,0.0,0.0,0,-19.59534514087818,currencyservice_delay,metric,1,1,1,1.0,1.0,1.0,results/ablation/no_ar/metric/online_boutique/currencyservice_delay_run1.json,1,2570.195509280326,"[""currencyservice_latency-50"", ""currencyservice_latency-90""]",1,0.2433093512587208
0,1,1,0.0,0.6666666666666666,0.8,results/main/amber/metric/online_boutique/currencyservice_delay_run2.json,2,2864.2084881007513,online_boutique,0.0,0.0,0.0,0.0,0.0,0.0,0,2.225062821913525,currencyservice_delay,metric,0,1,1,0.0,0.6666666666666666,0.8,results/ablation/no_ar/metric/online_boutique/currencyservice_delay_run2.json,2,2861.983425278838,"[""currencyservice_latency-50"", ""currencyservice_latency-90""]",2,0.11498498499295148
1,1,1,1.0,1.0,1.0,results/main/amber/metric/online_boutique/currencyservice_delay_run3.json,1,3000.180066430746,online_boutique,0.0,0.0,0.0,0.0,0.0,0.0,0,-23.638498625100056,currencyservice_delay,metric,1,1,1,1.0,1.0,1.0,results/ablation/no_ar/metric/online_boutique/currencyservice_delay_run3.json,1,3023.818565055846,"[""currencyservice_latency-50"", ""currencyservice_latency-90""]",3,0.006736879820908271
0,1,1,0.0,0.3333333333333333,0.6,results/main/amber/metric/online_boutique/currencyservice_delay_run4.json,3,2294.181785420219,online_boutique,0.0,0.0,0.0,0.0,0.0,0.0,0,-9.30863410859547,currencyservice_delay,metric,0,1,1,0.0,0.3333333333333333,0.6,results/ablation/no_ar/metric/online_boutique/currencyservice_delay_run4.json,3,2303.4904195288145,"[""currencyservice_latency-50"", ""currencyservice_latency-90""]",4,0.7497214500780317
1,1,1,1.0,1.0,1.0,results/main/amber/metric/online_boutique/currencyservice_delay_run5.json,1,2879.8602490293424,online_boutique,0.0,0.0,0.0,0.0,0.0,0.0,0,-12.543718111649468,currencyservice_delay,metric,1,1,1,1.0,1.0,1.0,results/ablation/no_ar/metric/online_boutique/currencyservice_delay_run5.json,1,2892.403967140992,"[""currencyservice_latency-50"", ""currencyservice_latency-90""]",5,0.7349619345592183
0,0,0,0.0,0.0,0.0,results/main/amber/metric/online_boutique/currencyservice_loss_run1.json,,,online_boutique,0.0,0.0,0.0,0.0,0.0,0.0,,,currencyservice_loss,metric,0,0,0,0.0,0.0,0.0,results/ablation/no_ar/metric/online_boutique/currencyservice_loss_run1.json,,,[],1,
0,0,0,0.0,0.0,0.0,results/main/amber/metric/online_boutique/currencyservice_loss_run2.json,,,online_boutique,0.0,0.0,0.0,0.0,0.0,0.0,,,currencyservice_loss,metric,0,0,0,0.0,0.0,0.0,results/ablation/no_ar/metric/online_boutique/currencyservice_loss_run2.json,,,[],2,
0,0,0,0.0,0.0,0.0,results/main/amber/metric/online_boutique/currencyservice_loss_run3.json,,,online_boutique,0.0,0.0,0.0,0.0,0.0,0.0,,,currencyservice_loss,metric,0,0,0,0.0,0.0,0.0,results/ablation/no_ar/metric/online_boutique/currencyservice_loss_run3.json,,,[],3,
0,0,0,0.0,0.0,0.0,results/main/amber/metric/online_boutique/currencyservice_loss_run4.json,,,online_boutique,0.0,0.0,0.0,0.0,0.0,0.0,,,currencyservice_loss,metric,0,0,0,0.0,0.0,0.0,results/ablation/no_ar/metric/online_boutique/currencyservice_loss_run4.json,,,[],4,
0,0,0,0.0,0.0,0.0,results/main/amber/metric/online_boutique/currencyservice_loss_run5.json,,,online_boutique,0.0,0.0,0.0,0.0,0.0,0.0,,,currencyservice_loss,metric,0,0,0,0.0,0.0,0.0,results/ablation/no_ar/metric/online_boutique/currencyservice_loss_run5.json,,,[],5,
0,0,0,0.0,0.0,0.0,results/main/amber/metric/online_boutique/currencyservice_mem_run1.json,12,1254.0438134245478,online_boutique,0.0,0.0,0.0,0.0,0.0,0.0,4,-481.74119770835387,currencyservice_mem,metric,0,0,0,0.0,0.0,0.0,results/ablation/no_ar/metric/online_boutique/currencyservice_mem_run1.json,8,1735.7850111329017,"[""currencyservice_mem""]",1,0.888008663432921
0,0,0,0.0,0.0,0.0,results/main/amber/metric/online_boutique/currencyservice_mem_run2.json,10,1305.4570715062923,online_boutique,0.0,0.0,-1.0,0.0,0.0,-0.4,5,-527.3692520970694,currencyservice_mem,metric,0,0,1,0.0,0.0,0.4,results/ablation/no_ar/metric/online_boutique/currencyservice_mem_run2.json,5,1832.8263236033617,"[""currencyservice_mem""]",2,0.8975814141316548
0,0,0,0.0,0.0,0.0,results/main/amber/metric/online_boutique/currencyservice_mem_run3.json,10,1314.7459797023776,online_boutique,0.0,0.0,-1.0,0.0,0.0,-0.2,4,-395.6644340287703,currencyservice_mem,metric,0,0,1,0.0,0.0,0.2,results/ablation/no_ar/metric/online_boutique/currencyservice_mem_run3.json,6,1710.4104137311479,"[""currencyservice_mem""]",3,0.8850466562538142
0,0,0,0.0,0.0,0.0,results/main/amber/metric/online_boutique/currencyservice_mem_run4.json,10,1298.440290656104,online_boutique,0.0,0.0,-1.0,0.0,0.0,-0.2,5,-445.0806499272253,currencyservice_mem,metric,0,0,1,0.0,0.0,0.2,results/ablation/no_ar/metric/online_boutique/currencyservice_mem_run4.json,5,1743.5209405833293,"[""currencyservice_mem""]",4,0.8687478442127152
0,0,0,0.0,0.0,0.0,results/main/amber/metric/online_boutique/currencyservice_mem_run5.json,45,45.279243653851154,online_boutique,0.0,0.0,0.0,0.0,0.0,0.0,-5,21.065475562200845,currencyservice_mem,metric,0,0,0,0.0,0.0,0.0,results/ablation/no_ar/metric/online_boutique/currencyservice_mem_run5.json,50,24.21376809165031,"[""currencyservice_mem""]",5,0.9959825248897383
0,1,1,0.0,0.6666666666666666,0.8,results/main/amber/metric/online_boutique/paymentservice_cpu_run1.json,2,1558.0235779689806,online_boutique,0.0,0.0,0.0,0.0,0.0,0.0,0,-554.863843003614,paymentservice_cpu,metric,0,1,1,0.0,0.6666666666666666,0.8,results/ablation/no_ar/metric/online_boutique/paymentservice_cpu_run1.json,2,2112.8874209725946,"[""paymentservice_cpu""]",1,0.878058563060043
0,1,1,0.0,0.6666666666666666,0.8,results/main/amber/metric/online_boutique/paymentservice_cpu_run2.json,2,1565.947736614029,online_boutique,0.0,0.0,0.0,0.0,0.0,0.0,0,-574.3135385456903,paymentservice_cpu,metric,0,1,1,0.0,0.6666666666666666,0.8,results/ablation/no_ar/metric/online_boutique/paymentservice_cpu_run2.json,2,2140.2612751597194,"[""paymentservice_cpu""]",2,0.8571240827749904
0,1,1,0.0,0.3333333333333333,0.6,results/main/amber/metric/online_boutique/paymentservice_cpu_run3.json,3,1777.8112599338774,online_boutique,0.0,0.0,0.0,0.0,-0.3333333333333333,-0.20000000000000007,1,-522.7419997616162,paymentservice_cpu,metric,0,1,1,0.0,0.6666666666666666,0.8,results/ablation/no_ar/metric/online_boutique/paymentservice_cpu_run3.json,2,2300.5532596954936,"[""paymentservice_cpu""]",3,0.8255682258566205
0,1,1,0.0,0.3333333333333333,0.6,results/main/amber/metric/online_boutique/paymentservice_cpu_run4.json,3,1335.5651813255517,online_boutique,0.0,0.0,0.0,0.0,0.0,0.0,0,-590.4091095194754,paymentservice_cpu,metric,0,1,1,0.0,0.3333333333333333,0.6,results/ablation/no_ar/metric/online_boutique/paymentservice_cpu_run4.json,3,1925.974290845027,"[""paymentservice_cpu""]",4,0.9210793176244784
1,1,1,1.0,1.0,1.0,results/main/amber/metric/online_boutique/paymentservice_cpu_run5.json,1,1052.4213700024875,online_boutique,0.0,0.0,0.0,0.0,0.0,0.0,0,-195.31097660522437,paymentservice_cpu,metric,1,1,1,1.0,1.0,1.0,results/ablation/no_ar/metric/online_boutique/paymentservice_cpu_run5.json,1,1247.7323466077119,"[""paymentservice_cpu""]",5,0.7905829438760079
1,1,1,1.0,1.0,1.0,results/main/amber/metric/online_boutique/paymentservice_delay_run1.json,1,3193.307473904824,online_boutique,0.0,0.0,0.0,0.0,0.0,0.0,0,-25.894538706140338,paymentservice_delay,metric,1,1,1,1.0,1.0,1.0,results/ablation/no_ar/metric/online_boutique/paymentservice_delay_run1.json,1,3219.202012610964,"[""paymentservice_latency-50"", ""paymentservice_latency-90""]",1,0.010324512323501091
0,1,1,0.0,0.6666666666666666,0.8,results/main/amber/metric/online_boutique/paymentservice_delay_run2.json,2,2293.6223101987507,online_boutique,0.0,0.0,0.0,0.0,0.0,0.0,0,-0.39290128893162546,paymentservice_delay,metric,0,1,1,0.0,0.6666666666666666,0.8,results/ablation/no_ar/metric/online_boutique/paymentservice_delay_run2.json,2,2294.0152114876823,"[""paymentservice_latency-50"", ""paymentservice_latency-90""]",2,0.806169133846827
0,1,1,0.0,0.6666666666666666,0.8,results/main/amber/metric/online_boutique/paymentservice_delay_run3.json,2,1991.8256954620101,online_boutique,0.0,0.0,0.0,0.0,0.0,0.0,0,22.551722320656154,paymentservice_delay,metric,0,1,1,0.0,0.6666666666666666,0.8,results/ablation/no_ar/metric/online_boutique/paymentservice_delay_run3.json,2,1969.273973141354,"[""paymentservice_latency-50"", ""paymentservice_latency-90""]",3,0.833376277649196
1,1,1,1.0,1.0,1.0,results/main/amber/metric/online_boutique/paymentservice_delay_run4.json,1,2024.654664220317,online_boutique,0.0,0.0,0.0,0.0,0.0,0.0,0,0.7828703186410166,paymentservice_delay,metric,1,1,1,1.0,1.0,1.0,results/ablation/no_ar/metric/online_boutique/paymentservice_delay_run4.json,1,2023.871793901676,"[""paymentservice_latency-50"", ""paymentservice_latency-90""]",4,0.7993224324807404
1,1,1,1.0,1.0,1.0,results/main/amber/metric/online_boutique/paymentservice_delay_run5.json,1,3172.3267478473595,online_boutique,0.0,0.0,0.0,0.0,0.0,0.0,0,-24.98249387260148,paymentservice_delay,metric,1,1,1,1.0,1.0,1.0,results/ablation/no_ar/metric/online_boutique/paymentservice_delay_run5.json,1,3197.309241719961,"[""paymentservice_latency-50"", ""paymentservice_latency-90""]",5,0.007845895679044193
0,0,0,0.0,0.0,0.0,results/main/amber/metric/online_boutique/paymentservice_loss_run1.json,,,online_boutique,0.0,0.0,0.0,0.0,0.0,0.0,,,paymentservice_loss,metric,0,0,0,0.0,0.0,0.0,results/ablation/no_ar/metric/online_boutique/paymentservice_loss_run1.json,,,[],1,
0,0,0,0.0,0.0,0.0,results/main/amber/metric/online_boutique/paymentservice_loss_run2.json,,,online_boutique,0.0,0.0,0.0,0.0,0.0,0.0,,,paymentservice_loss,metric,0,0,0,0.0,0.0,0.0,results/ablation/no_ar/metric/online_boutique/paymentservice_loss_run2.json,,,[],2,
0,0,0,0.0,0.0,0.0,results/main/amber/metric/online_boutique/paymentservice_loss_run3.json,,,online_boutique,0.0,0.0,0.0,0.0,0.0,0.0,,,paymentservice_loss,metric,0,0,0,0.0,0.0,0.0,results/ablation/no_ar/metric/online_boutique/paymentservice_loss_run3.json,,,[],3,
0,0,0,0.0,0.0,0.0,results/main/amber/metric/online_boutique/paymentservice_loss_run4.json,,,online_boutique,0.0,0.0,0.0,0.0,0.0,0.0,,,paymentservice_loss,metric,0,0,0,0.0,0.0,0.0,results/ablation/no_ar/metric/online_boutique/paymentservice_loss_run4.json,,,[],4,
0,0,0,0.0,0.0,0.0,results/main/amber/metric/online_boutique/paymentservice_loss_run5.json,,,online_boutique,0.0,0.0,0.0,0.0,0.0,0.0,,,paymentservice_loss,metric,0,0,0,0.0,0.0,0.0,results/ablation/no_ar/metric/online_boutique/paymentservice_loss_run5.json,,,[],5,
0,0,0,0.0,0.0,0.0,results/main/amber/metric/online_boutique/paymentservice_mem_run1.json,8,1281.5133126759342,online_boutique,0.0,0.0,0.0,0.0,0.0,0.0,1,-583.1497197362364,paymentservice_mem,metric,0,0,0,0.0,0.0,0.0,results/ablation/no_ar/metric/online_boutique/paymentservice_mem_run1.json,7,1864.6630324121707,"[""paymentservice_mem""]",1,0.9917354834703234
0,0,0,0.0,0.0,0.0,results/main/amber/metric/online_boutique/paymentservice_mem_run2.json,6,1511.0382859476063,online_boutique,0.0,0.0,0.0,0.0,0.0,0.0,0,-518.9380719651995,paymentservice_mem,metric,0,0,0,0.0,0.0,0.0,results/ablation/no_ar/metric/online_boutique/paymentservice_mem_run2.json,6,2029.9763579128057,"[""paymentservice_mem""]",2,0.8915168254897848
0,0,1,0.0,0.0,0.2,results/main/amber/metric/online_boutique/paymentservice_mem_run3.json,5,1606.1617351188274,online_boutique,0.0,0.0,0.0,0.0,0.0,0.0,0,-507.0455900974316,paymentservice_mem,metric,0,0,1,0.0,0.0,0.2,results/ablation/no_ar/metric/online_boutique/paymentservice_mem_run3.json,5,2113.207325216259,"[""paymentservice_mem""]",3,0.9708538056146943
0,0,1,0.0,0.0,0.4,results/main/amber/metric/online_boutique/paymentservice_mem_run4.json,4,1549.8158649452853,online_boutique,0.0,0.0,0.0,0.0,0.0,0.0,0,-494.1594663025453,paymentservice_mem,metric,0,0,1,0.0,0.0,0.4,results/ablation/no_ar/metric/online_boutique/paymentservice_mem_run4.json,4,2043.9753312478306,"[""paymentservice_mem""]",4,0.912747765992952
0,0,1,0.0,0.0,0.2,results/main/amber/metric/online_boutique/paymentservice_mem_run5.json,5,1467.8613232745438,online_boutique,0.0,0.0,0.0,0.0,0.0,-0.2,1,-635.7090286010962,paymentservice_mem,metric,0,0,1,0.0,0.0,0.4,results/ablation/no_ar/metric/online_boutique/paymentservice_mem_run5.json,4,2103.57035187564,"[""paymentservice_mem""]",5,0.9505662144730004
0,0,0,0.0,0.0,0.0,results/main/amber/metric/online_boutique/productcatalogservice_cpu_run1.json,14,573.6400282992888,online_boutique,0.0,0.0,0.0,0.0,0.0,0.0,4,-529.7374308216513,productcatalogservice_cpu,metric,0,0,0,0.0,0.0,0.0,results/ablation/no_ar/metric/online_boutique/productcatalogservice_cpu_run1.json,10,1103.37745912094,"[""productcatalogservice_cpu""]",1,0.8165804988470788
0,0,0,0.0,0.0,0.0,results/main/amber/metric/online_boutique/productcatalogservice_cpu_run2.json,16,620.9705181151048,online_boutique,0.0,0.0,0.0,0.0,0.0,0.0,5,-496.0186777610388,productcatalogservice_cpu,metric,0,0,0,0.0,0.0,0.0,results/ablation/no_ar/metric/online_boutique/productcatalogservice_cpu_run2.json,11,1116.9891958761436,"[""productcatalogservice_cpu""]",2,0.7920493465045979
0,0,0,0.0,0.0,0.0,results/main/amber/metric/online_boutique/productcatalogservice_cpu_run3.json,8,727.2666606464686,online_boutique,0.0,0.0,0.0,0.0,0.0,0.0,1,-391.0138011101617,productcatalogservice_cpu,metric,0,0,0,0.0,0.0,0.0,results/ablation/no_ar/metric/online_boutique/productcatalogservice_cpu_run3.json,7,1118.2804617566303,"[""productcatalogservice_cpu""]",3,0.7250044037341054
0,0,0,0.0,0.0,0.0,results/main/amber/metric/online_boutique/productcatalogservice_cpu_run4.json,11,889.6542916544777,online_boutique,0.0,0.0,0.0,0.0,0.0,0.0,1,-337.5922428146446,productcatalogservice_cpu,metric,0,0,0,0.0,0.0,0.0,results/ablation/no_ar/metric/online_boutique/productcatalogservice_cpu_run4.json,10,1227.2465344691223,"[""productcatalogservice_cpu""]",4,0.6883771846978802
0,0,0,0.0,0.0,0.0,results/main/amber/metric/online_boutique/productcatalogservice_cpu_run5.json,12,509.92091251124566,online_boutique,0.0,0.0,0.0,0.0,0.0,0.0,5,-529.5222363903733,productcatalogservice_cpu,metric,0,0,0,0.0,0.0,0.0,results/ablation/no_ar/metric/online_boutique/productcatalogservice_cpu_run5.json,7,1039.443148901619,"[""productcatalogservice_cpu""]",5,0.8356061551015457
1,1,1,1.0,1.0,1.0,results/main/amber/metric/online_boutique/productcatalogservice_delay_run1.json,1,2612.446621621591,online_boutique,0.0,0.0,0.0,0.0,0.0,0.0,0,3.1498484540170466,productcatalogservice_delay,metric,1,1,1,1.0,1.0,1.0,results/ablation/no_ar/metric/online_boutique/productcatalogservice_delay_run1.json,1,2609.296773167574,"[""productcatalogservice_latency-50"", ""productcatalogservice_latency-90""]",1,0.08456051558187332
1,1,1,1.0,1.0,1.0,results/main/amber/metric/online_boutique/productcatalogservice_delay_run2.json,1,3425.0700795316816,online_boutique,0.0,0.0,0.0,0.0,0.0,0.0,0,45.602860438600146,productcatalogservice_delay,metric,1,1,1,1.0,1.0,1.0,results/ablation/no_ar/metric/online_boutique/productcatalogservice_delay_run2.json,1,3379.4672190930814,"[""productcatalogservice_latency-50"", ""productcatalogservice_latency-90""]",2,0.09223476300861817
1,1,1,1.0,1.0,1.0,results/main/amber/metric/online_boutique/productcatalogservice_delay_run3.json,1,3398.3923489279705,online_boutique,0.0,0.0,0.0,0.0,0.0,0.0,0,0.6685195548870979,productcatalogservice_delay,metric,1,1,1,1.0,1.0,1.0,results/ablation/no_ar/metric/online_boutique/productcatalogservice_delay_run3.json,1,3397.7238293730834,"[""productcatalogservice_latency-50"", ""productcatalogservice_latency-90""]",3,0.4903105801944603
1,1,1,1.0,1.0,1.0,results/main/amber/metric/online_boutique/productcatalogservice_delay_run4.json,1,3473.755975449689,online_boutique,0.0,0.0,0.0,0.0,0.0,0.0,0,-28.983807881573284,productcatalogservice_delay,metric,1,1,1,1.0,1.0,1.0,results/ablation/no_ar/metric/online_boutique/productcatalogservice_delay_run4.json,1,3502.739783331262,"[""productcatalogservice_latency-50"", ""productcatalogservice_latency-90""]",4,0.02621218127873477
1,1,1,1.0,1.0,1.0,results/main/amber/metric/online_boutique/productcatalogservice_delay_run5.json,1,3547.695064960456,online_boutique,0.0,0.0,0.0,0.0,0.0,0.0,0,-22.86977917432887,productcatalogservice_delay,metric,1,1,1,1.0,1.0,1.0,results/ablation/no_ar/metric/online_boutique/productcatalogservice_delay_run5.json,1,3570.564844134785,"[""productcatalogservice_latency-50"", ""productcatalogservice_latency-90""]",5,0.033007128203980676
0,0,0,0.0,0.0,0.0,results/main/amber/metric/online_boutique/productcatalogservice_loss_run1.json,,,online_boutique,0.0,0.0,0.0,0.0,0.0,0.0,,,productcatalogservice_loss,metric,0,0,0,0.0,0.0,0.0,results/ablation/no_ar/metric/online_boutique/productcatalogservice_loss_run1.json,,,[],1,
0,0,0,0.0,0.0,0.0,results/main/amber/metric/online_boutique/productcatalogservice_loss_run2.json,,,online_boutique,0.0,0.0,0.0,0.0,0.0,0.0,,,productcatalogservice_loss,metric,0,0,0,0.0,0.0,0.0,results/ablation/no_ar/metric/online_boutique/productcatalogservice_loss_run2.json,,,[],2,
0,0,0,0.0,0.0,0.0,results/main/amber/metric/online_boutique/productcatalogservice_loss_run3.json,,,online_boutique,0.0,0.0,0.0,0.0,0.0,0.0,,,productcatalogservice_loss,metric,0,0,0,0.0,0.0,0.0,results/ablation/no_ar/metric/online_boutique/productcatalogservice_loss_run3.json,,,[],3,
0,0,0,0.0,0.0,0.0,results/main/amber/metric/online_boutique/productcatalogservice_loss_run4.json,,,online_boutique,0.0,0.0,0.0,0.0,0.0,0.0,,,productcatalogservice_loss,metric,0,0,0,0.0,0.0,0.0,results/ablation/no_ar/metric/online_boutique/productcatalogservice_loss_run4.json,,,[],4,
0,0,0,0.0,0.0,0.0,results/main/amber/metric/online_boutique/productcatalogservice_loss_run5.json,,,online_boutique,0.0,0.0,0.0,0.0,0.0,0.0,,,productcatalogservice_loss,metric,0,0,0,0.0,0.0,0.0,results/ablation/no_ar/metric/online_boutique/productcatalogservice_loss_run5.json,,,[],5,
0,0,1,0.0,0.0,0.2,results/main/amber/metric/online_boutique/productcatalogservice_mem_run1.json,6,2172.600830125284,online_boutique,0.0,-1.0,0.0,0.0,-0.3333333333333333,-0.39999999999999997,3,-449.1620432212121,productcatalogservice_mem,metric,0,1,1,0.0,0.3333333333333333,0.6,results/ablation/no_ar/metric/online_boutique/productcatalogservice_mem_run1.json,3,2621.7628733464962,"[""productcatalogservice_mem""]",1,0.9248966921813173
0,0,0,0.0,0.0,0.0,results/main/amber/metric/online_boutique/productcatalogservice_mem_run2.json,7,2057.610716103987,online_boutique,0.0,0.0,-1.0,0.0,0.0,-0.4,3,-358.0276354574362,productcatalogservice_mem,metric,0,0,1,0.0,0.0,0.4,results/ablation/no_ar/metric/online_boutique/productcatalogservice_mem_run2.json,4,2415.6383515614234,"[""productcatalogservice_mem""]",2,0.9227245601866344
0,0,1,0.0,0.0,0.2,results/main/amber/metric/online_boutique/productcatalogservice_mem_run3.json,5,2258.813894851298,online_boutique,0.0,-1.0,0.0,0.0,-0.3333333333333333,-0.39999999999999997,2,-455.02023272176166,productcatalogservice_mem,metric,0,1,1,0.0,0.3333333333333333,0.6,results/ablation/no_ar/metric/online_boutique/productcatalogservice_mem_run3.json,3,2713.8341275730595,"[""productcatalogservice_mem""]",3,0.9309914439539991
0,0,1,0.0,0.0,0.2,results/main/amber/metric/online_boutique/productcatalogservice_mem_run4.json,5,1906.6501172924663,online_boutique,0.0,-1.0,0.0,0.0,-0.3333333333333333,-0.39999999999999997,2,-410.0177794383635,productcatalogservice_mem,metric,0,1,1,0.0,0.3333333333333333,0.6,results/ablation/no_ar/metric/online_boutique/productcatalogservice_mem_run4.json,3,2316.66789673083,"[""productcatalogservice_mem""]",4,0.9172273395648538
0,0,0,0.0,0.0,0.0,results/main/amber/metric/online_boutique/productcatalogservice_mem_run5.json,12,1790.4159687316687,online_boutique,0.0,0.0,0.0,0.0,0.0,0.0,5,-564.2644785751354,productcatalogservice_mem,metric,0,0,0,0.0,0.0,0.0,results/ablation/no_ar/metric/online_boutique/productcatalogservice_mem_run5.json,7,2354.680447306804,"[""productcatalogservice_mem""]",5,0.9141963483416987
0,0,0,0.0,0.0,0.0,results/main/amber/metric/sock_shop/carts_cpu_run1.json,14,264.60386247810857,sock_shop,0.0,0.0,-1.0,0.0,0.0,-0.4,9,-651.6252761318644,carts_cpu,metric,0,0,1,0.0,0.0,0.4,results/ablation/no_ar/metric/sock_shop/carts_cpu_run1.json,5,916.229138609973,"[""carts_cpu""]",1,0.9756133367444749
0,0,1,0.0,0.0,0.2,results/main/amber/metric/sock_shop/carts_cpu_run2.json,8,321.6448333440194,sock_shop,0.0,-1.0,0.0,0.0,-0.6666666666666666,-0.6000000000000001,5,-639.2552622528481,carts_cpu,metric,0,1,1,0.0,0.6666666666666666,0.8,results/ablation/no_ar/metric/sock_shop/carts_cpu_run2.json,3,960.9000955968675,"[""carts_cpu""]",2,0.9805807412427181
0,1,1,0.0,0.3333333333333333,0.6,results/main/amber/metric/sock_shop/carts_cpu_run3.json,4,1166.7731028824805,sock_shop,-1.0,0.0,0.0,-1.0,-0.6666666666666667,-0.4,3,-473.7984991294702,carts_cpu,metric,1,1,1,1.0,1.0,1.0,results/ablation/no_ar/metric/sock_shop/carts_cpu_run3.json,1,1640.5716020119507,"[""carts_cpu""]",3,0.8805642453944712
0,0,0,0.0,0.0,0.0,results/main/amber/metric/sock_shop/carts_cpu_run4.json,11,343.29573565242254,sock_shop,0.0,-1.0,-1.0,0.0,-0.6666666666666666,-0.8,8,-656.7556224617304,carts_cpu,metric,0,1,1,0.0,0.6666666666666666,0.8,results/ablation/no_ar/metric/sock_shop/carts_cpu_run4.json,3,1000.0513581141529,"[""carts_cpu""]",4,0.9680093336156314
0,1,1,0.0,0.3333333333333333,0.6,results/main/amber/metric/sock_shop/carts_cpu_run5.json,4,1033.7069243564274,sock_shop,-1.0,0.0,0.0,-1.0,-0.6666666666666667,-0.4,3,-321.86788748242,carts_cpu,metric,1,1,1,1.0,1.0,1.0,results/ablation/no_ar/metric/sock_shop/carts_cpu_run5.json,1,1355.5748118388474,"[""carts_cpu""]",5,0.842197238376218
0,1,1,0.0,0.6666666666666666,0.8,results/main/amber/metric/sock_shop/carts_delay_run1.json,3,3046.1868980559857,sock_shop,-1.0,0.0,0.0,-1.0,-0.33333333333333337,-0.19999999999999996,2,-18.440978918654764,carts_delay,metric,1,1,1,1.0,1.0,1.0,results/ablation/no_ar/metric/sock_shop/carts_delay_run1.json,1,3064.6278769746405,"[""carts_latency-50"", ""carts_latency-90""]",1,0.4900524248323726
1,1,1,1.0,1.0,1.0,results/main/amber/metric/sock_shop/carts_delay_run2.json,1,3188.2971447546097,sock_shop,0.0,0.0,0.0,0.0,0.0,0.0,0,-21.718566143737917,carts_delay,metric,1,1,1,1.0,1.0,1.0,results/ablation/no_ar/metric/sock_shop/carts_delay_run2.json,1,3210.0157108983476,"[""carts_latency-50"", ""carts_latency-90""]",2,0.2893658173165546
0,1,1,0.0,0.6666666666666666,0.8,results/main/amber/metric/sock_shop/carts_delay_run3.json,2,2543.3969445736593,sock_shop,0.0,0.0,0.0,0.0,0.0,0.0,0,-6.703294956343143,carts_delay,metric,0,1,1,0.0,0.6666666666666666,0.8,results/ablation/no_ar/metric/sock_shop/carts_delay_run3.json,2,2550.1002395300025,"[""carts_latency-50"", ""carts_latency-90""]",3,1.2321748649566728
1,1,1,1.0,1.0,1.0,results/main/amber/metric/sock_shop/carts_delay_run4.json,1,3012.237499908581,sock_shop,0.0,0.0,0.0,0.0,0.0,0.0,0,-25.598491997542624,carts_delay,metric,1,1,1,1.0,1.0,1.0,results/ablation/no_ar/metric/sock_shop/carts_delay_run4.json,1,3037.8359919061236,"[""carts_latency-50"", ""carts_latency-90""]",4,0.4188910146624406
0,1,1,0.0,0.6666666666666666,0.8,results/main/amber/metric/sock_shop/carts_delay_run5.json,2,2523.0063697819405,sock_shop,0.0,0.0,0.0,0.0,0.0,0.0,0,4.90216452328923,carts_delay,metric,0,1,1,0.0,0.6666666666666666,0.8,results/ablation/no_ar/metric/sock_shop/carts_delay_run5.json,2,2518.1042052586513,"[""carts_latency-50"", ""carts_latency-90""]",5,1.3092937923209926
0,0,0,0.0,0.0,0.0,results/main/amber/metric/sock_shop/carts_loss_run1.json,,,sock_shop,0.0,0.0,0.0,0.0,0.0,0.0,,,carts_loss,metric,0,0,0,0.0,0.0,0.0,results/ablation/no_ar/metric/sock_shop/carts_loss_run1.json,,,[],1,
0,0,0,0.0,0.0,0.0,results/main/amber/metric/sock_shop/carts_loss_run2.json,,,sock_shop,0.0,0.0,0.0,0.0,0.0,0.0,,,carts_loss,metric,0,0,0,0.0,0.0,0.0,results/ablation/no_ar/metric/sock_shop/carts_loss_run2.json,,,[],2,
0,0,0,0.0,0.0,0.0,results/main/amber/metric/sock_shop/carts_loss_run3.json,,,sock_shop,0.0,0.0,0.0,0.0,0.0,0.0,,,carts_loss,metric,0,0,0,0.0,0.0,0.0,results/ablation/no_ar/metric/sock_shop/carts_loss_run3.json,,,[],3,
0,0,0,0.0,0.0,0.0,results/main/amber/metric/sock_shop/carts_loss_run4.json,,,sock_shop,0.0,0.0,0.0,0.0,0.0,0.0,,,carts_loss,metric,0,0,0,0.0,0.0,0.0,results/ablation/no_ar/metric/sock_shop/carts_loss_run4.json,,,[],4,
0,0,0,0.0,0.0,0.0,results/main/amber/metric/sock_shop/carts_loss_run5.json,,,sock_shop,0.0,0.0,0.0,0.0,0.0,0.0,,,carts_loss,metric,0,0,0,0.0,0.0,0.0,results/ablation/no_ar/metric/sock_shop/carts_loss_run5.json,,,[],5,
0,0,1,0.0,0.0,0.2,results/main/amber/metric/sock_shop/carts_mem_run1.json,6,1622.3148445229826,sock_shop,0.0,-1.0,0.0,0.0,-0.3333333333333333,-0.39999999999999997,2,-618.6054905027622,carts_mem,metric,0,1,1,0.0,0.3333333333333333,0.6,results/ablation/no_ar/metric/sock_shop/carts_mem_run1.json,4,2240.920335025745,"[""carts_mem""]",1,0.9820441212323129
0,1,1,0.0,0.3333333333333333,0.6,results/main/amber/metric/sock_shop/carts_mem_run2.json,4,2193.1619997910852,sock_shop,0.0,0.0,0.0,0.0,0.0,0.0,0,43.69915392658004,carts_mem,metric,0,1,1,0.0,0.3333333333333333,0.6,results/ablation/no_ar/metric/sock_shop/carts_mem_run2.json,4,2149.462845864505,"[""carts_mem""]",2,0.9959661899102961
0,0,0,0.0,0.0,0.0,results/main/amber/metric/sock_shop/carts_mem_run3.json,7,1538.3400422027335,sock_shop,0.0,0.0,-1.0,0.0,0.0,-0.2,2,-193.94674014943485,carts_mem,metric,0,0,1,0.0,0.0,0.2,results/ablation/no_ar/metric/sock_shop/carts_mem_run3.json,5,1732.2867823521683,"[""carts_mem""]",3,0.9887895939741315
0,0,0,0.0,0.0,0.0,results/main/amber/metric/sock_shop/carts_mem_run4.json,7,1517.0028353653306,sock_shop,0.0,-1.0,-1.0,0.0,-0.3333333333333333,-0.6,3,-551.3133856109771,carts_mem,metric,0,1,1,0.0,0.3333333333333333,0.6,results/ablation/no_ar/metric/sock_shop/carts_mem_run4.json,4,2068.3162209763077,"[""carts_mem""]",4,0.9745415565469745
0,0,0,0.0,0.0,0.0,results/main/amber/metric/sock_shop/carts_mem_run5.json,7,1489.7118442312149,sock_shop,0.0,0.0,-1.0,0.0,0.0,-0.4,3,-247.61437635832863,carts_mem,metric,0,0,1,0.0,0.0,0.4,results/ablation/no_ar/metric/sock_shop/carts_mem_run5.json,4,1737.3262205895435,"[""carts_mem""]",5,0.9859113681807307
0,1,1,0.0,0.6666666666666666,0.8,results/main/amber/metric/sock_shop/catalogue_cpu_run1.json,2,2059.43755060641,sock_shop,0.0,0.0,0.0,0.0,0.0,0.0,0,-318.3669812490143,catalogue_cpu,metric,0,1,1,0.0,0.6666666666666666,0.8,results/ablation/no_ar/metric/sock_shop/catalogue_cpu_run1.json,2,2377.804531855424,"[""catalogue_cpu""]",1,0.6824731523750364
0,1,1,0.0,0.6666666666666666,0.8,results/main/amber/metric/sock_shop/catalogue_cpu_run2.json,2,2021.0042482837353,sock_shop,-1.0,0.0,0.0,-1.0,-0.33333333333333337,-0.19999999999999996,1,-423.907658287867,catalogue_cpu,metric,1,1,1,1.0,1.0,1.0,results/ablation/no_ar/metric/sock_shop/catalogue_cpu_run2.json,1,2444.9119065716022,"[""catalogue_cpu""]",2,0.7640406670951402
0,1,1,0.0,0.6666666666666666,0.8,results/main/amber/metric/sock_shop/catalogue_cpu_run3.json,2,2047.8187053519896,sock_shop,0.0,0.0,0.0,0.0,0.0,0.0,0,-341.8093450213173,catalogue_cpu,metric,0,1,1,0.0,0.6666666666666666,0.8,results/ablation/no_ar/metric/sock_shop/catalogue_cpu_run3.json,2,2389.628050373307,"[""catalogue_cpu""]",3,0.7084171844930992
0,1,1,0.0,0.6666666666666666,0.8,results/main/amber/metric/sock_shop/catalogue_cpu_run4.json,2,2116.868886109599,sock_shop,0.0,0.0,0.0,0.0,0.0,0.0,0,-348.91538918152855,catalogue_cpu,metric,0,1,1,0.0,0.6666666666666666,0.8,results/ablation/no_ar/metric/sock_shop/catalogue_cpu_run4.json,2,2465.7842752911274,"[""catalogue_cpu""]",4,0.6942692616021733
0,1,1,0.0,0.6666666666666666,0.8,results/main/amber/metric/sock_shop/catalogue_cpu_run5.json,3,1423.4225614394122,sock_shop,0.0,0.0,0.0,0.0,0.3333333333333333,0.20000000000000007,0,-445.28548784771147,catalogue_cpu,metric,0,1,1,0.0,0.3333333333333333,0.6,results/ablation/no_ar/metric/sock_shop/catalogue_cpu_run5.json,3,1868.7080492871237,"[""catalogue_cpu""]",5,0.8788560206784974
1,1,1,1.0,1.0,1.0,results/main/amber/metric/sock_shop/catalogue_delay_run1.json,1,3733.770522966175,sock_shop,0.0,0.0,0.0,0.0,0.0,0.0,0,-25.928993892548533,catalogue_delay,metric,1,1,1,1.0,1.0,1.0,results/ablation/no_ar/metric/sock_shop/catalogue_delay_run1.json,1,3759.6995168587237,"[""catalogue_latency-50"", ""catalogue_latency-90""]",1,0.0001284942368074227
1,1,1,1.0,1.0,1.0,results/main/amber/metric/sock_shop/catalogue_delay_run2.json,1,2840.5540630160685,sock_shop,0.0,0.0,0.0,0.0,0.0,0.0,0,108.86937344861508,catalogue_delay,metric,1,1,1,1.0,1.0,1.0,results/ablation/no_ar/metric/sock_shop/catalogue_delay_run2.json,1,2731.6846895674535,"[""catalogue_latency-50"", ""catalogue_latency-90""]",2,0.7453786365406858
1,1,1,1.0,1.0,1.0,results/main/amber/metric/sock_shop/catalogue_delay_run3.json,1,3384.7068983051017,sock_shop,0.0,0.0,0.0,0.0,0.0,0.0,0,-27.27380503909808,catalogue_delay,metric,1,1,1,1.0,1.0,1.0,results/ablation/no_ar/metric/sock_shop/catalogue_delay_run3.json,1,3411.9807033442,"[""catalogue_latency-50"", ""catalogue_latency-90""]",3,0.0008086860199593757
1,1,1,1.0,1.0,1.0,results/main/amber/metric/sock_shop/catalogue_delay_run4.json,1,2835.036518525514,sock_shop,0.0,0.0,0.0,0.0,0.0,0.0,0,101.71044193583657,catalogue_delay,metric,1,1,1,1.0,1.0,1.0,results/ablation/no_ar/metric/sock_shop/catalogue_delay_run4.json,1,2733.3260765896775,"[""catalogue_latency-50"", ""catalogue_latency-90""]",4,0.8451514779615376
1,1,1,1.0,1.0,1.0,results/main/amber/metric/sock_shop/catalogue_delay_run5.json,1,3273.8663479026427,sock_shop,0.0,0.0,0.0,0.0,0.0,0.0,0,-23.361523734620732,catalogue_delay,metric,1,1,1,1.0,1.0,1.0,results/ablation/no_ar/metric/sock_shop/catalogue_delay_run5.json,1,3297.2278716372634,"[""catalogue_latency-50"", ""catalogue_latency-90""]",5,0.0016227540377288054
1,1,1,1.0,1.0,1.0,results/main/amber/metric/sock_shop/catalogue_loss_run1.json,1,5056.110931055813,sock_shop,0.0,0.0,0.0,0.0,0.0,0.0,0,-43.52492284912023,catalogue_loss,metric,1,1,1,1.0,1.0,1.0,results/ablation/no_ar/metric/sock_shop/catalogue_loss_run1.json,1,5099.635853904933,"[""catalogue_error""]",1,0.0
0,0,0,0.0,0.0,0.0,results/main/amber/metric/sock_shop/catalogue_loss_run2.json,,,sock_shop,0.0,0.0,0.0,0.0,0.0,0.0,,,catalogue_loss,metric,0,0,0,0.0,0.0,0.0,results/ablation/no_ar/metric/sock_shop/catalogue_loss_run2.json,,,[],2,
0,0,0,0.0,0.0,0.0,results/main/amber/metric/sock_shop/catalogue_loss_run3.json,,,sock_shop,0.0,0.0,0.0,0.0,0.0,0.0,,,catalogue_loss,metric,0,0,0,0.0,0.0,0.0,results/ablation/no_ar/metric/sock_shop/catalogue_loss_run3.json,,,[],3,
0,0,0,0.0,0.0,0.0,results/main/amber/metric/sock_shop/catalogue_loss_run4.json,,,sock_shop,0.0,0.0,0.0,0.0,0.0,0.0,,,catalogue_loss,metric,0,0,0,0.0,0.0,0.0,results/ablation/no_ar/metric/sock_shop/catalogue_loss_run4.json,,,[],4,
0,0,0,0.0,0.0,0.0,results/main/amber/metric/sock_shop/catalogue_loss_run5.json,,,sock_shop,0.0,0.0,0.0,0.0,0.0,0.0,,,catalogue_loss,metric,0,0,0,0.0,0.0,0.0,results/ablation/no_ar/metric/sock_shop/catalogue_loss_run5.json,,,[],5,
0,1,1,0.0,0.3333333333333333,0.6,results/main/amber/metric/sock_shop/catalogue_mem_run1.json,4,2288.9220881759397,sock_shop,0.0,0.0,0.0,0.0,0.0,0.0,0,-411.5589794288153,catalogue_mem,metric,0,1,1,0.0,0.3333333333333333,0.6,results/ablation/no_ar/metric/sock_shop/catalogue_mem_run1.json,4,2700.481067604755,"[""catalogue_mem""]",1,0.985192629101069
0,1,1,0.0,0.3333333333333333,0.6,results/main/amber/metric/sock_shop/catalogue_mem_run2.json,4,2549.292311103608,sock_shop,0.0,0.0,0.0,0.0,0.0,0.0,0,-357.463325415049,catalogue_mem,metric,0,1,1,0.0,0.3333333333333333,0.6,results/ablation/no_ar/metric/sock_shop/catalogue_mem_run2.json,4,2906.755636518657,"[""catalogue_mem""]",2,0.9872981404103329
0,1,1,0.0,0.6666666666666666,0.8,results/main/amber/metric/sock_shop/catalogue_mem_run3.json,2,3107.0563805086163,sock_shop,0.0,0.0,0.0,0.0,0.0,0.0,0,-334.8137524418289,catalogue_mem,metric,0,1,1,0.0,0.6666666666666666,0.8,results/ablation/no_ar/metric/sock_shop/catalogue_mem_run3.json,2,3441.870132950445,"[""catalogue_mem""]",3,0.9969553695224106
0,0,1,0.0,0.0,0.4,results/main/amber/metric/sock_shop/catalogue_mem_run4.json,5,1906.5326160633003,sock_shop,0.0,0.0,0.0,0.0,0.0,0.0,0,-409.72397524833514,catalogue_mem,metric,0,0,1,0.0,0.0,0.4,results/ablation/no_ar/metric/sock_shop/catalogue_mem_run4.json,5,2316.2565913116355,"[""catalogue_mem""]",4,0.9794196841945615
0,0,1,0.0,0.0,0.2,results/main/amber/metric/sock_shop/catalogue_mem_run5.json,5,1460.9673812963292,sock_shop,0.0,-1.0,0.0,0.0,-0.3333333333333333,-0.39999999999999997,2,-443.99282276979557,catalogue_mem,metric,0,1,1,0.0,0.3333333333333333,0.6,results/ablation/no_ar/metric/sock_shop/catalogue_mem_run5.json,3,1904.9602040661248,"[""catalogue_mem""]",5,0.9842187381089503
0,0,1,0.0,0.0,0.2,results/main/amber/metric/sock_shop/orders_cpu_run1.json,6,398.45551226303905,sock_shop,0.0,-1.0,0.0,0.0,-0.6666666666666666,-0.6000000000000001,4,-590.9094328052356,orders_cpu,metric,0,1,1,0.0,0.6666666666666666,0.8,results/ablation/no_ar/metric/sock_shop/orders_cpu_run1.json,2,989.3649450682747,"[""orders_cpu""]",1,0.9873838184757107
0,0,1,0.0,0.0,0.2,results/main/amber/metric/sock_shop/orders_cpu_run2.json,6,402.8401334496202,sock_shop,0.0,-1.0,0.0,0.0,-0.3333333333333333,-0.39999999999999997,3,-569.9674730591785,orders_cpu,metric,0,1,1,0.0,0.3333333333333333,0.6,results/ablation/no_ar/metric/sock_shop/orders_cpu_run2.json,3,972.8076065087987,"[""orders_cpu""]",2,0.9801150518264526
0,0,0,0.0,0.0,0.0,results/main/amber/metric/sock_shop/orders_cpu_run3.json,9,542.4599879616362,sock_shop,0.0,-1.0,-1.0,0.0,-0.6666666666666666,-0.8,7,-719.4049082548581,orders_cpu,metric,0,1,1,0.0,0.6666666666666666,0.8,results/ablation/no_ar/metric/sock_shop/orders_cpu_run3.json,2,1261.8648962164943,"[""orders_cpu""]",3,0.9589159656320455
0,1,1,0.0,0.3333333333333333,0.6,results/main/amber/metric/sock_shop/orders_cpu_run4.json,3,444.66373643390307,sock_shop,0.0,0.0,0.0,0.0,0.0,0.0,0,-521.2056033670433,orders_cpu,metric,0,1,1,0.0,0.3333333333333333,0.6,results/ablation/no_ar/metric/sock_shop/orders_cpu_run4.json,3,965.8693398009464,"[""orders_cpu""]",4,0.9898482215864677
0,0,0,0.0,0.0,0.0,results/main/amber/metric/sock_shop/orders_cpu_run5.json,7,552.8266746686722,sock_shop,0.0,-1.0,-1.0,0.0,-0.6666666666666666,-0.8,5,-667.3787370435057,orders_cpu,metric,0,1,1,0.0,0.6666666666666666,0.8,results/ablation/no_ar/metric/sock_shop/orders_cpu_run5.json,2,1220.205411712178,"[""orders_cpu""]",5,0.9760253894443285
1,1,1,1.0,1.0,1.0,results/main/amber/metric/sock_shop/orders_delay_run1.json,1,3290.1733260228157,sock_shop,0.0,0.0,0.0,0.0,0.0,0.0,0,135.49580513123783,orders_delay,metric,1,1,1,1.0,1.0,1.0,results/ablation/no_ar/metric/sock_shop/orders_delay_run1.json,1,3154.677520891578,"[""orders_latency-50"", ""orders_latency-90""]",1,0.10869934183537983
1,1,1,1.0,1.0,1.0,results/main/amber/metric/sock_shop/orders_delay_run2.json,1,2806.4473796009834,sock_shop,0.0,0.0,0.0,0.0,0.0,0.0,0,-12.047083347046737,orders_delay,metric,1,1,1,1.0,1.0,1.0,results/ablation/no_ar/metric/sock_shop/orders_delay_run2.json,1,2818.49446294803,"[""orders_latency-50"", ""orders_latency-90""]",2,1.1402849487664295
1,1,1,1.0,1.0,1.0,results/main/amber/metric/sock_shop/orders_delay_run3.json,1,3371.6137108007033,sock_shop,0.0,0.0,0.0,0.0,0.0,0.0,0,215.4571008265275,orders_delay,metric,1,1,1,1.0,1.0,1.0,results/ablation/no_ar/metric/sock_shop/orders_delay_run3.json,1,3156.156609974176,"[""orders_latency-50"", ""orders_latency-90""]",3,0.021771279528010203
1,1,1,1.0,1.0,1.0,results/main/amber/metric/sock_shop/orders_delay_run4.json,1,2726.7003405004425,sock_shop,0.0,0.0,0.0,0.0,0.0,0.0,0,-12.150571943198884,orders_delay,metric,1,1,1,1.0,1.0,1.0,results/ablation/no_ar/metric/sock_shop/orders_delay_run4.json,1,2738.8509124436414,"[""orders_latency-50"", ""orders_latency-90""]",4,1.2346137972530626
1,1,1,1.0,1.0,1.0,results/main/amber/metric/sock_shop/orders_delay_run5.json,1,3126.165684761181,sock_shop,0.0,0.0,0.0,0.0,0.0,0.0,0,39.38507673479853,orders_delay,metric,1,1,1,1.0,1.0,1.0,results/ablation/no_ar/metric/sock_shop/orders_delay_run5.json,1,3086.7806080263827,"[""orders_latency-50"", ""orders_latency-90""]",5,0.6581022480685127
1,1,1,1.0,1.0,1.0,results/main/amber/metric/sock_shop/orders_loss_run1.json,1,5741.769869383883,sock_shop,0.0,0.0,0.0,0.0,0.0,0.0,0,-49.28650223459681,orders_loss,metric,1,1,1,1.0,1.0,1.0,results/ablation/no_ar/metric/sock_shop/orders_loss_run1.json,1,5791.05637161848,"[""orders_error""]",1,0.0
1,1,1,1.0,1.0,1.0,results/main/amber/metric/sock_shop/orders_loss_run2.json,1,6222.037663935334,sock_shop,0.0,0.0,0.0,0.0,0.0,0.0,0,-53.32239053970898,orders_loss,metric,1,1,1,1.0,1.0,1.0,results/ablation/no_ar/metric/sock_shop/orders_loss_run2.json,1,6275.360054475043,"[""orders_error""]",2,0.0
1,1,1,1.0,1.0,1.0,results/main/amber/metric/sock_shop/orders_loss_run3.json,1,6036.689352563217,sock_shop,0.0,0.0,0.0,0.0,0.0,0.0,0,-51.76447619560258,orders_loss,metric,1,1,1,1.0,1.0,1.0,results/ablation/no_ar/metric/sock_shop/orders_loss_run3.json,1,6088.453828758819,"[""orders_error""]",3,0.0
1,1,1,1.0,1.0,1.0,results/main/amber/metric/sock_shop/orders_loss_run4.json,1,5412.823188153356,sock_shop,0.0,0.0,0.0,0.0,0.0,0.0,0,-46.52182570327295,orders_loss,metric,1,1,1,1.0,1.0,1.0,results/ablation/no_ar/metric/sock_shop/orders_loss_run4.json,1,5459.345013856629,"[""orders_error""]",4,0.0
1,1,1,1.0,1.0,1.0,results/main/amber/metric/sock_shop/orders_loss_run5.json,1,6023.767465877256,sock_shop,0.0,0.0,0.0,0.0,0.0,0.0,0,-51.653216206767866,orders_loss,metric,1,1,1,1.0,1.0,1.0,results/ablation/no_ar/metric/sock_shop/orders_loss_run5.json,1,6075.420682084024,"[""orders_error""]",5,0.0
0,1,1,0.0,0.3333333333333333,0.6,results/main/amber/metric/sock_shop/orders_mem_run1.json,3,1701.621275292856,sock_shop,0.0,0.0,0.0,0.0,-0.3333333333333333,-0.20000000000000007,1,-313.3630159745385,orders_mem,metric,0,1,1,0.0,0.6666666666666666,0.8,results/ablation/no_ar/metric/sock_shop/orders_mem_run1.json,2,2014.9842912673944,"[""orders_mem""]",1,0.9901323017741377
0,1,1,0.0,0.3333333333333333,0.6,results/main/amber/metric/sock_shop/orders_mem_run2.json,3,1841.4570222779093,sock_shop,0.0,0.0,0.0,0.0,-0.3333333333333333,-0.20000000000000007,1,-164.5205462763597,orders_mem,metric,0,1,1,0.0,0.6666666666666666,0.8,results/ablation/no_ar/metric/sock_shop/orders_mem_run2.json,2,2005.977568554269,"[""orders_mem""]",2,0.9851919620387257
0,1,1,0.0,0.3333333333333333,0.6,results/main/amber/metric/sock_shop/orders_mem_run3.json,4,2244.0761073205813,sock_shop,0.0,0.0,0.0,0.0,0.0,0.0,1,-586.2686112326519,orders_mem,metric,0,1,1,0.0,0.3333333333333333,0.6,results/ablation/no_ar/metric/sock_shop/orders_mem_run3.json,3,2830.344718553233,"[""orders_mem""]",3,0.9746276186607534
0,1,1,0.0,0.3333333333333333,0.6,results/main/amber/metric/sock_shop/orders_mem_run4.json,3,2027.0445107412834,sock_shop,0.0,0.0,0.0,0.0,0.0,0.0,0,-39.2180903401013,orders_mem,metric,0,1,1,0.0,0.3333333333333333,0.6,results/ablation/no_ar/metric/sock_shop/orders_mem_run4.json,3,2066.2626010813847,"[""orders_mem""]",4,0.9858343218459
0,1,1,0.0,0.6666666666666666,0.8,results/main/amber/metric/sock_shop/orders_mem_run5.json,2,1894.6023713197428,sock_shop,0.0,0.0,0.0,0.0,0.0,0.0,0,-376.3037301240729,orders_mem,metric,0,1,1,0.0,0.6666666666666666,0.8,results/ablation/no_ar/metric/sock_shop/orders_mem_run5.json,2,2270.9061014438157,"[""orders_mem""]",5,0.977555814248376
0,1,1,0.0,0.6666666666666666,0.8,results/main/amber/metric/sock_shop/payment_cpu_run1.json,2,1637.6488454659575,sock_shop,0.0,0.0,0.0,0.0,0.0,0.0,0,-282.552428990974,payment_cpu,metric,0,1,1,0.0,0.6666666666666666,0.8,results/ablation/no_ar/metric/sock_shop/payment_cpu_run1.json,2,1920.2012744569315,"[""payment_cpu""]",1,0.6446868655850512
0,1,1,0.0,0.6666666666666666,0.8,results/main/amber/metric/sock_shop/payment_cpu_run2.json,2,1749.264271414117,sock_shop,0.0,0.0,0.0,0.0,0.0,0.0,0,-252.5659240021023,payment_cpu,metric,0,1,1,0.0,0.6666666666666666,0.8,results/ablation/no_ar/metric/sock_shop/payment_cpu_run2.json,2,2001.8301954162193,"[""payment_cpu""]",2,0.5979128289051886
0,1,1,0.0,0.3333333333333333,0.6,results/main/amber/metric/sock_shop/payment_cpu_run3.json,3,1493.213447886404,sock_shop,0.0,0.0,0.0,0.0,0.0,0.0,0,-384.5713953481704,payment_cpu,metric,0,1,1,0.0,0.3333333333333333,0.6,results/ablation/no_ar/metric/sock_shop/payment_cpu_run3.json,3,1877.7848432345745,"[""payment_cpu""]",3,0.7608599054449886
0,1,1,0.0,0.6666666666666666,0.8,results/main/amber/metric/sock_shop/payment_cpu_run4.json,2,1660.8183702667147,sock_shop,0.0,0.0,0.0,0.0,0.0,0.0,0,-266.93351727658137,payment_cpu,metric,0,1,1,0.0,0.6666666666666666,0.8,results/ablation/no_ar/metric/sock_shop/payment_cpu_run4.json,2,1927.751887543296,"[""payment_cpu""]",4,0.6192619735420595
0,1,1,0.0,0.3333333333333333,0.6,results/main/amber/metric/sock_shop/payment_cpu_run5.json,3,1290.500242706722,sock_shop,0.0,0.0,0.0,0.0,-0.3333333333333333,-0.20000000000000007,1,-66.51077223207085,payment_cpu,metric,0,1,1,0.0,0.6666666666666666,0.8,results/ablation/no_ar/metric/sock_shop/payment_cpu_run5.json,2,1357.0110149387929,"[""payment_cpu""]",5,0.6406016961408929
1,1,1,1.0,1.0,1.0,results/main/amber/metric/sock_shop/payment_delay_run1.json,1,3013.76583766949,sock_shop,0.0,0.0,0.0,0.0,0.0,0.0,0,-24.364124800413265,payment_delay,metric,1,1,1,1.0,1.0,1.0,results/ablation/no_ar/metric/sock_shop/payment_delay_run1.json,1,3038.129962469903,"[""payment_latency-50"", ""payment_latency-90""]",1,0.00037136298990536983
1,1,1,1.0,1.0,1.0,results/main/amber/metric/sock_shop/payment_delay_run2.json,1,3423.802504289361,sock_shop,0.0,0.0,0.0,0.0,0.0,0.0,0,-27.257096248859852,payment_delay,metric,1,1,1,1.0,1.0,1.0,results/ablation/no_ar/metric/sock_shop/payment_delay_run2.json,1,3451.059600538221,"[""payment_latency-50"", ""payment_latency-90""]",2,0.004384947273533113
0,1,1,0.0,0.6666666666666666,0.8,results/main/amber/metric/sock_shop/payment_delay_run3.json,2,1117.158821356329,sock_shop,0.0,0.0,0.0,0.0,0.0,0.0,0,101.49159084529674,payment_delay,metric,0,1,1,0.0,0.6666666666666666,0.8,results/ablation/no_ar/metric/sock_shop/payment_delay_run3.json,2,1015.6672305110324,"[""payment_latency-50"", ""payment_latency-90""]",3,0.5025856930113765
1,1,1,1.0,1.0,1.0,results/main/amber/metric/sock_shop/payment_delay_run4.json,1,3297.7590074802047,sock_shop,0.0,0.0,0.0,0.0,0.0,0.0,0,-26.723973832570664,payment_delay,metric,1,1,1,1.0,1.0,1.0,results/ablation/no_ar/metric/sock_shop/payment_delay_run4.json,1,3324.4829813127753,"[""payment_latency-50"", ""payment_latency-90""]",4,0.008799675860310862
1,1,1,1.0,1.0,1.0,results/main/amber/metric/sock_shop/payment_delay_run5.json,1,2939.7595743755364,sock_shop,1.0,0.0,0.0,1.0,0.33333333333333337,0.19999999999999996,-1,1875.6008320993071,payment_delay,metric,0,1,1,0.0,0.6666666666666666,0.8,results/ablation/no_ar/metric/sock_shop/payment_delay_run5.json,2,1064.1587422762293,"[""payment_latency-50"", ""payment_latency-90""]",5,0.009310987953348959
0,0,0,0.0,0.0,0.0,results/main/amber/metric/sock_shop/payment_loss_run1.json,,,sock_shop,0.0,0.0,0.0,0.0,0.0,0.0,,,payment_loss,metric,0,0,0,0.0,0.0,0.0,results/ablation/no_ar/metric/sock_shop/payment_loss_run1.json,,,[],1,
0,0,0,0.0,0.0,0.0,results/main/amber/metric/sock_shop/payment_loss_run2.json,,,sock_shop,0.0,0.0,0.0,0.0,0.0,0.0,,,payment_loss,metric,0,0,0,0.0,0.0,0.0,results/ablation/no_ar/metric/sock_shop/payment_loss_run2.json,,,[],2,
0,0,0,0.0,0.0,0.0,results/main/amber/metric/sock_shop/payment_loss_run3.json,,,sock_shop,0.0,0.0,0.0,0.0,0.0,0.0,,,payment_loss,metric,0,0,0,0.0,0.0,0.0,results/ablation/no_ar/metric/sock_shop/payment_loss_run3.json,,,[],3,
0,0,0,0.0,0.0,0.0,results/main/amber/metric/sock_shop/payment_loss_run4.json,,,sock_shop,0.0,0.0,0.0,0.0,0.0,0.0,,,payment_loss,metric,0,0,0,0.0,0.0,0.0,results/ablation/no_ar/metric/sock_shop/payment_loss_run4.json,,,[],4,
0,0,0,0.0,0.0,0.0,results/main/amber/metric/sock_shop/payment_loss_run5.json,,,sock_shop,0.0,0.0,0.0,0.0,0.0,0.0,,,payment_loss,metric,0,0,0,0.0,0.0,0.0,results/ablation/no_ar/metric/sock_shop/payment_loss_run5.json,,,[],5,
0,1,1,0.0,0.3333333333333333,0.6,results/main/amber/metric/sock_shop/payment_mem_run1.json,4,2537.3166173260356,sock_shop,0.0,0.0,0.0,0.0,0.0,0.0,0,-441.4960268775726,payment_mem,metric,0,1,1,0.0,0.3333333333333333,0.6,results/ablation/no_ar/metric/sock_shop/payment_mem_run1.json,4,2978.812644203608,"[""payment_mem""]",1,0.9799581083488853
0,1,1,0.0,0.3333333333333333,0.6,results/main/amber/metric/sock_shop/payment_mem_run2.json,4,2443.3106161772444,sock_shop,0.0,0.0,0.0,0.0,0.0,0.0,0,-323.4544201317626,payment_mem,metric,0,1,1,0.0,0.3333333333333333,0.6,results/ablation/no_ar/metric/sock_shop/payment_mem_run2.json,4,2766.765036309007,"[""payment_mem""]",2,0.9828498196493269
0,0,0,0.0,0.0,0.0,results/main/amber/metric/sock_shop/payment_mem_run3.json,6,1295.7551180065816,sock_shop,0.0,0.0,0.0,0.0,0.0,0.0,-1,-39.246109623975826,payment_mem,metric,0,0,0,0.0,0.0,0.0,results/ablation/no_ar/metric/sock_shop/payment_mem_run3.json,7,1335.0012276305574,"[""payment_mem""]",3,0.9965236105762942
0,1,1,0.0,0.3333333333333333,0.6,results/main/amber/metric/sock_shop/payment_mem_run4.json,4,2355.125808512067,sock_shop,0.0,0.0,0.0,0.0,0.0,0.0,0,-572.149608524935,payment_mem,metric,0,1,1,0.0,0.3333333333333333,0.6,results/ablation/no_ar/metric/sock_shop/payment_mem_run4.json,4,2927.275417037002,"[""payment_mem""]",4,0.9602124816044078
0,0,1,0.0,0.0,0.4,results/main/amber/metric/sock_shop/payment_mem_run5.json,4,2257.3541715022025,sock_shop,0.0,-1.0,0.0,0.0,-0.3333333333333333,-0.19999999999999996,1,-387.30056935402126,payment_mem,metric,0,1,1,0.0,0.3333333333333333,0.6,results/ablation/no_ar/metric/sock_shop/payment_mem_run5.json,3,2644.6547408562237,"[""payment_mem""]",5,0.970112749657082
0,1,1,0.0,0.6666666666666666,0.8,results/main/amber/metric/sock_shop/user_cpu_run1.json,2,1418.4632823822349,sock_shop,0.0,0.0,0.0,0.0,0.0,0.0,0,-326.61105278801097,user_cpu,metric,0,1,1,0.0,0.6666666666666666,0.8,results/ablation/no_ar/metric/sock_shop/user_cpu_run1.json,2,1745.0743351702458,"[""user_cpu""]",1,0.6771511523214806
0,1,1,0.0,0.3333333333333333,0.6,results/main/amber/metric/sock_shop/user_cpu_run2.json,4,1260.4770675853774,sock_shop,0.0,0.0,0.0,0.0,-0.3333333333333333,-0.20000000000000007,1,-323.3062230065307,user_cpu,metric,0,1,1,0.0,0.6666666666666666,0.8,results/ablation/no_ar/metric/sock_shop/user_cpu_run2.json,3,1583.783290591908,"[""user_cpu""]",2,0.6768219773864921
0,0,1,0.0,0.0,0.4,results/main/amber/metric/sock_shop/user_cpu_run3.json,6,1120.6152408087623,sock_shop,0.0,0.0,0.0,0.0,0.0,0.0,2,-246.79629278945276,user_cpu,metric,0,0,1,0.0,0.0,0.4,results/ablation/no_ar/metric/sock_shop/user_cpu_run3.json,4,1367.411533598215,"[""user_cpu""]",3,0.7207863272584593
0,1,1,0.0,0.3333333333333333,0.6,results/main/amber/metric/sock_shop/user_cpu_run4.json,4,1309.990746865115,sock_shop,0.0,1.0,0.0,0.0,0.3333333333333333,0.19999999999999996,0,-139.1528907947154,user_cpu,metric,0,0,1,0.0,0.0,0.4,results/ablation/no_ar/metric/sock_shop/user_cpu_run4.json,4,1449.1436376598303,"[""user_cpu""]",4,0.6197900541670885
0,0,1,0.0,0.0,0.4,results/main/amber/metric/sock_shop/user_cpu_run5.json,5,1329.9732994427713,sock_shop,0.0,-1.0,0.0,0.0,-0.6666666666666666,-0.4,2,-297.18555062120686,user_cpu,metric,0,1,1,0.0,0.6666666666666666,0.8,results/ablation/no_ar/metric/sock_shop/user_cpu_run5.json,3,1627.1588500639782,"[""user_cpu""]",5,0.6698570542971983
1,1,1,1.0,1.0,1.0,results/main/amber/metric/sock_shop/user_delay_run1.json,1,3886.538202992315,sock_shop,0.0,0.0,0.0,0.0,0.0,0.0,0,172.15314671402848,user_delay,metric,1,1,1,1.0,1.0,1.0,results/ablation/no_ar/metric/sock_shop/user_delay_run1.json,1,3714.3850562782864,"[""user_latency-50"", ""user_latency-90""]",1,0.0007199965772413807
1,1,1,1.0,1.0,1.0,results/main/amber/metric/sock_shop/user_delay_run2.json,1,3596.9508599553938,sock_shop,0.0,0.0,0.0,0.0,0.0,0.0,0,-22.739502478561917,user_delay,metric,1,1,1,1.0,1.0,1.0,results/ablation/no_ar/metric/sock_shop/user_delay_run2.json,1,3619.6903624339557,"[""user_latency-50"", ""user_latency-90""]",2,0.030826219966544586
1,1,1,1.0,1.0,1.0,results/main/amber/metric/sock_shop/user_delay_run3.json,1,3045.44163239143,sock_shop,0.0,0.0,0.0,0.0,0.0,0.0,0,74.12263873685151,user_delay,metric,1,1,1,1.0,1.0,1.0,results/ablation/no_ar/metric/sock_shop/user_delay_run3.json,1,2971.3189936545787,"[""user_latency-50"", ""user_latency-90""]",3,0.934005979902133
1,1,1,1.0,1.0,1.0,results/main/amber/metric/sock_shop/user_delay_run4.json,1,3893.7805342097226,sock_shop,0.0,0.0,0.0,0.0,0.0,0.0,0,-25.785030254328376,user_delay,metric,1,1,1,1.0,1.0,1.0,results/ablation/no_ar/metric/sock_shop/user_delay_run4.json,1,3919.565564464051,"[""user_latency-50"", ""user_latency-90""]",4,0.0005587024888417236
1,1,1,1.0,1.0,1.0,results/main/amber/metric/sock_shop/user_delay_run5.json,1,3096.965357316427,sock_shop,0.0,0.0,0.0,0.0,0.0,0.0,0,102.40447065666922,user_delay,metric,1,1,1,1.0,1.0,1.0,results/ablation/no_ar/metric/sock_shop/user_delay_run5.json,1,2994.5608866597577,"[""user_latency-50"", ""user_latency-90""]",5,0.8819635687764033
0,0,0,0.0,0.0,0.0,results/main/amber/metric/sock_shop/user_loss_run1.json,,,sock_shop,0.0,0.0,0.0,0.0,0.0,0.0,,,user_loss,metric,0,0,0,0.0,0.0,0.0,results/ablation/no_ar/metric/sock_shop/user_loss_run1.json,,,[],1,
0,0,0,0.0,0.0,0.0,results/main/amber/metric/sock_shop/user_loss_run2.json,,,sock_shop,0.0,0.0,0.0,0.0,0.0,0.0,,,user_loss,metric,0,0,0,0.0,0.0,0.0,results/ablation/no_ar/metric/sock_shop/user_loss_run2.json,,,[],2,
0,0,0,0.0,0.0,0.0,results/main/amber/metric/sock_shop/user_loss_run3.json,,,sock_shop,0.0,0.0,0.0,0.0,0.0,0.0,,,user_loss,metric,0,0,0,0.0,0.0,0.0,results/ablation/no_ar/metric/sock_shop/user_loss_run3.json,,,[],3,
0,0,0,0.0,0.0,0.0,results/main/amber/metric/sock_shop/user_loss_run4.json,,,sock_shop,0.0,0.0,0.0,0.0,0.0,0.0,,,user_loss,metric,0,0,0,0.0,0.0,0.0,results/ablation/no_ar/metric/sock_shop/user_loss_run4.json,,,[],4,
0,0,0,0.0,0.0,0.0,results/main/amber/metric/sock_shop/user_loss_run5.json,,,sock_shop,0.0,0.0,0.0,0.0,0.0,0.0,,,user_loss,metric,0,0,0,0.0,0.0,0.0,results/ablation/no_ar/metric/sock_shop/user_loss_run5.json,,,[],5,
0,0,1,0.0,0.0,0.2,results/main/amber/metric/sock_shop/user_mem_run1.json,6,1820.0691668219638,sock_shop,0.0,0.0,0.0,0.0,0.0,-0.2,1,-537.0955138215063,user_mem,metric,0,0,1,0.0,0.0,0.4,results/ablation/no_ar/metric/sock_shop/user_mem_run1.json,5,2357.16468064347,"[""user_mem""]",1,0.9762689398909725
0,1,1,0.0,0.6666666666666666,0.8,results/main/amber/metric/sock_shop/user_mem_run2.json,2,3149.343946822401,sock_shop,0.0,0.0,0.0,0.0,0.0,0.0,0,-243.622857828851,user_mem,metric,0,1,1,0.0,0.6666666666666666,0.8,results/ablation/no_ar/metric/sock_shop/user_mem_run2.json,2,3392.966804651252,"[""user_mem""]",2,0.9960241624022528
0,1,1,0.0,0.3333333333333333,0.6,results/main/amber/metric/sock_shop/user_mem_run3.json,4,2147.9941027830237,sock_shop,0.0,0.0,0.0,0.0,0.0,0.0,0,-219.26742979775827,user_mem,metric,0,1,1,0.0,0.3333333333333333,0.6,results/ablation/no_ar/metric/sock_shop/user_mem_run3.json,4,2367.261532580782,"[""user_mem""]",3,0.9834942009693067
0,0,1,0.0,0.0,0.4,results/main/amber/metric/sock_shop/user_mem_run4.json,4,2143.817664547474,sock_shop,0.0,-1.0,0.0,0.0,-0.3333333333333333,-0.19999999999999996,1,-134.58844231517378,user_mem,metric,0,1,1,0.0,0.3333333333333333,0.6,results/ablation/no_ar/metric/sock_shop/user_mem_run4.json,3,2278.406106862648,"[""user_mem""]",4,0.9951182873191431
0,0,0,0.0,0.0,0.0,results/main/amber/metric/sock_shop/user_mem_run5.json,39,8.327127170811764,sock_shop,0.0,0.0,0.0,0.0,0.0,0.0,-9,-50.76186985058939,user_mem,metric,0,0,0,0.0,0.0,0.0,results/ablation/no_ar/metric/sock_shop/user_mem_run5.json,48,59.088997021401156,"[""user_mem""]",5,0.9957414140340346
0,0,0,0.0,0.0,0.0,results/main/amber/metric/train_ticket/ts-auth-service_cpu_run1.json,29,428.1925008808421,train_ticket,0.0,0.0,0.0,0.0,0.0,0.0,18,-859.741269458289,ts-auth-service_cpu,metric,0,0,0,0.0,0.0,0.0,results/ablation/no_ar/metric/train_ticket/ts-auth-service_cpu_run1.json,11,1287.9337703391311,"[""ts-auth-service_cpu""]",1,0.8719236425162235
0,0,0,0.0,0.0,0.0,results/main/amber/metric/train_ticket/ts-auth-service_cpu_run2.json,19,589.4415270862182,train_ticket,0.0,0.0,0.0,0.0,0.0,0.0,12,-772.1510725449391,ts-auth-service_cpu,metric,0,0,0,0.0,0.0,0.0,results/ablation/no_ar/metric/train_ticket/ts-auth-service_cpu_run2.json,7,1361.5925996311573,"[""ts-auth-service_cpu""]",2,0.8392629954933921
0,0,0,0.0,0.0,0.0,results/main/amber/metric/train_ticket/ts-auth-service_cpu_run3.json,25,268.34402825130564,train_ticket,0.0,0.0,0.0,0.0,0.0,0.0,16,-911.536387441708,ts-auth-service_cpu,metric,0,0,0,0.0,0.0,0.0,results/ablation/no_ar/metric/train_ticket/ts-auth-service_cpu_run3.json,9,1179.8804156930137,"[""ts-auth-service_cpu""]",3,0.920951770369995
0,0,0,0.0,0.0,0.0,results/main/amber/metric/train_ticket/ts-auth-service_cpu_run4.json,7,844.2871445462042,train_ticket,0.0,0.0,0.0,0.0,0.0,0.0,1,-608.6858411317926,ts-auth-service_cpu,metric,0,0,0,0.0,0.0,0.0,results/ablation/no_ar/metric/train_ticket/ts-auth-service_cpu_run4.json,6,1452.9729856779968,"[""ts-auth-service_cpu""]",4,0.7348690123090428
0,0,0,0.0,0.0,0.0,results/main/amber/metric/train_ticket/ts-auth-service_cpu_run5.json,8,609.6230324643702,train_ticket,0.0,0.0,-1.0,0.0,0.0,-0.4,4,-719.6148139585466,ts-auth-service_cpu,metric,0,0,1,0.0,0.0,0.4,results/ablation/no_ar/metric/train_ticket/ts-auth-service_cpu_run5.json,4,1329.2378464229168,"[""ts-auth-service_cpu""]",5,0.8123241219137901
0,0,0,0.0,0.0,0.0,results/main/amber/metric/train_ticket/ts-auth-service_delay_run1.json,13,623.6869736744238,train_ticket,0.0,-1.0,-1.0,0.0,-0.6666666666666666,-0.8,11,-1122.829743684233,ts-auth-service_delay,metric,0,1,1,0.0,0.6666666666666666,0.8,results/ablation/no_ar/metric/train_ticket/ts-auth-service_delay_run1.json,2,1746.516717358657,"[""ts-auth-service_latency-50"", ""ts-auth-service_latency-90""]",1,1.9689855585494893
0,0,0,0.0,0.0,0.0,results/main/amber/metric/train_ticket/ts-auth-service_delay_run2.json,15,965.4470567484577,train_ticket,0.0,-1.0,-1.0,0.0,-0.6666666666666666,-0.8,12,-1102.552915405261,ts-auth-service_delay,metric,0,1,1,0.0,0.6666666666666666,0.8,results/ablation/no_ar/metric/train_ticket/ts-auth-service_delay_run2.json,3,2067.9999721537188,"[""ts-auth-service_latency-50"", ""ts-auth-service_latency-90""]",2,1.96708925748869
0,0,1,0.0,0.0,0.2,results/main/amber/metric/train_ticket/ts-auth-service_delay_run3.json,6,819.4376800059731,train_ticket,0.0,-1.0,0.0,0.0,-0.6666666666666666,-0.6000000000000001,3,-1116.3539624688374,ts-auth-service_delay,metric,0,1,1,0.0,0.6666666666666666,0.8,results/ablation/no_ar/metric/train_ticket/ts-auth-service_delay_run3.json,3,1935.7916424748105,"[""ts-auth-service_latency-50"", ""ts-auth-service_latency-90""]",3,1.964611527732604
0,1,1,0.0,0.3333333333333333,0.6,results/main/amber/metric/train_ticket/ts-auth-service_delay_run4.json,3,1279.183852970818,train_ticket,0.0,0.0,0.0,0.0,0.0,0.0,0,-798.42935501703,ts-auth-service_delay,metric,0,1,1,0.0,0.3333333333333333,0.6,results/ablation/no_ar/metric/train_ticket/ts-auth-service_delay_run4.json,3,2077.613207987848,"[""ts-auth-service_latency-50"", ""ts-auth-service_latency-90""]",4,1.9526258664223344
1,1,1,1.0,1.0,1.0,results/main/amber/metric/train_ticket/ts-auth-service_delay_run5.json,1,1297.2027793907928,train_ticket,0.0,0.0,0.0,0.0,0.0,0.0,0,-878.8814650528702,ts-auth-service_delay,metric,1,1,1,1.0,1.0,1.0,results/ablation/no_ar/metric/train_ticket/ts-auth-service_delay_run5.json,1,2176.084244443663,"[""ts-auth-service_latency-50"", ""ts-auth-service_latency-90""]",5,1.917976106292265
0,0,0,0.0,0.0,0.0,results/main/amber/metric/train_ticket/ts-auth-service_loss_run1.json,,,train_ticket,0.0,0.0,0.0,0.0,0.0,0.0,,,ts-auth-service_loss,metric,0,0,0,0.0,0.0,0.0,results/ablation/no_ar/metric/train_ticket/ts-auth-service_loss_run1.json,,,[],1,
0,0,0,0.0,0.0,0.0,results/main/amber/metric/train_ticket/ts-auth-service_loss_run2.json,,,train_ticket,0.0,0.0,0.0,0.0,0.0,0.0,,,ts-auth-service_loss,metric,0,0,0,0.0,0.0,0.0,results/ablation/no_ar/metric/train_ticket/ts-auth-service_loss_run2.json,,,[],2,
0,0,0,0.0,0.0,0.0,results/main/amber/metric/train_ticket/ts-auth-service_loss_run3.json,,,train_ticket,0.0,0.0,0.0,0.0,0.0,0.0,,,ts-auth-service_loss,metric,0,0,0,0.0,0.0,0.0,results/ablation/no_ar/metric/train_ticket/ts-auth-service_loss_run3.json,,,[],3,
0,0,0,0.0,0.0,0.0,results/main/amber/metric/train_ticket/ts-auth-service_loss_run4.json,,,train_ticket,0.0,0.0,0.0,0.0,0.0,0.0,,,ts-auth-service_loss,metric,0,0,0,0.0,0.0,0.0,results/ablation/no_ar/metric/train_ticket/ts-auth-service_loss_run4.json,,,[],4,
0,0,0,0.0,0.0,0.0,results/main/amber/metric/train_ticket/ts-auth-service_loss_run5.json,,,train_ticket,0.0,0.0,0.0,0.0,0.0,0.0,,,ts-auth-service_loss,metric,0,0,0,0.0,0.0,0.0,results/ablation/no_ar/metric/train_ticket/ts-auth-service_loss_run5.json,,,[],5,
0,1,1,0.0,0.6666666666666666,0.8,results/main/amber/metric/train_ticket/ts-auth-service_mem_run1.json,2,3499.824350779498,train_ticket,0.0,0.0,0.0,0.0,0.0,0.0,0,-1014.3518641259739,ts-auth-service_mem,metric,0,1,1,0.0,0.6666666666666666,0.8,results/ablation/no_ar/metric/train_ticket/ts-auth-service_mem_run1.json,2,4514.176214905472,"[""ts-auth-service_mem""]",1,0.9000865157269755
1,1,1,1.0,1.0,1.0,results/main/amber/metric/train_ticket/ts-auth-service_mem_run2.json,1,1865.5454677755533,train_ticket,0.0,0.0,0.0,0.0,0.0,0.0,0,-408.18207888883444,ts-auth-service_mem,metric,1,1,1,1.0,1.0,1.0,results/ablation/no_ar/metric/train_ticket/ts-auth-service_mem_run2.json,1,2273.727546664388,"[""ts-auth-service_mem""]",2,0.9388162204597492
0,1,1,0.0,0.3333333333333333,0.6,results/main/amber/metric/train_ticket/ts-auth-service_mem_run3.json,3,3210.5760397128006,train_ticket,0.0,0.0,0.0,0.0,0.0,0.0,0,-842.3377868894572,ts-auth-service_mem,metric,0,1,1,0.0,0.3333333333333333,0.6,results/ablation/no_ar/metric/train_ticket/ts-auth-service_mem_run3.json,3,4052.913826602258,"[""ts-auth-service_mem""]",3,0.9514855830142873
1,1,1,1.0,1.0,1.0,results/main/amber/metric/train_ticket/ts-auth-service_mem_run4.json,1,4203.807368429678,train_ticket,0.0,0.0,0.0,0.0,0.0,0.0,0,-264.4535793320365,ts-auth-service_mem,metric,1,1,1,1.0,1.0,1.0,results/ablation/no_ar/metric/train_ticket/ts-auth-service_mem_run4.json,1,4468.260947761714,"[""ts-auth-service_mem""]",4,0.522227349820837
1,1,1,1.0,1.0,1.0,results/main/amber/metric/train_ticket/ts-auth-service_mem_run5.json,1,3681.6359467766256,train_ticket,0.0,0.0,0.0,0.0,0.0,0.0,0,-666.6262379936556,ts-auth-service_mem,metric,1,1,1,1.0,1.0,1.0,results/ablation/no_ar/metric/train_ticket/ts-auth-service_mem_run5.json,1,4348.262184770281,"[""ts-auth-service_mem""]",5,0.9955738653917794
0,0,0,0.0,0.0,0.0,results/main/amber/metric/train_ticket/ts-order-service_cpu_run1.json,15,738.2362131980908,train_ticket,0.0,-1.0,-1.0,0.0,-0.3333333333333333,-0.6,12,-926.726247568382,ts-order-service_cpu,metric,0,1,1,0.0,0.3333333333333333,0.6,results/ablation/no_ar/metric/train_ticket/ts-order-service_cpu_run1.json,3,1664.9624607664728,"[""ts-order-service_cpu""]",1,0.9699893593684463
0,0,0,0.0,0.0,0.0,results/main/amber/metric/train_ticket/ts-order-service_cpu_run2.json,8,1150.2549629092564,train_ticket,0.0,-1.0,-1.0,0.0,-0.6666666666666666,-0.8,5,-1029.3810365047457,ts-order-service_cpu,metric,0,1,1,0.0,0.6666666666666666,0.8,results/ablation/no_ar/metric/train_ticket/ts-order-service_cpu_run2.json,3,2179.635999414002,"[""ts-order-service_cpu""]",2,0.9635158991276537
1,1,1,1.0,1.0,1.0,results/main/amber/metric/train_ticket/ts-order-service_cpu_run3.json,1,1824.222862765776,train_ticket,0.0,0.0,0.0,0.0,0.0,0.0,0,-1106.4630003675938,ts-order-service_cpu,metric,1,1,1,1.0,1.0,1.0,results/ablation/no_ar/metric/train_ticket/ts-order-service_cpu_run3.json,1,2930.68586313337,"[""ts-order-service_cpu""]",3,0.9631277211274041
1,1,1,1.0,1.0,1.0,results/main/amber/metric/train_ticket/ts-order-service_cpu_run4.json,1,1898.5135163441428,train_ticket,0.0,0.0,0.0,0.0,0.0,0.0,0,-1074.9088207743052,ts-order-service_cpu,metric,1,1,1,1.0,1.0,1.0,results/ablation/no_ar/metric/train_ticket/ts-order-service_cpu_run4.json,1,2973.422337118448,"[""ts-order-service_cpu""]",4,0.9433486148659452
1,1,1,1.0,1.0,1.0,results/main/amber/metric/train_ticket/ts-order-service_cpu_run5.json,1,1733.9889468163,train_ticket,0.0,0.0,0.0,0.0,0.0,0.0,0,-1121.7791030022227,ts-order-service_cpu,metric,1,1,1,1.0,1.0,1.0,results/ablation/no_ar/metric/train_ticket/ts-order-service_cpu_run5.json,1,2855.7680498185227,"[""ts-order-service_cpu""]",5,0.973158500756245
0,1,1,0.0,0.6666666666666666,0.8,results/main/amber/metric/train_ticket/ts-order-service_delay_run1.json,2,2831.063305542633,train_ticket,0.0,0.0,0.0,0.0,0.0,0.0,0,-55.574740780785305,ts-order-service_delay,metric,0,1,1,0.0,0.6666666666666666,0.8,results/ablation/no_ar/metric/train_ticket/ts-order-service_delay_run1.json,2,2886.638046323418,"[""ts-order-service_latency-50"", ""ts-order-service_latency-90""]",1,1.1626401515372828
0,1,1,0.0,0.3333333333333333,0.6,results/main/amber/metric/train_ticket/ts-order-service_delay_run2.json,4,2881.5345361483496,train_ticket,0.0,0.0,0.0,0.0,0.0,0.0,0,-25.220817886768145,ts-order-service_delay,metric,0,1,1,0.0,0.3333333333333333,0.6,results/ablation/no_ar/metric/train_ticket/ts-order-service_delay_run2.json,4,2906.7553540351178,"[""ts-order-service_latency-50"", ""ts-order-service_latency-90""]",2,1.2506615055340702
1,1,1,1.0,1.0,1.0,results/main/amber/metric/train_ticket/ts-order-service_delay_run3.json,1,1608.3504917213195,train_ticket,0.0,0.0,0.0,0.0,0.0,0.0,0,-631.2884808439094,ts-order-service_delay,metric,1,1,1,1.0,1.0,1.0,results/ablation/no_ar/metric/train_ticket/ts-order-service_delay_run3.json,1,2239.638972565229,"[""ts-order-service_latency-50"", ""ts-order-service_latency-90""]",3,1.879752494424347
0,1,1,0.0,0.6666666666666666,0.8,results/main/amber/metric/train_ticket/ts-order-service_delay_run4.json,2,1934.8459903566495,train_ticket,-1.0,0.0,0.0,-1.0,-0.33333333333333337,-0.19999999999999996,1,-681.2520142515332,ts-order-service_delay,metric,1,1,1,1.0,1.0,1.0,results/ablation/no_ar/metric/train_ticket/ts-order-service_delay_run4.json,1,2616.0980046081827,"[""ts-order-service_latency-50"", ""ts-order-service_latency-90""]",4,1.823659537362198
0,1,1,0.0,0.3333333333333333,0.6,results/main/amber/metric/train_ticket/ts-order-service_delay_run5.json,3,2826.7166895900277,train_ticket,0.0,0.0,0.0,0.0,0.0,0.0,0,-329.4604360911353,ts-order-service_delay,metric,0,1,1,0.0,0.3333333333333333,0.6,results/ablation/no_ar/metric/train_ticket/ts-order-service_delay_run5.json,3,3156.177125681163,"[""ts-order-service_latency-50"", ""ts-order-service_latency-90""]",5,1.7575937327224884
0,1,1,0.0,0.6666666666666666,0.8,results/main/amber/metric/train_ticket/ts-order-service_loss_run1.json,2,6796.735792762095,train_ticket,0.0,0.0,0.0,0.0,0.0,0.0,0,-43.78234694072853,ts-order-service_loss,metric,0,1,1,0.0,0.6666666666666666,0.8,results/ablation/no_ar/metric/train_ticket/ts-order-service_loss_run1.json,2,6840.518139702824,"[""ts-order-service_error""]",1,0.0
0,1,1,0.0,0.6666666666666666,0.8,results/main/amber/metric/train_ticket/ts-order-service_loss_run2.json,2,6525.646328011262,train_ticket,0.0,0.0,0.0,0.0,0.0,0.0,0,-42.07735436851908,ts-order-service_loss,metric,0,1,1,0.0,0.6666666666666666,0.8,results/ablation/no_ar/metric/train_ticket/ts-order-service_loss_run2.json,2,6567.723682379781,"[""ts-order-service_error""]",2,0.0
1,1,1,1.0,1.0,1.0,results/main/amber/metric/train_ticket/ts-order-service_loss_run3.json,1,7365.908408422113,train_ticket,0.0,0.0,0.0,0.0,0.0,0.0,0,-47.36177294479057,ts-order-service_loss,metric,1,1,1,1.0,1.0,1.0,results/ablation/no_ar/metric/train_ticket/ts-order-service_loss_run3.json,1,7413.270181366904,"[""ts-order-service_error""]",3,0.0
0,1,1,0.0,0.6666666666666666,0.8,results/main/amber/metric/train_ticket/ts-order-service_loss_run4.json,2,6593.289710799884,train_ticket,0.0,0.0,0.0,0.0,0.0,0.0,0,-42.502778658034,ts-order-service_loss,metric,0,1,1,0.0,0.6666666666666666,0.8,results/ablation/no_ar/metric/train_ticket/ts-order-service_loss_run4.json,2,6635.792489457918,"[""ts-order-service_error""]",4,0.0
1,1,1,1.0,1.0,1.0,results/main/amber/metric/train_ticket/ts-order-service_loss_run5.json,1,6820.856935982984,train_ticket,0.0,0.0,0.0,0.0,0.0,0.0,0,-43.93397427009222,ts-order-service_loss,metric,1,1,1,1.0,1.0,1.0,results/ablation/no_ar/metric/train_ticket/ts-order-service_loss_run5.json,1,6864.790910253077,"[""ts-order-service_error""]",5,0.0
1,1,1,1.0,1.0,1.0,results/main/amber/metric/train_ticket/ts-order-service_mem_run1.json,1,2837.1575908413984,train_ticket,0.0,0.0,0.0,0.0,0.0,0.0,0,561.0086377158459,ts-order-service_mem,metric,1,1,1,1.0,1.0,1.0,results/ablation/no_ar/metric/train_ticket/ts-order-service_mem_run1.json,1,2276.1489531255525,"[""ts-order-service_mem""]",1,0.997189871099877
1,1,1,1.0,1.0,1.0,results/main/amber/metric/train_ticket/ts-order-service_mem_run2.json,1,2996.499386119155,train_ticket,0.0,0.0,0.0,0.0,0.0,0.0,0,552.121882496026,ts-order-service_mem,metric,1,1,1,1.0,1.0,1.0,results/ablation/no_ar/metric/train_ticket/ts-order-service_mem_run2.json,1,2444.377503623129,"[""ts-order-service_mem""]",2,0.9978747142865122
0,1,1,0.0,0.6666666666666666,0.8,results/main/amber/metric/train_ticket/ts-order-service_mem_run3.json,2,2411.0040107791974,train_ticket,0.0,0.0,0.0,0.0,0.0,0.0,0,-73.50914832652188,ts-order-service_mem,metric,0,1,1,0.0,0.6666666666666666,0.8,results/ablation/no_ar/metric/train_ticket/ts-order-service_mem_run3.json,2,2484.5131591057193,"[""ts-order-service_mem""]",3,0.9975055851334554
1,1,1,1.0,1.0,1.0,results/main/amber/metric/train_ticket/ts-order-service_mem_run4.json,1,2307.4556144702815,train_ticket,0.0,0.0,0.0,0.0,0.0,0.0,0,-385.68596221300413,ts-order-service_mem,metric,1,1,1,1.0,1.0,1.0,results/ablation/no_ar/metric/train_ticket/ts-order-service_mem_run4.json,1,2693.1415766832856,"[""ts-order-service_mem""]",4,0.996220646548043
1,1,1,1.0,1.0,1.0,results/main/amber/metric/train_ticket/ts-order-service_mem_run5.json,1,1899.7971917171353,train_ticket,0.0,0.0,0.0,0.0,0.0,0.0,0,-480.6584120163684,ts-order-service_mem,metric,1,1,1,1.0,1.0,1.0,results/ablation/no_ar/metric/train_ticket/ts-order-service_mem_run5.json,1,2380.4556037335037,"[""ts-order-service_mem""]",5,0.9867930708108946
0,0,1,0.0,0.0,0.4,results/main/amber/metric/train_ticket/ts-route-service_cpu_run1.json,6,1277.9784683628595,train_ticket,0.0,-1.0,0.0,0.0,-0.3333333333333333,-0.19999999999999996,2,-830.783380114206,ts-route-service_cpu,metric,0,1,1,0.0,0.3333333333333333,0.6,results/ablation/no_ar/metric/train_ticket/ts-route-service_cpu_run1.json,4,2108.7618484770655,"[""ts-route-service_cpu""]",1,0.8640414550901027
0,0,1,0.0,0.0,0.2,results/main/amber/metric/train_ticket/ts-route-service_cpu_run2.json,8,2070.8816376511395,train_ticket,0.0,0.0,0.0,0.0,0.0,-0.2,3,-480.9878241387373,ts-route-service_cpu,metric,0,0,1,0.0,0.0,0.4,results/ablation/no_ar/metric/train_ticket/ts-route-service_cpu_run2.json,5,2551.869461789877,"[""ts-route-service_cpu""]",2,0.7108479318307669
0,1,1,0.0,0.6666666666666666,0.8,results/main/amber/metric/train_ticket/ts-route-service_cpu_run3.json,2,1673.278781004498,train_ticket,0.0,0.0,0.0,0.0,0.3333333333333333,0.20000000000000007,-1,-671.1694839094548,ts-route-service_cpu,metric,0,1,1,0.0,0.3333333333333333,0.6,results/ablation/no_ar/metric/train_ticket/ts-route-service_cpu_run3.json,3,2344.4482649139527,"[""ts-route-service_cpu""]",3,0.8084159023914467
1,1,1,1.0,1.0,1.0,results/main/amber/metric/train_ticket/ts-route-service_cpu_run4.json,1,1724.6551099882226,train_ticket,0.0,0.0,0.0,0.0,0.0,0.0,0,-683.3262752517821,ts-route-service_cpu,metric,1,1,1,1.0,1.0,1.0,results/ablation/no_ar/metric/train_ticket/ts-route-service_cpu_run4.json,1,2407.981385240005,"[""ts-route-service_cpu""]",4,0.8135436895627512
1,1,1,1.0,1.0,1.0,results/main/amber/metric/train_ticket/ts-route-service_cpu_run5.json,1,2075.8219408282303,train_ticket,0.0,0.0,0.0,0.0,0.0,0.0,0,-572.05546022924,ts-route-service_cpu,metric,1,1,1,1.0,1.0,1.0,results/ablation/no_ar/metric/train_ticket/ts-route-service_cpu_run5.json,1,2647.8774010574703,"[""ts-route-service_cpu""]",5,0.738644521447208
0,0,1,0.0,0.0,0.4,results/main/amber/metric/train_ticket/ts-route-service_delay_run1.json,4,3093.509071529771,train_ticket,0.0,0.0,0.0,0.0,0.0,0.0,0,-18.478612920948763,ts-route-service_delay,metric,0,0,1,0.0,0.0,0.4,results/ablation/no_ar/metric/train_ticket/ts-route-service_delay_run1.json,4,3111.98768445072,"[""ts-route-service_latency-50"", ""ts-route-service_latency-90""]",1,0.8578168970772354
1,1,1,1.0,1.0,1.0,results/main/amber/metric/train_ticket/ts-route-service_delay_run2.json,1,4504.121629458802,train_ticket,0.0,0.0,0.0,0.0,0.0,0.0,0,-27.290574195694717,ts-route-service_delay,metric,1,1,1,1.0,1.0,1.0,results/ablation/no_ar/metric/train_ticket/ts-route-service_delay_run2.json,1,4531.412203654497,"[""ts-route-service_latency-50"", ""ts-route-service_latency-90""]",2,0.07833977030225053
1,1,1,1.0,1.0,1.0,results/main/amber/metric/train_ticket/ts-route-service_delay_run3.json,1,3279.3203828732494,train_ticket,0.0,0.0,0.0,0.0,0.0,0.0,0,-19.886370327328223,ts-route-service_delay,metric,1,1,1,1.0,1.0,1.0,results/ablation/no_ar/metric/train_ticket/ts-route-service_delay_run3.json,1,3299.2067532005776,"[""ts-route-service_latency-50"", ""ts-route-service_latency-90""]",3,0.6623248480646081
1,1,1,1.0,1.0,1.0,results/main/amber/metric/train_ticket/ts-route-service_delay_run4.json,1,2805.4112772633944,train_ticket,1.0,1.0,0.0,1.0,1.0,0.6,-3,-42.979356769966216,ts-route-service_delay,metric,0,0,1,0.0,0.0,0.4,results/ablation/no_ar/metric/train_ticket/ts-route-service_delay_run4.json,4,2848.3906340333606,"[""ts-route-service_latency-50"", ""ts-route-service_latency-90""]",4,1.2749936827384978
0,1,1,0.0,0.6666666666666666,0.8,results/main/amber/metric/train_ticket/ts-route-service_delay_run5.json,2,3603.0775671794636,train_ticket,0.0,0.0,0.0,0.0,0.0,0.0,0,-22.550992789054362,ts-route-service_delay,metric,0,1,1,0.0,0.6666666666666666,0.8,results/ablation/no_ar/metric/train_ticket/ts-route-service_delay_run5.json,2,3625.628559968518,"[""ts-route-service_latency-50"", ""ts-route-service_latency-90""]",5,0.3912916042571759
0,0,0,0.0,0.0,0.0,results/main/amber/metric/train_ticket/ts-route-service_loss_run1.json,,,train_ticket,0.0,0.0,0.0,0.0,0.0,0.0,,,ts-route-service_loss,metric,0,0,0,0.0,0.0,0.0,results/ablation/no_ar/metric/train_ticket/ts-route-service_loss_run1.json,,,[],1,
0,0,0,0.0,0.0,0.0,results/main/amber/metric/train_ticket/ts-route-service_loss_run2.json,,,train_ticket,0.0,0.0,0.0,0.0,0.0,0.0,,,ts-route-service_loss,metric,0,0,0,0.0,0.0,0.0,results/ablation/no_ar/metric/train_ticket/ts-route-service_loss_run2.json,,,[],2,
0,0,0,0.0,0.0,0.0,results/main/amber/metric/train_ticket/ts-route-service_loss_run3.json,,,train_ticket,0.0,0.0,0.0,0.0,0.0,0.0,,,ts-route-service_loss,metric,0,0,0,0.0,0.0,0.0,results/ablation/no_ar/metric/train_ticket/ts-route-service_loss_run3.json,,,[],3,
0,0,1,0.0,0.0,0.4,results/main/amber/metric/train_ticket/ts-route-service_loss_run4.json,4,6111.046352470107,train_ticket,0.0,0.0,0.0,0.0,0.0,0.0,0,-39.46984069032078,ts-route-service_loss,metric,0,0,1,0.0,0.0,0.4,results/ablation/no_ar/metric/train_ticket/ts-route-service_loss_run4.json,4,6150.516193160428,"[""ts-route-service_error""]",4,0.0
0,0,0,0.0,0.0,0.0,results/main/amber/metric/train_ticket/ts-route-service_loss_run5.json,,,train_ticket,0.0,0.0,0.0,0.0,0.0,0.0,,,ts-route-service_loss,metric,0,0,0,0.0,0.0,0.0,results/ablation/no_ar/metric/train_ticket/ts-route-service_loss_run5.json,,,[],5,
1,1,1,1.0,1.0,1.0,results/main/amber/metric/train_ticket/ts-route-service_mem_run1.json,1,3243.7117794253654,train_ticket,0.0,0.0,0.0,0.0,0.0,0.0,0,-775.5892526112243,ts-route-service_mem,metric,1,1,1,1.0,1.0,1.0,results/ablation/no_ar/metric/train_ticket/ts-route-service_mem_run1.json,1,4019.3010320365897,"[""ts-route-service_mem""]",1,0.9440934890314594
1,1,1,1.0,1.0,1.0,results/main/amber/metric/train_ticket/ts-route-service_mem_run2.json,1,3181.224018332779,train_ticket,0.0,0.0,0.0,0.0,0.0,0.0,0,-481.288200659254,ts-route-service_mem,metric,1,1,1,1.0,1.0,1.0,results/ablation/no_ar/metric/train_ticket/ts-route-service_mem_run2.json,1,3662.512218992033,"[""ts-route-service_mem""]",2,0.943472362106553
1,1,1,1.0,1.0,1.0,results/main/amber/metric/train_ticket/ts-route-service_mem_run3.json,1,3311.5374004723826,train_ticket,0.0,0.0,0.0,0.0,0.0,0.0,0,-588.6317205530045,ts-route-service_mem,metric,1,1,1,1.0,1.0,1.0,results/ablation/no_ar/metric/train_ticket/ts-route-service_mem_run3.json,1,3900.169121025387,"[""ts-route-service_mem""]",3,0.9625726360988377
1,1,1,1.0,1.0,1.0,results/main/amber/metric/train_ticket/ts-route-service_mem_run4.json,1,2788.485334471982,train_ticket,0.0,0.0,0.0,0.0,0.0,0.0,0,-163.86301787805996,ts-route-service_mem,metric,1,1,1,1.0,1.0,1.0,results/ablation/no_ar/metric/train_ticket/ts-route-service_mem_run4.json,1,2952.3483523500418,"[""ts-route-service_mem""]",4,0.994392275262334
0,0,1,0.0,0.0,0.2,results/main/amber/metric/train_ticket/ts-route-service_mem_run5.json,5,2707.2731028947583,train_ticket,0.0,0.0,1.0,0.0,0.0,0.2,-1,202.1062206819115,ts-route-service_mem,metric,0,0,0,0.0,0.0,0.0,results/ablation/no_ar/metric/train_ticket/ts-route-service_mem_run5.json,6,2505.1668822128468,"[""ts-route-service_mem""]",5,0.9970442321912175
0,0,0,0.0,0.0,0.0,results/main/amber/metric/train_ticket/ts-train-service_cpu_run1.json,18,744.0391529825811,train_ticket,0.0,0.0,-1.0,0.0,0.0,-0.4,13,-910.6273093134214,ts-train-service_cpu,metric,0,0,1,0.0,0.0,0.4,results/ablation/no_ar/metric/train_ticket/ts-train-service_cpu_run1.json,5,1654.6664622960025,"[""ts-train-service_cpu""]",1,0.9552638593271408
1,1,1,1.0,1.0,1.0,results/main/amber/metric/train_ticket/ts-train-service_cpu_run2.json,1,2166.291895909766,train_ticket,0.0,0.0,0.0,0.0,0.0,0.0,0,-459.35762384569716,ts-train-service_cpu,metric,1,1,1,1.0,1.0,1.0,results/ablation/no_ar/metric/train_ticket/ts-train-service_cpu_run2.json,1,2625.649519755463,"[""ts-train-service_cpu""]",2,0.7061511201588497
0,1,1,0.0,0.3333333333333333,0.6,results/main/amber/metric/train_ticket/ts-train-service_cpu_run3.json,3,1667.2738246413123,train_ticket,-1.0,0.0,0.0,-1.0,-0.6666666666666667,-0.4,2,-736.042828955628,ts-train-service_cpu,metric,1,1,1,1.0,1.0,1.0,results/ablation/no_ar/metric/train_ticket/ts-train-service_cpu_run3.json,1,2403.3166535969403,"[""ts-train-service_cpu""]",3,0.8519324116344964
0,1,1,0.0,0.3333333333333333,0.6,results/main/amber/metric/train_ticket/ts-train-service_cpu_run4.json,3,1451.2814413544866,train_ticket,0.0,0.0,0.0,0.0,-0.3333333333333333,-0.20000000000000007,1,-967.2724208798222,ts-train-service_cpu,metric,0,1,1,0.0,0.6666666666666666,0.8,results/ablation/no_ar/metric/train_ticket/ts-train-service_cpu_run4.json,2,2418.553862234309,"[""ts-train-service_cpu""]",4,0.9023148303466337
0,0,1,0.0,0.0,0.4,results/main/amber/metric/train_ticket/ts-train-service_cpu_run5.json,4,1367.101395159773,train_ticket,0.0,-1.0,0.0,0.0,-0.3333333333333333,-0.19999999999999996,1,-996.7285298163561,ts-train-service_cpu,metric,0,1,1,0.0,0.3333333333333333,0.6,results/ablation/no_ar/metric/train_ticket/ts-train-service_cpu_run5.json,3,2363.829924976129,"[""ts-train-service_cpu""]",5,0.9107854299386572
1,1,1,1.0,1.0,1.0,results/main/amber/metric/train_ticket/ts-train-service_delay_run1.json,1,3502.036931115459,train_ticket,1.0,0.0,0.0,1.0,0.33333333333333337,0.19999999999999996,-1,-22.59782390329201,ts-train-service_delay,metric,0,1,1,0.0,0.6666666666666666,0.8,results/ablation/no_ar/metric/train_ticket/ts-train-service_delay_run1.json,2,3524.634755018751,"[""ts-train-service_latency-50"", ""ts-train-service_latency-90""]",1,0.5475588748694087
0,1,1,0.0,0.6666666666666666,0.8,results/main/amber/metric/train_ticket/ts-train-service_delay_run2.json,3,4982.131915730463,train_ticket,0.0,0.0,0.0,0.0,0.0,0.0,0,-30.031955284527612,ts-train-service_delay,metric,0,1,1,0.0,0.6666666666666666,0.8,results/ablation/no_ar/metric/train_ticket/ts-train-service_delay_run2.json,3,5012.163871014991,"[""ts-train-service_latency-50"", ""ts-train-service_latency-90""]",2,0.001768373730036501
0,1,1,0.0,0.3333333333333333,0.6,results/main/amber/metric/train_ticket/ts-train-service_delay_run3.json,3,3780.884683180853,train_ticket,0.0,0.0,0.0,0.0,0.0,0.0,0,-6.934026466576597,ts-train-service_delay,metric,0,1,1,0.0,0.3333333333333333,0.6,results/ablation/no_ar/metric/train_ticket/ts-train-service_delay_run3.json,3,3787.8187096474294,"[""ts-train-service_latency-50"", ""ts-train-service_latency-90""]",3,0.26425184010206004
0,1,1,0.0,0.3333333333333333,0.6,results/main/amber/metric/train_ticket/ts-train-service_delay_run4.json,3,3879.4071328942564,train_ticket,0.0,1.0,0.0,0.0,0.3333333333333333,0.19999999999999996,-1,-22.38088566096758,ts-train-service_delay,metric,0,0,1,0.0,0.0,0.4,results/ablation/no_ar/metric/train_ticket/ts-train-service_delay_run4.json,4,3901.788018555224,"[""ts-train-service_latency-50"", ""ts-train-service_latency-90""]",4,0.2567794346138155
0,0,1,0.0,0.0,0.4,results/main/amber/metric/train_ticket/ts-train-service_delay_run5.json,4,3856.563029701154,train_ticket,0.0,0.0,0.0,0.0,0.0,0.2,-2,-16.97079547658268,ts-train-service_delay,metric,0,0,1,0.0,0.0,0.2,results/ablation/no_ar/metric/train_ticket/ts-train-service_delay_run5.json,6,3873.5338251777366,"[""ts-train-service_latency-50"", ""ts-train-service_latency-90""]",5,0.7413630774710499
0,0,0,0.0,0.0,0.0,results/main/amber/metric/train_ticket/ts-train-service_loss_run1.json,,,train_ticket,0.0,0.0,0.0,0.0,0.0,0.0,,,ts-train-service_loss,metric,0,0,0,0.0,0.0,0.0,results/ablation/no_ar/metric/train_ticket/ts-train-service_loss_run1.json,,,[],1,
0,0,0,0.0,0.0,0.0,results/main/amber/metric/train_ticket/ts-train-service_loss_run2.json,,,train_ticket,0.0,0.0,0.0,0.0,0.0,0.0,,,ts-train-service_loss,metric,0,0,0,0.0,0.0,0.0,results/ablation/no_ar/metric/train_ticket/ts-train-service_loss_run2.json,,,[],2,
0,0,0,0.0,0.0,0.0,results/main/amber/metric/train_ticket/ts-train-service_loss_run3.json,,,train_ticket,0.0,0.0,0.0,0.0,0.0,0.0,,,ts-train-service_loss,metric,0,0,0,0.0,0.0,0.0,results/ablation/no_ar/metric/train_ticket/ts-train-service_loss_run3.json,,,[],3,
0,0,0,0.0,0.0,0.0,results/main/amber/metric/train_ticket/ts-train-service_loss_run4.json,,,train_ticket,0.0,0.0,0.0,0.0,0.0,0.0,,,ts-train-service_loss,metric,0,0,0,0.0,0.0,0.0,results/ablation/no_ar/metric/train_ticket/ts-train-service_loss_run4.json,,,[],4,
0,0,0,0.0,0.0,0.0,results/main/amber/metric/train_ticket/ts-train-service_loss_run5.json,,,train_ticket,0.0,0.0,0.0,0.0,0.0,0.0,,,ts-train-service_loss,metric,0,0,0,0.0,0.0,0.0,results/ablation/no_ar/metric/train_ticket/ts-train-service_loss_run5.json,,,[],5,
0,1,1,0.0,0.6666666666666666,0.8,results/main/amber/metric/train_ticket/ts-train-service_mem_run1.json,2,3626.6196767347565,train_ticket,-1.0,0.0,0.0,-1.0,-0.33333333333333337,-0.19999999999999996,1,-779.3140130931488,ts-train-service_mem,metric,1,1,1,1.0,1.0,1.0,results/ablation/no_ar/metric/train_ticket/ts-train-service_mem_run1.json,1,4405.933689827905,"[""ts-train-service_mem""]",1,0.9073181370603344
0,0,1,0.0,0.0,0.4,results/main/amber/metric/train_ticket/ts-train-service_mem_run2.json,6,3588.590392211477,train_ticket,0.0,0.0,0.0,0.0,0.0,0.0,1,-690.1877071964814,ts-train-service_mem,metric,0,0,1,0.0,0.0,0.4,results/ablation/no_ar/metric/train_ticket/ts-train-service_mem_run2.json,5,4278.7780994079585,"[""ts-train-service_mem""]",2,0.9065894771603291
1,1,1,1.0,1.0,1.0,results/main/amber/metric/train_ticket/ts-train-service_mem_run3.json,1,3564.690521955044,train_ticket,0.0,0.0,0.0,0.0,0.0,0.0,0,-842.4074391381732,ts-train-service_mem,metric,1,1,1,1.0,1.0,1.0,results/ablation/no_ar/metric/train_ticket/ts-train-service_mem_run3.json,1,4407.097961093217,"[""ts-train-service_mem""]",3,0.9396504822209669
1,1,1,1.0,1.0,1.0,results/main/amber/metric/train_ticket/ts-train-service_mem_run4.json,1,3531.9889811595935,train_ticket,0.0,0.0,0.0,0.0,0.0,0.0,0,-228.89092518048847,ts-train-service_mem,metric,1,1,1,1.0,1.0,1.0,results/ablation/no_ar/metric/train_ticket/ts-train-service_mem_run4.json,1,3760.879906340082,"[""ts-train-service_mem""]",4,0.9890221375963575
1,1,1,1.0,1.0,1.0,results/main/amber/metric/train_ticket/ts-train-service_mem_run5.json,1,2831.470993396212,train_ticket,0.0,0.0,0.0,0.0,0.0,0.0,0,-803.0287362665949,ts-train-service_mem,metric,1,1,1,1.0,1.0,1.0,results/ablation/no_ar/metric/train_ticket/ts-train-service_mem_run5.json,1,3634.499729662807,"[""ts-train-service_mem""]",5,0.9494746658289138
0,0,0,0.0,0.0,0.0,results/main/amber/metric/train_ticket/ts-travel-service_cpu_run1.json,11,1351.8370958739233,train_ticket,0.0,0.0,0.0,0.0,0.0,0.0,2,-940.4509660331187,ts-travel-service_cpu,metric,0,0,0,0.0,0.0,0.0,results/ablation/no_ar/metric/train_ticket/ts-travel-service_cpu_run1.json,9,2292.288061907042,"[""ts-travel-service_cpu""]",1,0.8926610842250972
0,0,0,0.0,0.0,0.0,results/main/amber/metric/train_ticket/ts-travel-service_cpu_run2.json,9,1215.4715669738957,train_ticket,0.0,0.0,-1.0,0.0,0.0,-0.2,3,-909.0236097278498,ts-travel-service_cpu,metric,0,0,1,0.0,0.0,0.2,results/ablation/no_ar/metric/train_ticket/ts-travel-service_cpu_run2.json,6,2124.4951767017455,"[""ts-travel-service_cpu""]",2,0.8819167050747067
0,0,0,0.0,0.0,0.0,results/main/amber/metric/train_ticket/ts-travel-service_cpu_run3.json,8,1046.9624449364428,train_ticket,0.0,0.0,-1.0,0.0,0.0,-0.4,4,-946.140991549355,ts-travel-service_cpu,metric,0,0,1,0.0,0.0,0.4,results/ablation/no_ar/metric/train_ticket/ts-travel-service_cpu_run3.json,4,1993.1034364857978,"[""ts-travel-service_cpu""]",3,0.9005203645831232
0,0,1,0.0,0.0,0.4,results/main/amber/metric/train_ticket/ts-travel-service_cpu_run4.json,4,1042.8477631299875,train_ticket,0.0,-1.0,0.0,0.0,-0.3333333333333333,-0.19999999999999996,1,-1072.4303579501175,ts-travel-service_cpu,metric,0,1,1,0.0,0.3333333333333333,0.6,results/ablation/no_ar/metric/train_ticket/ts-travel-service_cpu_run4.json,3,2115.278121080105,"[""ts-travel-service_cpu""]",4,0.9542089269643075
0,1,1,0.0,0.6666666666666666,0.8,results/main/amber/metric/train_ticket/ts-travel-service_cpu_run5.json,2,919.5330710189028,train_ticket,-1.0,0.0,0.0,-1.0,-0.33333333333333337,-0.19999999999999996,1,-962.4516749607665,ts-travel-service_cpu,metric,1,1,1,1.0,1.0,1.0,results/ablation/no_ar/metric/train_ticket/ts-travel-service_cpu_run5.json,1,1881.9847459796692,"[""ts-travel-service_cpu""]",5,0.9630163597730599
0,0,1,0.0,0.0,0.2,results/main/amber/metric/train_ticket/ts-travel-service_delay_run1.json,6,2840.8013173756062,train_ticket,0.0,0.0,0.0,0.0,0.0,0.0,0,-143.69373591527255,ts-travel-service_delay,metric,0,0,1,0.0,0.0,0.2,results/ablation/no_ar/metric/train_ticket/ts-travel-service_delay_run1.json,6,2984.495053290879,"[""ts-travel-service_latency-50"", ""ts-travel-service_latency-90""]",1,1.5511101295153964
0,0,0,0.0,0.0,0.0,results/main/amber/metric/train_ticket/ts-travel-service_delay_run2.json,67,54.35756006581505,train_ticket,0.0,0.0,0.0,0.0,0.0,0.0,-16,-133.44014761538733,ts-travel-service_delay,metric,0,0,0,0.0,0.0,0.0,results/ablation/no_ar/metric/train_ticket/ts-travel-service_delay_run2.json,83,187.79770768120238,"[""ts-travel-service_latency-50"", ""ts-travel-service_latency-90""]",2,1.828096232615171
0,1,1,0.0,0.3333333333333333,0.6,results/main/amber/metric/train_ticket/ts-travel-service_delay_run3.json,3,3682.4505606884595,train_ticket,0.0,0.0,0.0,0.0,0.0,0.0,0,-207.5566248049663,ts-travel-service_delay,metric,0,1,1,0.0,0.3333333333333333,0.6,results/ablation/no_ar/metric/train_ticket/ts-travel-service_delay_run3.json,3,3890.007185493426,"[""ts-travel-service_latency-50"", ""ts-travel-service_latency-90""]",3,1.749324954076835
0,1,1,0.0,0.6666666666666666,0.8,results/main/amber/metric/train_ticket/ts-travel-service_delay_run4.json,2,3717.139467491977,train_ticket,0.0,0.0,0.0,0.0,0.0,0.0,0,-146.7308359837093,ts-travel-service_delay,metric,0,1,1,0.0,0.6666666666666666,0.8,results/ablation/no_ar/metric/train_ticket/ts-travel-service_delay_run4.json,2,3863.8703034756863,"[""ts-travel-service_latency-50"", ""ts-travel-service_latency-90""]",4,1.7859974404830408
0,0,1,0.0,0.0,0.2,results/main/amber/metric/train_ticket/ts-travel-service_delay_run5.json,5,2106.058825528543,train_ticket,0.0,-1.0,0.0,0.0,-0.3333333333333333,-0.39999999999999997,2,-1080.979892210335,ts-travel-service_delay,metric,0,1,1,0.0,0.3333333333333333,0.6,results/ablation/no_ar/metric/train_ticket/ts-travel-service_delay_run5.json,3,3187.038717738878,"[""ts-travel-service_latency-50"", ""ts-travel-service_latency-90""]",5,1.9409936936577679
0,1,1,0.0,0.6666666666666666,0.8,results/main/amber/metric/train_ticket/ts-travel-service_loss_run1.json,2,7840.367193717947,train_ticket,0.0,0.0,0.0,0.0,0.0,0.0,0,-50.34415738166172,ts-travel-service_loss,metric,0,1,1,0.0,0.6666666666666666,0.8,results/ablation/no_ar/metric/train_ticket/ts-travel-service_loss_run1.json,2,7890.711351099609,"[""ts-travel-service_error""]",1,0.0
0,0,0,0.0,0.0,0.0,results/main/amber/metric/train_ticket/ts-travel-service_loss_run2.json,,,train_ticket,0.0,0.0,0.0,0.0,0.0,0.0,,,ts-travel-service_loss,metric,0,0,0,0.0,0.0,0.0,results/ablation/no_ar/metric/train_ticket/ts-travel-service_loss_run2.json,,,[],2,
0,1,1,0.0,0.3333333333333333,0.6,results/main/amber/metric/train_ticket/ts-travel-service_loss_run3.json,3,7602.0363957928685,train_ticket,0.0,0.0,0.0,0.0,0.0,0.0,0,-48.846337922032035,ts-travel-service_loss,metric,0,1,1,0.0,0.3333333333333333,0.6,results/ablation/no_ar/metric/train_ticket/ts-travel-service_loss_run3.json,3,7650.8827337149005,"[""ts-travel-service_error""]",3,0.0
0,1,1,0.0,0.3333333333333333,0.6,results/main/amber/metric/train_ticket/ts-travel-service_loss_run4.json,3,7747.795300326045,train_ticket,0.0,0.0,0.0,0.0,0.0,0.0,0,-49.7606324073422,ts-travel-service_loss,metric,0,1,1,0.0,0.3333333333333333,0.6,results/ablation/no_ar/metric/train_ticket/ts-travel-service_loss_run4.json,3,7797.555932733388,"[""ts-travel-service_error""]",4,0.0
0,1,1,0.0,0.6666666666666666,0.8,results/main/amber/metric/train_ticket/ts-travel-service_loss_run5.json,2,7681.534661848961,train_ticket,0.0,0.0,0.0,0.0,0.0,0.0,0,-49.34414960332833,ts-travel-service_loss,metric,0,1,1,0.0,0.6666666666666666,0.8,results/ablation/no_ar/metric/train_ticket/ts-travel-service_loss_run5.json,2,7730.8788114522895,"[""ts-travel-service_error""]",5,0.0
0,0,1,0.0,0.0,0.4,results/main/amber/metric/train_ticket/ts-travel-service_mem_run1.json,5,2049.564394609961,train_ticket,0.0,0.0,0.0,0.0,0.0,0.2,-1,-100.55436271954659,ts-travel-service_mem,metric,0,0,1,0.0,0.0,0.2,results/ablation/no_ar/metric/train_ticket/ts-travel-service_mem_run1.json,6,2150.1187573295074,"[""ts-travel-service_mem""]",1,0.992464147588189
1,1,1,1.0,1.0,1.0,results/main/amber/metric/train_ticket/ts-travel-service_mem_run2.json,1,3283.111582598383,train_ticket,0.0,0.0,0.0,0.0,0.0,0.0,0,-181.0000200284153,ts-travel-service_mem,metric,1,1,1,1.0,1.0,1.0,results/ablation/no_ar/metric/train_ticket/ts-travel-service_mem_run2.json,1,3464.1116026267982,"[""ts-travel-service_mem""]",2,0.9815910904229351
1,1,1,1.0,1.0,1.0,results/main/amber/metric/train_ticket/ts-travel-service_mem_run3.json,1,3345.025466378732,train_ticket,0.0,0.0,0.0,0.0,0.0,0.0,0,-955.0272885355689,ts-travel-service_mem,metric,1,1,1,1.0,1.0,1.0,results/ablation/no_ar/metric/train_ticket/ts-travel-service_mem_run3.json,1,4300.052754914301,"[""ts-travel-service_mem""]",3,0.9195383361091989
1,1,1,1.0,1.0,1.0,results/main/amber/metric/train_ticket/ts-travel-service_mem_run4.json,1,3299.628682843355,train_ticket,0.0,0.0,0.0,0.0,0.0,0.0,0,-171.5936795153666,ts-travel-service_mem,metric,1,1,1,1.0,1.0,1.0,results/ablation/no_ar/metric/train_ticket/ts-travel-service_mem_run4.json,1,3471.2223623587215,"[""ts-travel-service_mem""]",4,0.9927101257353134
1,1,1,1.0,1.0,1.0,results/main/amber/metric/train_ticket/ts-travel-service_mem_run5.json,1,3242.2907407976513,train_ticket,0.0,0.0,0.0,0.0,0.0,0.0,0,-534.2375705428753,ts-travel-service_mem,metric,1,1,1,1.0,1.0,1.0,results/ablation/no_ar/metric/train_ticket/ts-travel-service_mem_run5.json,1,3776.5283113405267,"[""ts-travel-service_mem""]",5,0.9069048596682918
