scenario,expected_change,repetition,log_bayes_factor,pre_intercept_mean,post_intercept_mean,pre_phi1_mean,post_phi1_mean,pre_innovation_variance_mean,post_innovation_variance_mean
no_change,False,1,-4.904845996775066,0.018362575927716472,0.13993688819815067,0.5677668823683273,0.6855080063240887,0.6913085847129655,0.8164872054621605
no_change,False,2,-7.404767724692306,-0.014897226404945094,0.07412303204157472,0.5873273530637971,0.6772134549377857,0.6308785170874076,0.6676893692179368
no_change,False,3,-8.814412531669177,0.018920108419847297,0.04222922258702599,0.7210108345718245,0.6482760842207491,0.48811347872534744,0.4779487447673613
no_change,False,4,-8.308949550666284,-0.020612769269750596,-0.14047301669699924,0.5972211612530186,0.5965380055367495,0.7780762030881405,0.7980373942774938
no_change,False,5,-9.352942684156687,0.009760200480712009,0.033117692795314395,0.6059473882255682,0.6361722245492104,0.6300074102293728,0.6308181700975042
no_change,False,6,-8.758622091721918,-0.011549456455512799,-0.06259903526210907,0.6272385509817743,0.6761315198808809,0.5068660373193374,0.510862178769432
no_change,False,7,-9.30317533570144,0.0009334884369800714,-0.020161712614241826,0.6273011465379926,0.5997130149711318,0.5354696490277788,0.5398677401017028
no_change,False,8,-9.261759456764366,0.013072409684560117,-0.004057026611271194,0.64988432408507,0.66422476994336,0.5230971125728348,0.48579906194883143
no_change,False,9,-9.263351846159594,-0.025520675663002815,-0.038987719606290626,0.6470202598551604,0.6873315394651659,0.5041538274500673,0.49060814285722776
no_change,False,10,-7.8506028165209045,-0.019600612531431912,0.08525911138891261,0.5918508718535864,0.5681774807265254,0.6574650395770885,0.6012913579128132
no_change,False,11,-6.6851461691346685,0.027297108454863085,-0.04885851870534236,0.6122419596940611,0.6165517575478108,0.7021769320050687,0.9077395761733019
no_change,False,12,-6.873249583548954,0.02640366448400749,0.12135651263801697,0.675189101169224,0.5529936080973953,0.707884576398,0.6440049989110218
no_change,False,13,-8.366574217601737,-0.017213524851476234,0.012655958956770592,0.6760552305569322,0.6276908428211695,0.5140289543271654,0.44781951096647415
no_change,False,14,-8.679413684491692,0.004051869630825835,0.08624978765047167,0.6091907779291985,0.6366189871684624,0.6863638969614368,0.7166636472779372
no_change,False,15,-8.388150841071933,-0.012423812028968651,-0.08384979676324565,0.6441039514284341,0.68145722559297,0.535039176954819,0.5031652195449247
no_change,False,16,-8.998834795327525,0.004863048954155408,-0.02841508617378791,0.6321515556052075,0.6116881147349309,0.6064636714500721,0.5538908330569519
no_change,False,17,-9.508555723122527,0.006522039427193582,0.011622432702925763,0.6038918707342966,0.6450524665824753,0.7837424509001263,0.7827321340337202
no_change,False,18,-8.706974531912238,-0.00801400364296901,-0.06992374061420722,0.6838170229069658,0.6410108953882676,0.4041199846821809,0.38851112548937117
no_change,False,19,-6.177629619392178,0.04506501080135229,-0.04106225936697935,0.6653657412545213,0.6618314022627604,0.5948599532641382,0.7768075202172818
no_change,False,20,-7.774700749126055,0.01602168185162202,0.12488965345883998,0.6873745420078065,0.6506945611265731,0.47619198488346026,0.4630144864558796
no_change,False,21,-8.171463500622167,-0.019723918722545832,0.012692081909381075,0.6692917588732614,0.5781378757045098,0.5642828435737282,0.531528257131415
no_change,False,22,-6.137660684665661,0.01183938680761274,0.17690762916249317,0.6628599376219394,0.6257545260834406,0.5414427954286398,0.5720537426768462
no_change,False,23,-7.443699168726539,0.013145532522275153,0.1492415775958572,0.6404144968598212,0.609158840373096,0.6413695744353013,0.6169775045613537
no_change,False,24,-8.916173360384164,0.0068099952236644464,-0.021710128410979548,0.6938114633285625,0.6292053657137042,0.554091647215184,0.5532503335929221
no_change,False,25,-6.891364655864322,0.015784243270787545,0.1241311561539031,0.6113873954016739,0.6264612814320304,0.5880101872818082,0.7043796924914889
no_change,False,26,-7.6220984320400476,-0.0005405194178908952,-0.0325474342778187,0.6719593275060695,0.612784214497362,0.5404213700788928,0.4483834473088673
no_change,False,27,-3.7024419293958317,-0.013466688910696802,0.21848651684028444,0.6197354073539044,0.56247863817424,0.787011886046999,0.9795883967681093
no_change,False,28,-8.258170856719516,0.017526129888720276,0.1176920267694258,0.6808481947003089,0.641663204532169,0.6210030992303479,0.6658816752468006
no_change,False,29,-7.39163741056359,-0.002802701606200736,0.054887328416673,0.5845370110577208,0.6557761005768523,0.6487897740699241,0.5520032746943858
no_change,False,30,-6.960465949235754,0.017834262637533807,0.03895213071275414,0.6405264657571159,0.4951980387854031,0.5253599957028279,0.5388292989769745
no_change,False,31,-9.233729914575065,-0.003310506579119111,-0.05467012058972053,0.6852130234075474,0.6539743014328849,0.7106760626446204,0.677685231416004
no_change,False,32,-9.463963670241583,0.013044455012357525,0.0103467751082435,0.6928505437504584,0.6750146800688128,0.6465257637011831,0.6052672382872781
no_change,False,33,-7.968124993563379,0.008917271328739292,0.026491059117849255,0.6337681462136245,0.6841146632553408,0.6097038747988917,0.5099025492753251
no_change,False,34,-7.4921222172879425,7.162854586775185e-06,0.06343069757591208,0.6705907831121442,0.6144430377476533,0.4755230177710801,0.5644351282797182
no_change,False,35,-8.16126796361857,0.00416075596253627,0.09216452625803756,0.650142853700062,0.6150911557976311,0.5884734324630213,0.6514869970403098
no_change,False,36,-9.376653464206584,0.02513406955670273,0.03834718754235785,0.6236024994426466,0.5910107628890847,0.636426761438842,0.6304583520059985
no_change,False,37,-8.031488614514728,0.0050841945807163745,0.035835705430724216,0.6876517146930478,0.5986960563139375,0.48448185125824444,0.4388906743165561
no_change,False,38,-7.253188538363929,0.03306101431602158,-0.06198047544326529,0.6501105073143648,0.7230962218029484,0.5457203236391702,0.6043181700329591
no_change,False,39,-8.781643309683204,-0.010186186046968047,0.02628597819357655,0.6548127829605186,0.5887098663057123,0.581542678621506,0.5649077381137242
no_change,False,40,-8.569079802869396,0.0066509554909603115,-0.05141438439154115,0.6089766632430202,0.6668512889620554,0.5495615423732612,0.5620816601814009
no_change,False,41,-8.865293517032569,0.009198846900505299,-0.029295335219674454,0.6165603189356402,0.6781061516752528,0.6223656465933423,0.6455899685196446
no_change,False,42,-9.092506095306021,-0.01332555205898436,0.022282359358167112,0.7000071442445123,0.6527504621117743,0.46949231804365343,0.47455891374053466
no_change,False,43,-8.244825552846578,0.00544338450941268,0.07462101805772495,0.6747524361887716,0.6649267986245492,0.4886869130291075,0.5575904260502998
no_change,False,44,-7.938949066201303,-0.006098199764083228,-0.060736314726272916,0.6310540927458691,0.6278864730324584,0.6335279532544423,0.7661710283465701
no_change,False,45,-5.737119558965787,0.002785969066960689,0.08284351246166867,0.5470384243954715,0.6882082865266366,0.5618230106971283,0.5371088451713858
no_change,False,46,-8.717112068527626,0.0026870175536664338,0.07796679202010373,0.6465413208610106,0.6305641480066891,0.5859672467562717,0.559758720463153
no_change,False,47,-8.425633093196211,-0.01639262260596372,0.043208637883118184,0.6978194762353801,0.6317886118222217,0.47713090725009216,0.4591491653989707
no_change,False,48,-8.218276074870232,-0.01575268308016821,0.050930746172887335,0.6571881317038475,0.5852873138726673,0.5759571249365618,0.6126425560891036
no_change,False,49,-6.924647128781544,-0.01109734305320655,0.05597570453038862,0.7375868113160494,0.6517248591631386,0.4959765360211617,0.5895525097327392
no_change,False,50,-6.710841797124772,-0.014245226242403876,0.04233712622687926,0.6358823144986185,0.6141003919951727,0.5872695720422033,0.45997042952879574
no_change,False,51,-7.946148965024463,-0.021068873831465718,-0.06040871343093276,0.6406187170416987,0.545460418555778,0.6159679004192516,0.5600834118825692
no_change,False,52,-7.562561869364458,0.010828284930572403,0.04694385623836434,0.6975304930083346,0.6738537914316632,0.5918779354411041,0.47538431176230905
no_change,False,53,-8.025405002461184,0.01173192043606081,-0.05307689167164234,0.6865949975525599,0.605575611203839,0.46013631733497934,0.44237340253824164
no_change,False,54,-8.06572511217746,0.010687643088051516,-0.006237358457148944,0.6450875547865421,0.720558482526845,0.5186935073147425,0.4528873961915802
no_change,False,55,-7.193576755538743,-0.01991168886880965,-0.024899567772460378,0.5724094036180151,0.6939924585164728,0.637114728492319,0.5702444170473061
no_change,False,56,-8.453824927618598,0.027359142468422883,0.09313016701829627,0.571228280324899,0.6482065709710139,0.8801898190995605,0.8356690242119035
no_change,False,57,-8.139319946156093,0.007262544699567697,-0.09140674801446677,0.6612725811314919,0.6124761842891658,0.5842683993077569,0.5972777344846645
no_change,False,58,-8.737414956077146,-0.008645261112206513,0.05282858015200317,0.6467117363568864,0.613101462857018,0.4282660648144217,0.42071458341586226
no_change,False,59,-7.99506613392191,0.021269011335929018,0.01569324476570134,0.5577659797961573,0.6719005764140534,0.7084728585421626,0.738053545455676
no_change,False,60,-8.317513269534516,-0.015211460740127417,-0.06128821066958733,0.6724270703666283,0.6653210768534733,0.499061121513154,0.4268240118052489
no_change,False,61,-6.977967486537295,0.02101495715130862,-0.09388270244064184,0.6226239193382084,0.6814111386127635,0.6109512440453989,0.6913530721277563
no_change,False,62,-8.907416555697182,0.01831256327811503,0.049662059971853044,0.6257316611321382,0.6596142502998481,0.6852967173132153,0.6172996960774394
no_change,False,63,-9.203977652900903,-0.008335119811167462,0.016915679825172912,0.6680040398298681,0.7321001302960701,0.7841946379536449,0.787802906076148
no_change,False,64,-8.755325774590915,0.010733639925609283,-0.012073456045135302,0.5544553075456012,0.6307277643047746,0.7373543184341586,0.700168416568781
no_change,False,65,-6.098113913632915,0.008495865188702047,0.11862333725905201,0.7213373556577336,0.5862831972803173,0.6664407349208137,0.6123803512414467
no_change,False,66,-7.241697529065391,0.008938577461289374,0.10204277076679849,0.6294298443374362,0.6416407850281722,0.5288969886184461,0.4545099864988941
no_change,False,67,-9.084989315401799,0.0231618875085441,0.032684167684765994,0.6700545574541473,0.6284615384889106,0.5407027110157019,0.5012389310365355
no_change,False,68,-8.896551466866754,0.0062275910805964585,-0.005981285842268072,0.7456728021753062,0.6884098127157886,0.4686126941559408,0.5109711642027753
no_change,False,69,-8.917844588073535,0.0029677780446519956,0.03955461003628005,0.6218695978025113,0.6433689044296141,0.530218901570156,0.5830007485430762
no_change,False,70,-8.149171084517548,-0.004548989084860847,-0.057096994128384475,0.6739137294490769,0.6237114313657861,0.5274966429838523,0.46057730678216335
no_change,False,71,-9.305603768837159,0.03082972661815734,0.04608736621872501,0.6349179035787169,0.6124236677191185,0.5395104970746689,0.5146131467645519
no_change,False,72,-9.223839139338565,-0.028243867890822855,-0.009254135545833212,0.678438258219769,0.6571053972252959,0.5145112207986859,0.4763357785639809
no_change,False,73,-7.961100390069873,0.01474041433762212,0.03451118373070922,0.6549955797744332,0.6343996825949144,0.6632785555086429,0.5434059714574024
no_change,False,74,-7.312817364562079,0.01570350310789995,0.14584988282539385,0.6427911664471109,0.6168262877946095,0.5375479098677185,0.5477894098474889
no_change,False,75,-7.401925623404395,0.008973655698454692,-0.06815155275535979,0.619948887702651,0.7088083194669194,0.5641873205094438,0.5303629175080063
no_change,False,76,-7.378745554653733,0.02113467426605274,-0.08135382548192223,0.6438277693035681,0.6696336188621371,0.5616106979146783,0.6491765295395171
no_change,False,77,-8.97625227538606,-0.012921023116722379,-0.04802082886311268,0.6725376249824127,0.7105398000348658,0.6469864418388088,0.5905306662543751
no_change,False,78,-7.939903690246183,0.004941091040272467,-0.09259785616345068,0.6427149219206997,0.5866063616154669,0.5532780149238025,0.5745663596614595
no_change,False,79,-8.232362205250979,0.016042317750354012,0.03041703490254971,0.5894184017695715,0.6747704807248034,0.5684593382892921,0.6259803401693232
no_change,False,80,-8.722875264299319,0.007665755442900206,0.023784352194558437,0.5968679701513773,0.6753778422965736,0.6014217154951992,0.6043858149997348
no_change,False,81,-8.065305396947224,-0.02241162369101949,-0.02040419599669535,0.6455509392231892,0.6088506693367277,0.5389723958760997,0.6478755632800246
no_change,False,82,-4.902487933427324,-0.033614783625045976,0.18689198044877162,0.6500620243086788,0.5752547727729135,0.7705266185536922,0.732225980223754
no_change,False,83,-9.051598908755864,-0.014576112178193027,0.016566107824390747,0.6184171097898522,0.665314957811159,0.5555213548894853,0.5807013546881948
no_change,False,84,-7.7472789850839945,0.010987463442281388,0.13355969352622066,0.6229805028607599,0.6312929623876866,0.7092466962506344,0.7866696747628786
no_change,False,85,-9.313066646987636,0.008868569811149012,0.00422737927217668,0.6859710202982608,0.6408151107877992,0.5783301510835069,0.5742957689525686
no_change,False,86,-9.0858627729815,-0.018300314053343873,-0.05514492800471117,0.5962672630562705,0.5452348585147963,0.7507990420860503,0.7160123725017059
no_change,False,87,-8.25224160055211,0.02456100680217191,-0.002533436193763992,0.7026330643778048,0.6179676389614258,0.5119656856931734,0.5528595125615468
no_change,False,88,-9.443636686997024,-0.00012375455265061728,0.03735196003963042,0.6588411602598121,0.666510131688859,0.6477168854267198,0.6694711302980135
no_change,False,89,-8.701365859381212,-0.001218761341491916,-0.05389660888416202,0.6319925101935945,0.6691572370012002,0.5846614905853794,0.5381932872016774
no_change,False,90,-8.134290521015146,0.04222543824612683,-0.03972852093964436,0.6182249927124845,0.6555186972146171,0.6038693960306851,0.676250585559547
no_change,False,91,-8.893317214583817,-0.007051557599451011,0.03155830539771311,0.6864720479740817,0.6845265874131022,0.5100582048307707,0.5738347168456364
no_change,False,92,-8.962996410863639,-0.006934345300574637,0.029302161558989227,0.6462685006632748,0.6233170643309209,0.6293574239439053,0.7000775041276438
no_change,False,93,-9.31166285211168,-0.002148767711363035,0.023184694413706266,0.6417112143299625,0.620122300701328,0.6515113371712942,0.6151724432174555
no_change,False,94,-9.170004152489128,0.03509826551670754,0.024468306332502326,0.7101500431874679,0.661111932465706,0.48882095855559693,0.5108784495771627
no_change,False,95,-8.319002849488697,-0.010513032823436587,-0.10177579394030478,0.6370378039857025,0.6520655701556364,0.5641573944601411,0.5898995692746446
no_change,False,96,-8.39706618062064,0.011232850120302049,0.03070444153439534,0.5623018896335834,0.657176654372507,0.6592067744154897,0.6591385733688592
no_change,False,97,-7.358537471404929,-0.013250607884253678,-0.13716630608806238,0.6282712196527878,0.6523568824660787,0.6372049856784925,0.7035788078914736
no_change,False,98,-8.026730878004855,-0.015675528331601733,-0.035607454010704656,0.5975605667900232,0.6662059364279584,0.6954554267755985,0.5966188824327436
no_change,False,99,-8.528225988269469,-0.022047901278545688,0.015324053513912797,0.5974072477133846,0.5636157879687921,0.6273674690914388,0.5540230512773974
no_change,False,100,-9.16429753721195,-0.0020884461952257304,0.04777005492526639,0.6507360250577675,0.6836428261386522,0.6256827879192739,0.6244256136383274
no_change,False,101,-7.891176663120746,-0.006070070301470618,-0.022834893937404493,0.6142440239517429,0.5957697292608365,0.47967514073313267,0.3942709076701952
no_change,False,102,-7.960407591376793,-0.0013502523620967674,-0.03134362062555424,0.5518669943461655,0.6491057691980483,0.7796466959982372,0.8812041331487999
no_change,False,103,-8.568486912603362,-0.01600823124752066,-0.0479426202217971,0.6588889298575856,0.6734428739533362,0.5826262045372628,0.5026942009335874
no_change,False,104,-8.171366187876856,0.01033747804905711,-0.000591746423313429,0.5887266782979013,0.6215458997430615,0.7002432765910107,0.5856693746511199
no_change,False,105,-7.441750852168525,0.0015641423847503949,0.035551722941018674,0.583934401726243,0.7053349146655952,0.5818830581836614,0.5923257143054654
no_change,False,106,-7.610137078900493,-0.008861030318540073,0.043029689333267784,0.6648518890555809,0.6989404584147569,0.5559793124114262,0.45894095692436454
no_change,False,107,-8.549849455182994,0.023524298683808613,0.05890397032494958,0.5816812760053315,0.6642250501060583,0.741427348682258,0.7853315431708268
no_change,False,108,-7.059847710277609,0.02822873612614005,-0.09281604324024834,0.6715286658576994,0.7085697368828527,0.6922823683386718,0.8169873505029288
no_change,False,109,-5.5644986438089745,0.00424293642504561,-0.069183472243146,0.5905459120188007,0.6973898931868369,0.5474452113147473,0.6776708339042535
no_change,False,110,-9.445344283714007,0.023033634731492572,0.02871784231351229,0.5578334037598761,0.5758275585745526,0.692829387746659,0.67849682190739
no_change,False,111,-8.582005926106262,-0.021340299397797226,-0.0073525076059645905,0.6482774172332936,0.5821358780998658,0.5782570266224231,0.527145890786239
no_change,False,112,-8.590267436852855,-0.008477829763311632,0.02902597854548541,0.5815207367193609,0.6657269524581984,0.7283911836636899,0.7546666280268814
no_change,False,113,-7.595620985614801,0.02271636016438926,-0.009061883138471215,0.5189441347900517,0.6115845826779983,0.8589799033097675,1.0282970877298767
no_change,False,114,-9.107043281752112,0.026358359471911702,0.022979670775389552,0.6260151326807846,0.6404728547442495,0.5575748161348721,0.6170591784581518
no_change,False,115,-8.078574652519478,0.036365789385606646,-0.05301711254327405,0.6428035809860952,0.5966363594888403,0.6899397800422958,0.7742732885973214
no_change,False,116,-8.751270771727945,-0.019952627553378278,-0.06333486501187922,0.6049939436325813,0.6616634946231961,0.5520806378930772,0.5402727800675663
no_change,False,117,-8.151290655378375,0.01614335259522339,0.07271074558614667,0.6235476086209467,0.7045697426798954,0.5880628413972137,0.5901218995402915
no_change,False,118,-8.869066281068626,0.013586627524400154,-0.038088609156475654,0.6598226843964559,0.6091369275195909,0.5739403419094695,0.5763895128947222
no_change,False,119,-8.804639897635411,0.009947903274859815,-0.061733984730655264,0.651166976672392,0.6221711924960704,0.6572221201172072,0.6230352955988878
no_change,False,120,-8.566166053480515,-0.0016880668902348212,0.04146566838795662,0.628854921471213,0.702164066464965,0.6363700067326074,0.6106633430660984
no_change,False,121,-9.098726936170465,-0.03263137554265646,0.03011360548687814,0.6387752675457999,0.6631989076369761,0.6536707744756148,0.6506211112562228
no_change,False,122,-9.11988546176633,0.0031888684313576077,-0.011649256433709808,0.6028528310580246,0.5617155675714492,0.572149082966182,0.5484888583022105
no_change,False,123,-5.299925089859471,0.011376961365153263,0.1837836464890084,0.6723619827150045,0.6734285381029028,0.496255963271815,0.5371714239761908
no_change,False,124,-8.998755711939793,0.01184080646850176,0.01946366429211713,0.6470082309941801,0.6839935943247034,0.5260215574533045,0.582114883493631
no_change,False,125,-3.9809950193764507,-0.0029006717559470615,0.031914255635674384,0.723124901136631,0.5804638699506458,0.503130107115747,0.38200024305545205
no_change,False,126,-8.829432801578946,0.008927020990447376,0.03913994621203579,0.6381791426640201,0.6741188351455354,0.599392065167056,0.5389838168438298
no_change,False,127,-8.891369584120639,0.01234405313006252,0.008879846940950533,0.6936878942298409,0.6353916311612142,0.437032390996665,0.47160627566840946
no_change,False,128,-9.222539877142935,0.015863620274921515,0.012884884896796556,0.6163949135314546,0.6613679381780659,0.5986527831784575,0.6274487328631583
no_change,False,129,-7.904016952212601,-0.007656262794831737,-0.03017983367494327,0.6685662857180266,0.6704910507661029,0.48316327240618867,0.5936026610864376
no_change,False,130,-9.387500314499675,-0.014421662322900045,-0.04151151949219187,0.6870001942946116,0.6552708803567127,0.5775500724734156,0.5710708008761722
no_change,False,131,-7.8601269133264395,-0.0008249968633828132,0.06023017538783185,0.6408655524666838,0.6469374024367227,0.5042105684702977,0.6002526554113474
no_change,False,132,-7.378197937568302,0.0031199368035791527,0.13284968448672263,0.6692415215449836,0.6428391508006807,0.6244745597894429,0.5766640565459791
no_change,False,133,-8.665458897633016,-0.0066799075236823584,-0.07337404002194897,0.6589826277872619,0.7117517888029601,0.6330543466523993,0.6400220579754564
no_change,False,134,-6.386230519967512,-0.0019288533602597644,-0.09303951347028708,0.5589991095987612,0.6691853627837907,0.5883663951608226,0.64655733592374
no_change,False,135,-7.712300757245657,-0.014445920574176496,0.036797841353017044,0.6303599031712328,0.6045566156414822,0.6210569190438859,0.5141274197755784
no_change,False,136,-8.630600934420613,-0.005859207117611999,-0.05350858391009568,0.603322923940094,0.6612797426111517,0.6047627966523894,0.5709280430983813
no_change,False,137,-9.052859430655644,0.0011093304847682782,0.042876054852762684,0.6599226135711561,0.636325068709989,0.4978611538800243,0.4677683949501929
no_change,False,138,-9.449051347496379,-0.010881765437807197,-0.04224990729226416,0.5986424798374583,0.5961220976522623,0.704679975885479,0.6909280619403592
no_change,False,139,-7.516508354242319,-0.006248556782709516,0.07222074000999691,0.6797323322970217,0.593143577985535,0.47273674679598865,0.5130398841299924
no_change,False,140,-8.087603537927976,-0.015375409332678608,0.03941124328180131,0.6170166607842371,0.7121658958769572,0.7029572751395795,0.7371039804279386
no_change,False,141,-8.528609140382741,0.029474247349067048,0.061724174367112986,0.5886046436424877,0.6265672898239684,0.5450196443449077,0.618274451088988
no_change,False,142,-6.069530327184566,-0.01152178088551451,0.08528662065480272,0.6237445950042609,0.6645596673806745,0.5503701236001148,0.44529601900875604
no_change,False,143,-9.342437770442416,0.02643576699305091,0.04990550699543549,0.6777350071390127,0.6428313661644033,0.5379076526551859,0.5458973516677768
no_change,False,144,-8.078893053197248,-0.009487646486913125,-0.06895320001324409,0.7139673258152631,0.6403926545448101,0.467822817864488,0.4243400122986497
no_change,False,145,-8.60068184010754,-0.021886779037567947,0.0033600922526387336,0.6034115921421187,0.6579167016911899,0.6814139840707677,0.6051300440851242
no_change,False,146,-6.801574030601387,0.02324149432454126,-0.016367437392045703,0.6970503570314616,0.5640606420117487,0.46159080421068716,0.42885208604768166
no_change,False,147,-9.449576027364856,-0.000533265682812305,-0.03043581939937664,0.6234608697489532,0.6084768316654828,0.665475252129771,0.6655138540838548
no_change,False,148,-8.957806669920956,-0.02364828017139359,-0.020372476850444136,0.6127645661742795,0.6788134627871558,0.5131076898382415,0.5175239262759298
no_change,False,149,-6.976501041950428,-0.010650696252069124,0.009437218695900846,0.5292954644743181,0.6682434601926917,0.6515686358740725,0.7104311291744934
no_change,False,150,-8.901548918477374,-0.0018742307239484409,0.029560680086965777,0.5586600038401891,0.5549739014071512,0.6115090449298715,0.5555504860599769
no_change,False,151,-9.040288883675885,-0.008852807325858457,-0.015467605264755524,0.6673700422012807,0.6082571339999414,0.711635077805883,0.7661838088409432
no_change,False,152,-9.377450607889159,-0.0036225824622328393,-0.025237569354737636,0.673387502284959,0.665901488047339,0.49451104892616987,0.5238103084063617
no_change,False,153,-9.48337053960256,0.005628993888869111,-0.003764497100012452,0.613177420253567,0.6113118345783428,0.6660915573939552,0.6984338302094265
no_change,False,154,-6.229053896630035,-0.007394973850129549,0.023464688306465413,0.5765996133563567,0.6843035040163719,0.682734353691459,0.5514831006956445
no_change,False,155,-8.678454299412692,-0.012131135102897903,-0.040440601440516886,0.6642912064693585,0.6002972790469994,0.6681660647374783,0.6098360765181812
no_change,False,156,-7.906786424146844,0.002666293365475542,0.0645144533745172,0.6657559944614093,0.6119866125731395,0.5508049705286678,0.47805385099044995
no_change,False,157,-4.66119711946601,-0.028973833981720022,0.150205739144746,0.4946668445485077,0.5416638464338386,0.7964228197232666,0.6674392608170541
no_change,False,158,-7.072447966989671,-0.008831627802470422,-0.05056526270492764,0.591620206812564,0.6704549826508753,0.6265525085190925,0.5184167781385833
no_change,False,159,-8.128794011147647,-0.009966034273756386,-0.09803302682631014,0.6310039136436304,0.6668443133633639,0.5364784350846502,0.5579419091552283
no_change,False,160,-8.526902075262683,0.008314940783588897,0.09395884152423874,0.6582956490702526,0.6404165706920361,0.6658309768423164,0.6140029762203807
no_change,False,161,-6.804701069490761,0.019627557030772288,0.1163313791582111,0.5843167402254122,0.6552613982670196,0.5972382671721369,0.5327366308637772
no_change,False,162,-6.223247541003161,0.00038211439529000236,-0.17175753208195912,0.6415752371827818,0.6448118089379314,0.6357162523742286,0.6278983426378353
no_change,False,163,-8.50946251201924,0.016719622570124274,-0.06972645068208512,0.6404428362853732,0.6703256224076287,0.6096012565563076,0.6240451423992573
no_change,False,164,-9.62711068521412,0.01584566365762573,0.028597246823740707,0.7070588593212666,0.6923058911077794,0.5955687710780924,0.6099657337623885
no_change,False,165,-7.585578800166559,-0.024641240670667475,0.05172653672213649,0.5944203546258406,0.6019708816027506,0.6390230279358496,0.5380728422775428
no_change,False,166,-6.889484350764633,0.009102268654668785,0.08484519841334225,0.5324676163806018,0.6345652368440955,0.5869780171503022,0.5359691552659905
no_change,False,167,-7.830588353004032,-0.021908942282420286,0.004929060222765092,0.5770699190992727,0.6743576514067595,0.6751983891364995,0.7655711197222224
no_change,False,168,-8.958797082041087,0.05125256367280774,0.09335107482453212,0.5533228755764232,0.57865721241939,0.7681194298944354,0.7014524939084682
no_change,False,169,-7.480150882664475,-0.023104629569278334,0.01580338205381419,0.7258179366329987,0.6250654393743575,0.5203053729194901,0.4648835737276487
no_change,False,170,-6.692545728484447,-0.022496688247439955,-0.10406554264767315,0.6816815944630115,0.715551895626321,0.5082145392570749,0.6320681130500441
no_change,False,171,-7.151981544105865,0.038244808136992915,-0.06869953353004475,0.6078160698641762,0.5836953352107673,0.5720663414079178,0.5014684564061914
no_change,False,172,-6.330747210819254,0.007076405852239522,-0.11104921926632084,0.6641040420154812,0.614970562844913,0.7465012027680747,0.6057497560755306
no_change,False,173,-7.152797841564279,0.012653159040000353,0.03885433998727249,0.6365213248611489,0.6797150109431818,0.5459542665142681,0.6910520807554223
no_change,False,174,-8.775887075635637,-0.01855616570260123,-0.025015826528902593,0.5817574311052155,0.6047864271187148,0.6723054903423402,0.5901379019094296
no_change,False,175,-8.638314134440407,-0.003949583738461738,0.08240463686378807,0.683841160120502,0.6690624349485912,0.5814832096929096,0.6074035551249223
no_change,False,176,-7.245385980571996,0.009831259180183325,0.10018330237789132,0.6238388359252554,0.660658646839982,0.6820759411827149,0.5767831059688795
no_change,False,177,-6.81058225931497,0.01774727439065702,0.07359908593777892,0.6407156863504884,0.6009933743973671,0.5271733157848069,0.41786402277184914
no_change,False,178,-9.307116184913752,-0.00924031711354516,0.0034012386948066276,0.650839142920688,0.6285919997240165,0.47492761916302,0.45013493216234485
no_change,False,179,-7.7136902074032605,0.0006955662480141937,-0.09418628734865826,0.6592594315699813,0.6498312523745129,0.5614106382188903,0.6486508759787623
no_change,False,180,-8.820726706271557,0.05426599366641177,-0.0215199192889792,0.6709538635531456,0.6989257527357415,0.5777781105960281,0.5812438414154284
no_change,False,181,-9.0342382025093,0.0380492283455547,-0.007287686826031943,0.6164862485755543,0.6805309861603588,0.8078388642867357,0.7812977581820576
no_change,False,182,-5.563989859927233,0.019385732092033984,0.0006056932220166573,0.5526149242539433,0.7073434253357114,0.6554277705816829,0.560180078004705
no_change,False,183,-7.596316163168922,-0.002930781356412193,-0.0677505106368496,0.6526939723200256,0.6508765877990637,0.6402611756450818,0.5270218948768156
no_change,False,184,-8.794367168136432,-0.0009454085380706165,-0.05269420144183119,0.6808610434880334,0.62644672872332,0.5389625681767997,0.5204745213525405
no_change,False,185,-8.918202517474015,8.297076088504495e-05,-0.070391905140288,0.6417258920669191,0.694002821692352,0.8061132238859812,0.8317745639814822
no_change,False,186,-9.414961363333418,0.022974662617450087,0.05846859213554251,0.6637575494799515,0.6521683482074727,0.6563667724009498,0.6300458741425817
no_change,False,187,-9.325252224670862,0.0019476690370246353,-0.04020525066637466,0.6217420283010525,0.6175180736409619,0.7294173751010883,0.781045166677798
no_change,False,188,-8.525389978016392,-0.006066053345179127,-0.03893129566026062,0.6954122762834074,0.6435445195420836,0.474419900231578,0.4203631580908882
no_change,False,189,-9.562637321530474,0.011285047509727517,0.0008128107671951516,0.566544615406012,0.550249169190359,0.8170366039719087,0.8547944395230488
no_change,False,190,-6.6573097466024365,0.012629727175815595,0.1230664630093966,0.5800177614976036,0.6373980940799782,0.6490456718278231,0.7669739655636872
no_change,False,191,-6.7492468507629155,0.012350934913758568,0.06773300962096504,0.6644734968776365,0.5219897007515559,0.5416153329692304,0.5217814312194035
no_change,False,192,-6.42909496557013,0.0050192270041018415,0.07048787282647515,0.5405252000307756,0.669897894229736,0.7276462715309531,0.8354986510149319
no_change,False,193,-8.88529282235777,-0.011480052415796693,-0.021540791211757972,0.6954971193633325,0.6262864772636065,0.4927712684611859,0.5053755326527538
no_change,False,194,-8.0352221754639,0.003942281771120119,0.015636478062830163,0.7028186382619647,0.6762871051300737,0.4793862846998809,0.5840649086947468
no_change,False,195,-4.329082136811621,-0.0021929095397612845,-0.0077765921075983796,0.6968343717307822,0.4902035587881988,0.4889523343028257,0.46395369173508066
no_change,False,196,-6.540286227446131,0.003807265994557265,-0.12221745564601781,0.6305820041807801,0.6835052727280777,0.5776030761027878,0.5331698171959609
no_change,False,197,-9.00528685253505,-0.017960611153803978,-0.06547776619930872,0.6332610766703509,0.6744832781854605,0.697646099399617,0.7501783132065225
no_change,False,198,-8.722281437410174,-0.01361519890825801,0.04078246300905549,0.6200130906912494,0.6415214761368794,0.5988637348053968,0.5451084016298062
no_change,False,199,-6.705261241554126,-0.019854871255834745,0.0971736598444915,0.6699672373103006,0.630991437679838,0.4944486303049325,0.5757880753523281
no_change,False,200,-7.549979075450665,-0.027539232908386245,-0.020859547292730707,0.6472903208744405,0.7462596849967351,0.5286576040061988,0.6052973991659162
persistent_mean_shift,True,1,19.187826206754153,-0.0009027011585594432,0.6357236822413693,0.6525026862232802,0.5531275889844364,0.5194316156604126,0.5603394700786799
persistent_mean_shift,True,2,4.341775201496262,0.006154627743508502,0.35748103543676996,0.7375428318039912,0.727459302540633,0.4630271698690726,0.43617415213229876
persistent_mean_shift,True,3,17.977271660352812,0.02792991073223626,0.6270514006237882,0.6042575544142039,0.6397906152482206,0.6123997778739234,0.7671665766932244
persistent_mean_shift,True,4,11.008891286921425,-0.027684575379491077,0.4922829902146225,0.6591857729524148,0.7051292322030962,0.7173149932299423,0.7181715856630574
persistent_mean_shift,True,5,16.176124194542354,0.01361277216442556,0.5673506575494411,0.6061506755711688,0.6818427115638996,0.6555140888278436,0.758235078630895
persistent_mean_shift,True,6,17.033359358442112,-0.010286050618297122,0.6058667615092185,0.5751672496575079,0.5710082482270199,0.6453565041019743,0.7015779282973778
persistent_mean_shift,True,7,14.38906411726066,0.016127830001395376,0.468419880186744,0.5372932612860399,0.696911169798318,0.6861710442837821,0.7541540892413393
persistent_mean_shift,True,8,7.903650991112613,0.026633940309737904,0.4612409812938866,0.6248649479493746,0.6261495987123412,0.6084099121304788,0.5779859428148029
persistent_mean_shift,True,9,12.523491604474998,-0.022085050737163093,0.49994980049443605,0.5871274546281551,0.638699282075173,0.7408235514379439,0.6972210911790431
persistent_mean_shift,True,10,26.444218278991457,0.000729003513784441,0.8639938733301552,0.5334506795512878,0.5568762795997599,0.8699139025455028,0.8878800524294507
persistent_mean_shift,True,11,18.20547817846409,0.014746302800695213,0.5346099116482056,0.5744957412821117,0.6484062397981076,0.6320687717100126,0.5392285661152154
persistent_mean_shift,True,12,8.476879425563538,0.013429621218491087,0.45231763815210585,0.6815512097037635,0.6651868196665787,0.5353999739226504,0.5120755485290023
persistent_mean_shift,True,13,9.30493991276012,0.011161271078658377,0.492056978662525,0.6544770674823369,0.6806846835402167,0.6766263281096557,0.6538811531955611
persistent_mean_shift,True,14,14.646905190353095,-0.01424447110588001,0.6115412458265425,0.6828355909593914,0.6263808582475054,0.6280725083727142,0.6183920017158094
persistent_mean_shift,True,15,9.536024042136205,-0.003370517029224092,0.47489805345850933,0.6110907457694225,0.654028887336938,0.7430235285650348,0.6828099454337687
persistent_mean_shift,True,16,19.41601419556241,-0.027595169233329372,0.6181726501282815,0.6329665183045977,0.5771003208306195,0.573644637953209,0.541806356233576
persistent_mean_shift,True,17,10.53173421776728,-0.002169186324630914,0.5115682417998995,0.6183846425890415,0.6236666755922942,0.6969139504773894,0.6743281514428096
persistent_mean_shift,True,18,18.674107956187413,0.0035260226930828556,0.7012937118474157,0.6745195120385908,0.5857821697152742,0.595861388066609,0.5549220264523012
persistent_mean_shift,True,19,14.04005344477423,-0.01692966936266139,0.4583604149339557,0.5993819140352523,0.6971964524167671,0.5962254523964625,0.5833061650454935
persistent_mean_shift,True,20,12.417560755139334,-0.001928597694873776,0.47674703339161884,0.6672972599552183,0.6223117014161094,0.4564304195509215,0.42828285361863533
persistent_mean_shift,True,21,17.63632486478491,0.002221025622333477,0.61557999118032,0.6534106926400151,0.5470940727161174,0.5362346887059943,0.4820400400974785
persistent_mean_shift,True,22,8.578760772095848,0.004429217415573409,0.3915146406835577,0.5868983012756827,0.6385020321990016,0.5187452735318775,0.5876782192004864
persistent_mean_shift,True,23,14.22797150706424,-0.00037030992105402936,0.5614393953886644,0.607443790679689,0.6551828464908716,0.6873822423444876,0.7693777434363892
persistent_mean_shift,True,24,21.07120327449502,-0.00914916072035671,0.6311555856667875,0.5862493140741721,0.6959808153762186,0.6833697652627241,0.7833264105411715
persistent_mean_shift,True,25,8.242788363949103,-0.028045165181269465,0.4202089058998876,0.6902074899581763,0.6521608910853753,0.5598618539468145,0.5378569762146179
persistent_mean_shift,True,26,20.667418062453976,0.028950306167658608,0.7004452876967385,0.6829167818153111,0.5554131738716316,0.4887102060382895,0.4578743756607368
persistent_mean_shift,True,27,13.067237968122527,-0.016711449462363675,0.46705822300061944,0.678367760268721,0.6764993084756407,0.5460419829221625,0.46202549952224387
persistent_mean_shift,True,28,18.888667645333044,0.004895852446815954,0.5875610789909613,0.5875240164844328,0.6335534449302032,0.5873366481846856,0.616274453319149
persistent_mean_shift,True,29,4.967251285484053,0.0025552153998173273,0.36693715451952974,0.7269341897022898,0.6627037872387325,0.41417254834773226,0.4341652878128848
persistent_mean_shift,True,30,9.618668876236256,-0.02451107692632951,0.42699660434974507,0.6382960491840931,0.7038586867232212,0.6364512780075267,0.6593311523158252
persistent_mean_shift,True,31,14.384544885908326,-0.010195729667975143,0.5370138046389139,0.5743152174455718,0.5774233369711126,0.6165681797980381,0.6441063353980295
persistent_mean_shift,True,32,7.1019397842669605,0.01705157722621463,0.4051746543093469,0.6684918952400458,0.7044375379154519,0.5457053839218748,0.5262020787877827
persistent_mean_shift,True,33,13.023728166194815,0.008588044209628115,0.378304140235403,0.6453678096931657,0.6761096212491684,0.5110416810630514,0.3637792151587984
persistent_mean_shift,True,34,14.04175603170745,0.019587154259932134,0.6126068924497902,0.6396136612427469,0.6459779710043907,0.6816294224797567,0.7262560509500071
persistent_mean_shift,True,35,9.954674446946228,-0.02476482479530502,0.46997841924509615,0.6603580220817463,0.6340717661922862,0.6831081284466997,0.5835626705260463
persistent_mean_shift,True,36,9.200613289618673,-0.03243822008306693,0.3922106049388842,0.6575658366848888,0.6904758944078939,0.6307900868662278,0.5333415985533961
persistent_mean_shift,True,37,12.589099229270118,0.010015173272344097,0.5258469982059273,0.6525080639830924,0.6671774107470556,0.5674652708048062,0.5989286470915827
persistent_mean_shift,True,38,24.023967585884293,-0.007479008190208422,0.6531344248528518,0.5871934183420432,0.6447436007938689,0.5847087541981131,0.5639351411820369
persistent_mean_shift,True,39,16.874569702729787,0.023649716104334025,0.5897536856018064,0.6315713942474342,0.6450629847448215,0.5346726949332223,0.6009922290800394
persistent_mean_shift,True,40,14.04523188605026,-0.011347241753487726,0.5583781014009023,0.6772478752934065,0.5884447647496522,0.5605353007906403,0.7027103923882737
persistent_mean_shift,True,41,11.272088849314628,0.035392753297232855,0.38539275981257626,0.4883364855233523,0.687607281159545,0.7581721157839062,0.722119713720858
persistent_mean_shift,True,42,20.729226447985866,0.02636415157341042,0.6989232961936952,0.6406114210683787,0.5468646527895107,0.5644880529066887,0.5025140859273839
persistent_mean_shift,True,43,15.612410315990246,0.01866451391136155,0.6483938712905196,0.6033659487497197,0.6054756309670929,0.7285937132804985,0.75888686500516
persistent_mean_shift,True,44,29.036456635684658,0.0024586819678793,0.7881011379480278,0.5553316176838,0.6289209850727459,0.6582804709074553,0.7048366060036705
persistent_mean_shift,True,45,12.750161831365403,0.03795530894844737,0.5595481066934028,0.6560177080814422,0.650388902406739,0.5785914818151398,0.5570221737669588
persistent_mean_shift,True,46,9.52005558034034,0.024704931314307066,0.4315357216629071,0.6841244503908861,0.7014100272197007,0.4568178772073248,0.4207926194068295
persistent_mean_shift,True,47,22.821097026197776,0.012296262108132871,0.6052235954739486,0.5651943184333813,0.6629434101383084,0.6859453111022555,0.5714263405581171
persistent_mean_shift,True,48,27.593006912749274,-0.03288690281202313,0.5199539925752481,0.6003577782346039,0.668457969041211,0.6169853923517634,0.39982699255456877
persistent_mean_shift,True,49,18.186268077184195,-0.006684439916536249,0.5645035268414978,0.672594228118062,0.6192990333503142,0.5158023624561546,0.40562000715141006
persistent_mean_shift,True,50,19.55716518031784,0.029786674340655427,0.7309569456890386,0.595256055534741,0.5929976500198689,0.7392774466822282,0.7149663295065983
persistent_mean_shift,True,51,17.17313006816562,0.03572412193044153,0.6373131399999681,0.6275488763243237,0.6188757678711729,0.6488674317014,0.5742741048318772
persistent_mean_shift,True,52,19.770133843770623,0.048989628203744216,0.6623824168421854,0.602063051172495,0.6844522548103077,0.7197778866626572,0.6622909301849867
persistent_mean_shift,True,53,16.845976347624287,-0.016054702006881354,0.4926734785432645,0.6526375730646109,0.634263502905897,0.5316906614588395,0.42476696691453686
persistent_mean_shift,True,54,12.511143470006004,0.012312596336369892,0.5187834930810576,0.7066392657969327,0.6535770936086501,0.5131188229716546,0.440384014036579
persistent_mean_shift,True,55,20.01828271813997,0.007925206008769359,0.6698726221368972,0.5540596064657966,0.6511673337037226,0.8380187792553905,0.8472235773102061
persistent_mean_shift,True,56,12.612795204863005,0.009236159614366544,0.5848905945304437,0.7062967200184374,0.6376203769856233,0.5328427405325197,0.5480388729518435
persistent_mean_shift,True,57,13.13657337531913,-0.012667404211239637,0.4552074157711924,0.6372673777208755,0.6545158539733191,0.5108912307571211,0.47361247080917696
persistent_mean_shift,True,58,23.592913414784675,-0.02972620379938194,0.7618324904514812,0.6386460868137463,0.549879077174653,0.6282370449145492,0.6903474581034627
persistent_mean_shift,True,59,14.671422260291706,0.03363212043236059,0.5743261921878274,0.6405061743808363,0.6683728934944381,0.5723201221548442,0.6106618695148314
persistent_mean_shift,True,60,9.623904218747043,0.029799304502644546,0.44579641778092305,0.655701456580863,0.6747128808437558,0.4759401910797805,0.5052039406256248
persistent_mean_shift,True,61,15.962926945940467,-0.01698525697872272,0.5670793464993235,0.6349705477535191,0.6191729976084748,0.579781470501265,0.5670512918592441
persistent_mean_shift,True,62,20.647374611332225,0.0028940776956805658,0.6087525889654253,0.5664410395082181,0.5882173653552375,0.6250226492027293,0.5561849954174758
persistent_mean_shift,True,63,14.420137688758928,0.02205098990660738,0.567090106542469,0.6771916655337473,0.6950578597383472,0.5628169653996622,0.713832047229682
persistent_mean_shift,True,64,17.99146065713569,0.030938867344941022,0.6864205866322166,0.6738246186341131,0.6786413986498043,0.6078344354661103,0.7013880579537702
persistent_mean_shift,True,65,12.788887298653208,-0.03721985046040301,0.4737889517827409,0.7101722731391278,0.6483135104358881,0.47832710971690384,0.5038437332190399
persistent_mean_shift,True,66,16.104561301578656,-0.015185182379516549,0.5859441144430905,0.643306396185042,0.6313569770463777,0.5961467795547243,0.7259840144228186
persistent_mean_shift,True,67,18.22660597327956,-0.012639021103536765,0.4630437612463128,0.5035241489695239,0.6985065304168527,0.6743943066913863,0.7672144241502148
persistent_mean_shift,True,68,20.708969652355336,0.01046714301385537,0.7578161318622049,0.6917406054754734,0.5992007906695076,0.5385942148608116,0.5458888461104604
persistent_mean_shift,True,69,11.571005676974096,-0.003114468717590122,0.43598436657441075,0.5999878429164861,0.6427770110117416,0.5540180832981241,0.7292306882715439
persistent_mean_shift,True,70,20.20855121855584,0.003867777815806826,0.6544071708224204,0.6373721271032795,0.6618148107083379,0.6247610702512175,0.573904323117506
persistent_mean_shift,True,71,17.08898867756841,-0.025534938229587918,0.5983928574257543,0.6586452793290122,0.5830703391983941,0.6442109387669572,0.5350824344705887
persistent_mean_shift,True,72,13.254332576968523,-0.007335376591855881,0.49930966853314623,0.6297275243939428,0.6891770876375505,0.6028513076865352,0.6463955338477783
persistent_mean_shift,True,73,16.70792824995374,0.018408857268172915,0.5648938928013105,0.6157247251831514,0.6753521237146617,0.5966612312185378,0.6966221606169151
persistent_mean_shift,True,74,18.683768503175997,0.00833596862002592,0.5651973009777842,0.5761834618334151,0.6548501694186954,0.6993930007163717,0.5932967018939286
persistent_mean_shift,True,75,9.395470224346354,-0.0269526766985906,0.4166837031292799,0.6017301625276612,0.655370980525891,0.6671905545081297,0.6370565562722916
persistent_mean_shift,True,76,10.23534052987111,-0.007317865240337654,0.44813225716666855,0.6671944051560836,0.6942185870734295,0.5286675229166035,0.5965790700733634
persistent_mean_shift,True,77,19.277557534258563,-0.011114691464297256,0.6493960448151274,0.6798361444938817,0.6235949676700714,0.5312655958029264,0.6224815575168425
persistent_mean_shift,True,78,25.398873650099972,-0.002118214185610959,0.7728141682794712,0.5942234740839112,0.6042831719047739,0.6587141218022675,0.8159895834352594
persistent_mean_shift,True,79,26.447603088965934,-0.01915567993811474,0.8542733186373991,0.6118757874193362,0.5492352979107549,0.7243021823712532,0.6716867039180944
persistent_mean_shift,True,80,17.178804190807682,-0.004788743540006277,0.7137036518075642,0.6689634070140005,0.6122747875478464,0.7156301684853295,0.6815261002698433
persistent_mean_shift,True,81,15.925493819326562,-0.019874400945207565,0.5246197141153394,0.6103115451423442,0.6165355121857161,0.5416904117658782,0.597398703214811
persistent_mean_shift,True,82,19.282160413624865,0.011039218086698152,0.6485865165650972,0.6388859027290911,0.6045427387551917,0.5302769734688035,0.6192439087316056
persistent_mean_shift,True,83,9.079025068149008,-0.03158658420486119,0.3774772501708741,0.6174395913035501,0.7089903373336408,0.604545578530214,0.6074480231514666
persistent_mean_shift,True,84,7.849782432210873,-0.02738516373509133,0.3769541980704128,0.7095779625205518,0.7013621455191414,0.5213554722068088,0.4343872543178826
persistent_mean_shift,True,85,6.051410538008895,-0.014751513056569673,0.3879887877809421,0.7104569494756175,0.6038013645068682,0.5148043776522502,0.4738734787673085
persistent_mean_shift,True,86,14.196736502534918,0.030207302825428602,0.6427239192622901,0.6770644805171993,0.643205399469477,0.6255175349841899,0.6598798311097236
persistent_mean_shift,True,87,22.87712719705428,0.0008857393081257723,0.7011565139443419,0.6224560327813078,0.6094784525066598,0.6033654360099316,0.5591326060106099
persistent_mean_shift,True,88,13.941909283012365,0.0058144656739900075,0.6430949957976635,0.7248135184565205,0.6168997483203191,0.6207118304086185,0.5343685162384282
persistent_mean_shift,True,89,10.63066143239314,-0.00533709580512035,0.4863665797850559,0.6879687281360346,0.5621375197754405,0.5601240549119895,0.48044837806176494
persistent_mean_shift,True,90,9.419094758247411,0.01629432156223394,0.44510149957196715,0.6890530684706956,0.6650822781481815,0.42810423100868983,0.4565477520747659
persistent_mean_shift,True,91,15.429820175575173,0.011348779387093092,0.5469875486808065,0.6575778094568401,0.673155677391715,0.569964971055748,0.5149672661593921
persistent_mean_shift,True,92,17.385242376393307,0.015080881967426962,0.6228412661717195,0.6588790536401182,0.5797853382779913,0.49124356521286344,0.5112848863204685
persistent_mean_shift,True,93,11.39707896516893,0.007803841883085896,0.5270985218853593,0.6816855169761867,0.6562086445548462,0.5641687017529408,0.5408501517216537
persistent_mean_shift,True,94,15.928281486082824,0.002622006761914125,0.5391171231724384,0.6234418524774544,0.6306660065134633,0.5988677618735758,0.5261323609232821
persistent_mean_shift,True,95,4.023458893693146,0.0052424970691133,0.34857492955650027,0.7368202694667911,0.6855819563801772,0.44686689966685206,0.3969130669370129
persistent_mean_shift,True,96,14.292758350311829,-0.006227050878030326,0.49539207045986017,0.7069827621600099,0.624937419016052,0.4084163101843083,0.38211836772394453
persistent_mean_shift,True,97,16.10632443999168,-0.0033199179409899,0.5957388807306082,0.6395541419574745,0.6112130710850238,0.5897020251480237,0.6470818476163085
persistent_mean_shift,True,98,17.35061620502995,0.013938661592664431,0.5978788346929118,0.6435437764737232,0.6405129505730257,0.5809234274449675,0.5026968469084436
persistent_mean_shift,True,99,7.014771302358213,0.009958869609383915,0.4094192956473244,0.6737514848840478,0.729530925307867,0.5967132468625785,0.5785199569180837
persistent_mean_shift,True,100,11.83957513805592,-0.0010802419003952733,0.44713307853626033,0.693532974552771,0.6383581829858994,0.4778632470702964,0.3871841771714073
persistent_mean_shift,True,101,13.764630049060997,0.017756807599459627,0.5416365583353269,0.6139003112081444,0.7199717381627725,0.7419498205966932,0.8643295689596282
persistent_mean_shift,True,102,16.10569563699687,0.013535391580777628,0.5833651882816644,0.5777429986852877,0.5987739034178364,0.6861061222582736,0.6418351055728397
persistent_mean_shift,True,103,11.438947843831443,0.014429890348325381,0.49880606215552525,0.7053075187599572,0.5773999323235451,0.45362441802162573,0.40058869300815486
persistent_mean_shift,True,104,12.841398865962105,-0.0037426027193527243,0.5333799570030272,0.7000880344148696,0.583952297650506,0.5100448744604702,0.47883491819261464
persistent_mean_shift,True,105,16.172939048056605,-0.01130846764196379,0.537715953746959,0.6463952899985551,0.6754760274423146,0.5406399634682815,0.5382824650494773
persistent_mean_shift,True,106,6.6431370126696265,-0.00779290998647991,0.4193357276287358,0.6251395065174806,0.6861369272149883,0.7298936281501455,0.7565476272977459
persistent_mean_shift,True,107,15.732473618809536,-0.008732751448206318,0.5551480190427006,0.6309391894468976,0.5973925922536149,0.5969962298486713,0.5309072612705149
persistent_mean_shift,True,108,13.127896792516935,0.003822663033773078,0.5970471022595009,0.6781813300504449,0.6268790817499255,0.6214810672880544,0.6631199419845746
persistent_mean_shift,True,109,13.031701460368026,0.0009398055336086538,0.5205919201676305,0.6802421782750977,0.6627062187874537,0.5065716403564335,0.5077939829864214
persistent_mean_shift,True,110,21.444129952556295,-0.013754677954769643,0.6812947331142862,0.6033781917776743,0.6138026060616083,0.6414756340664559,0.6538602103092492
persistent_mean_shift,True,111,36.66986507709669,-0.018338114702404873,1.0072851014514734,0.5362604186682813,0.5363410461820762,0.7438061591196065,0.8105064117449226
persistent_mean_shift,True,112,20.179815263702835,0.0021209477588857357,0.640616664327349,0.6203085740333705,0.6038497348748695,0.5776776044148296,0.5571678133716627
persistent_mean_shift,True,113,25.71452744252224,-0.013795644493337643,0.7453434010510794,0.5401340527936949,0.6765104184225862,0.8369059992171354,0.9539019144901298
persistent_mean_shift,True,114,11.24042663694172,0.025534815603652627,0.5003110269213424,0.6140447685167628,0.6240687700906564,0.5517958529965005,0.6000760111462998
persistent_mean_shift,True,115,17.39272425002082,-0.009826475666301371,0.6174909754286239,0.7274394166175178,0.5978939251834212,0.43919818047908904,0.4597097799674999
persistent_mean_shift,True,116,12.877627536993714,0.011754716687567822,0.541957954003035,0.6887952766309197,0.6255152447679315,0.5014280993278291,0.5054639526545559
persistent_mean_shift,True,117,19.01737720736469,-0.014913178551395569,0.6711950417176874,0.6053354125533187,0.5286597239893169,0.6638325907330488,0.6891746698885137
persistent_mean_shift,True,118,12.90315355252767,-0.010596949488161842,0.4547043536257735,0.6801582805642793,0.6418400296851385,0.4637779419116693,0.6390266265844023
persistent_mean_shift,True,119,9.336071358151912,-0.004410183318584954,0.47011674084490185,0.7207634765297914,0.6168532390088464,0.4985626411293499,0.5930706774997248
persistent_mean_shift,True,120,7.792376309706356,0.001860682831078654,0.4479800196450782,0.6929556795916718,0.6811041552987476,0.544899577203587,0.5369083753269799
persistent_mean_shift,True,121,16.56757060093173,-0.026469902695489378,0.5935593624362009,0.7186570253812736,0.5641807997943842,0.5085920016706766,0.5042023150868428
persistent_mean_shift,True,122,18.275606966874648,-0.020438446177534396,0.5885317726137843,0.6295593870557803,0.64956444312015,0.7330695282585664,0.6020567020628429
persistent_mean_shift,True,123,17.256678066434233,-0.020467314298094022,0.6111498688965151,0.6723370039742033,0.621452423808586,0.5253971694289139,0.5808551686027393
persistent_mean_shift,True,124,15.978008799850386,-0.009460375749237424,0.45866830128570496,0.6009248777975325,0.6963412924253416,0.5264229847935032,0.5190510594155792
persistent_mean_shift,True,125,5.236532585158102,0.011667604250054859,0.44877702920423,0.6645214725482427,0.6979459385350795,0.7436797504293992,0.8017563601890042
persistent_mean_shift,True,126,10.709066828939285,-0.03075147168311749,0.48481426099173897,0.650824054645989,0.6812847250295924,0.6809110298211752,0.673641884805237
persistent_mean_shift,True,127,11.901260347124207,0.013019509440147892,0.468055728288113,0.6657466055135205,0.6711043734505433,0.45995731620262226,0.4565563496030076
persistent_mean_shift,True,128,23.471662369842193,-0.010130463467006787,0.6316248832561819,0.5688100447590215,0.6242702309683269,0.6658518512877662,0.5615104633217367
persistent_mean_shift,True,129,24.49694538911831,-0.003890983466777839,0.7534354038536996,0.5942042833129555,0.6213205368413642,0.6610258413182373,0.7384379744134281
persistent_mean_shift,True,130,11.642902236990494,-0.001458086191679354,0.5811742753286854,0.6836962581880119,0.6460648981814627,0.660077111179391,0.7409297495760757
persistent_mean_shift,True,131,25.009396963544077,0.006764202904312675,0.7070640971437961,0.5855249319875123,0.6406768396989155,0.6403252246097607,0.6110982766208313
persistent_mean_shift,True,132,14.350809683855232,0.01699436667581342,0.583242239906902,0.6484563576652316,0.6470965862328452,0.602741516610888,0.620711380952898
persistent_mean_shift,True,133,18.325444205005283,-0.014138378302923056,0.580142838054235,0.7205062394470229,0.5808638865572402,0.40016758472869113,0.4446977206213902
persistent_mean_shift,True,134,12.765632888985579,-0.04468207054359922,0.4700220099850563,0.5900950338497373,0.6047503626292745,0.6364155297662475,0.6324777647063808
persistent_mean_shift,True,135,17.53810344401802,-0.00551052691910111,0.45395758883763115,0.5055750173918717,0.6869314519780236,0.6764249407524059,0.663610869850186
persistent_mean_shift,True,136,3.928443019077804,-0.03856027173236922,0.2942506886545629,0.6324241675110736,0.6973550265625378,0.6280548127744344,0.5718070925682296
persistent_mean_shift,True,137,11.881259061200353,-0.004232260143237568,0.469019208418597,0.6718908147472937,0.6661910866153498,0.5045500273264522,0.4844912747329905
persistent_mean_shift,True,138,19.96036351635769,-0.017308567920121466,0.6297397815886712,0.6240081699950089,0.6111673159528278,0.579065599179537,0.5948494427903683
persistent_mean_shift,True,139,13.910459976231436,-0.046269086380322844,0.5725419768024385,0.6272493926171854,0.6400807518924402,0.7945403554985909,0.8372788482209695
persistent_mean_shift,True,140,28.430568220634086,0.004931826787531566,0.7640148454542246,0.559482422245105,0.640331110208394,0.6923563909251803,0.6566734997340521
persistent_mean_shift,True,141,17.956665075174328,-0.014861929207627939,0.7514204213661454,0.6523504739061609,0.5902834436398894,0.7840383603892424,0.7894101618613568
persistent_mean_shift,True,142,10.57178149501442,-0.00011329172192563833,0.45144084116728783,0.641722677055441,0.6666272863581172,0.576962869021356,0.5273309679161341
persistent_mean_shift,True,143,10.852493598113256,0.013587477979041477,0.43559220031626356,0.626343761684846,0.6994049455430033,0.5645590486816857,0.5404459403347361
persistent_mean_shift,True,144,12.030260433984608,0.004214986630883801,0.4993133892697053,0.6238334764516822,0.6609307623529853,0.6204438193218994,0.6123626130088186
persistent_mean_shift,True,145,21.522268649783655,-0.05691895998968425,0.6317125610805342,0.6038011345045055,0.5974588811915943,0.620916189258664,0.6921616123329909
persistent_mean_shift,True,146,8.593082806859002,-0.012380020792170614,0.4080808626473464,0.657086256440186,0.7142827007364536,0.57213649625364,0.6144661749475103
persistent_mean_shift,True,147,9.169539395102447,-0.011569973343081508,0.4522436562660403,0.657670792702742,0.6525995443764697,0.593165445207077,0.5774436276264702
persistent_mean_shift,True,148,20.121408356193,-0.020587965517714565,0.6513100103901238,0.631554869330041,0.5746358038330472,0.5794613257040637,0.5871570472078484
persistent_mean_shift,True,149,5.9289753698811865,0.03689238695062041,0.38446041518294605,0.608741485885333,0.7049117901485531,0.6440232282694232,0.6384837389534744
persistent_mean_shift,True,150,15.006421495414202,-0.011933413016321458,0.498254538235706,0.6670688963601555,0.6239973113555205,0.4614374424213777,0.4344203930561495
persistent_mean_shift,True,151,11.148102631628035,-0.009573711533595163,0.47990700588434615,0.667957677848011,0.6678493548540597,0.5324966530380085,0.5790487549585445
persistent_mean_shift,True,152,11.718640475389748,0.017370470328249683,0.5310907559690458,0.6789764775768825,0.678650026985646,0.5493795419999588,0.6332438101887181
persistent_mean_shift,True,153,20.657023323635485,0.008496202809873215,0.7324891682809046,0.6096503560919747,0.6067120038068087,0.7388344043180354,0.6779669903430786
persistent_mean_shift,True,154,18.84745702566488,-0.012338824866501225,0.4693068017027263,0.586893063064299,0.6734105963969635,0.5991116148607879,0.4719074981914654
persistent_mean_shift,True,155,15.527212246905492,0.00835937280072083,0.5591560952147311,0.6524348135638407,0.6474116441024872,0.5394144449025868,0.5198162950202966
persistent_mean_shift,True,156,10.992940899468977,-0.02098313265977474,0.4862196480514845,0.6107842133377767,0.6686593793133707,0.7753334710699988,0.7240854902408658
persistent_mean_shift,True,157,19.512638658985452,0.026377769964163328,0.6606941907917527,0.6356459827974145,0.6521965494860666,0.5719314328729804,0.595849609483797
persistent_mean_shift,True,158,10.664749630392066,0.02672818646614638,0.4946599417661174,0.644648483829033,0.5815228895251617,0.5101505834221127,0.47465536901602423
persistent_mean_shift,True,159,10.548369342486126,0.0006218558816515193,0.45345515327607905,0.695497845659362,0.6324564093111086,0.502671101516576,0.4113981981179505
persistent_mean_shift,True,160,14.794029625452367,-0.015675655846478273,0.596441581419988,0.6313433795427725,0.6473884414967664,0.7357035493733921,0.7586108386263951
persistent_mean_shift,True,161,19.501929108290142,0.042807093877227885,0.8281925849059852,0.5939689999844149,0.6239193174484864,0.9272128941047415,1.0374789225535392
persistent_mean_shift,True,162,12.889758301878942,0.0008338148492198466,0.42236384880718203,0.587604639851648,0.7059516256071879,0.6235528910812733,0.576195745340357
persistent_mean_shift,True,163,17.125504956669374,-0.014723300950197572,0.5124774953651532,0.5905995742082064,0.6563433491912746,0.645184946094789,0.5660030850581355
persistent_mean_shift,True,164,18.019923671472498,0.03021394228775125,0.6225120621179925,0.6309473164325172,0.6645769432998724,0.5975683729847054,0.5483070981364057
persistent_mean_shift,True,165,21.397723571836536,-0.015171906721603281,0.6307538224293875,0.6606780165675094,0.547917699687798,0.49264088787810506,0.44835739363681065
persistent_mean_shift,True,166,11.450969800625899,0.009394695225927214,0.44884242817212383,0.6535621258916434,0.7246912606479069,0.6202661227981009,0.5547838649286865
persistent_mean_shift,True,167,14.815863291582673,-0.019572914565969917,0.509382059927236,0.6904122804746187,0.5940027799634892,0.4808145049582749,0.4224723936565041
persistent_mean_shift,True,168,21.739905345529337,0.02344432796864184,0.6334538151674793,0.5582276527573851,0.6396702608138183,0.6533225304314567,0.6480582192142944
persistent_mean_shift,True,169,17.99632068151152,0.0017929668336662075,0.5977286432725868,0.6607072646315816,0.6278096581572185,0.4866611724843154,0.49934536471852986
persistent_mean_shift,True,170,9.404485883036045,-0.0013321639157469688,0.43161628894145776,0.6447379605007729,0.6721100933342639,0.5740790086011913,0.5282374771797492
persistent_mean_shift,True,171,9.571267582388145,0.017775100160003776,0.45696685507535995,0.6261425898790571,0.6981813674163149,0.6156387979401305,0.6660334125753363
persistent_mean_shift,True,172,11.663385653443015,-0.001526012777280305,0.5248126697354396,0.6196500514233729,0.6338019899473059,0.6571910737811882,0.6753592780410559
persistent_mean_shift,True,173,19.118646925032294,0.02567528686136101,0.6471805190712262,0.6907818109235377,0.540714070145556,0.5312690497725882,0.409699516094524
persistent_mean_shift,True,174,13.695368993658121,-0.023604167006356685,0.5694855343639544,0.6540238534531834,0.6180098554675935,0.6640849475400901,0.7283156201133736
persistent_mean_shift,True,175,12.896566403829752,0.010386253871324273,0.5295000445366503,0.6460217187757344,0.6678892186963484,0.593276364916501,0.768836812269305
persistent_mean_shift,True,176,7.534278456678521,-0.012388955355507391,0.3727720695385236,0.6508028521469085,0.6845433174386789,0.5035222732357582,0.5615532398423059
persistent_mean_shift,True,177,15.191203274448412,-0.016283655235611524,0.4974296482929769,0.6418719579067398,0.6638427728389259,0.5056718342464519,0.5308934305942209
persistent_mean_shift,True,178,17.641568749919998,-0.01124611269163149,0.6229326295436963,0.6231234007104068,0.6080781991509803,0.6294056185923124,0.76226929153706
persistent_mean_shift,True,179,18.188303575816008,-0.012255277743092046,0.6895357350233488,0.6414951857064418,0.6583578193299444,0.71829520844257,0.8029064755159844
persistent_mean_shift,True,180,10.714512911987185,0.02521031695274503,0.5398401178237554,0.6802585324468583,0.5804895259309207,0.5111375573012642,0.5575585146760111
persistent_mean_shift,True,181,16.01130467907933,-0.006879392730502516,0.5261778268879582,0.5449744933103887,0.647725749882874,0.7228758618862646,0.7291018382558044
persistent_mean_shift,True,182,16.128124947315996,-0.014856392390781462,0.5540029134178087,0.6440328170027179,0.697250254416026,0.6228047596464443,0.5879982580415837
persistent_mean_shift,True,183,19.040523860153826,-0.02760065918148107,0.5593765399131709,0.5733473040108148,0.6382173200037968,0.6201196938292568,0.6262406184177017
persistent_mean_shift,True,184,15.048237894049862,-0.0010365182396537644,0.5933091771522163,0.6873795296076785,0.5835033953192875,0.5147896764351928,0.5216634749741001
persistent_mean_shift,True,185,19.17462166760356,-0.006723489549884828,0.5994035184066725,0.551076500550257,0.601098095117334,0.796027891856594,0.6647767675334776
persistent_mean_shift,True,186,9.959346540849992,0.007891787374426862,0.45705181870877903,0.6299537520469085,0.6566634422397916,0.5524901998591213,0.608454567259016
persistent_mean_shift,True,187,19.984968485875015,-0.015991942203707938,0.5753993858064883,0.5785966917338048,0.6086703808837287,0.5775031786232107,0.5342055617943937
persistent_mean_shift,True,188,16.7227689610545,0.02292035272377334,0.6810053829235306,0.6665975765971124,0.6447904489000915,0.641979972262303,0.7886294255600519
persistent_mean_shift,True,189,18.00209596167656,0.01490992635225419,0.6479185802340679,0.6462496347179664,0.5974085338851177,0.5968397996357538,0.5487636181600708
persistent_mean_shift,True,190,17.794992163309644,-0.008149799773797853,0.5801257270210511,0.621922460492518,0.6545660596948123,0.5848592610109211,0.5793112566325495
persistent_mean_shift,True,191,14.200244496184382,0.005072733007540466,0.5341777677858952,0.6671281276903415,0.6464745553737021,0.48776293028308704,0.47728266062485347
persistent_mean_shift,True,192,20.596455903885726,0.008460930523637519,0.6306273075121296,0.6072278848347968,0.623286345487,0.5747920281811957,0.5310382399135722
persistent_mean_shift,True,193,29.884864568663943,0.015663482453130772,0.8214315571715867,0.5135819245229347,0.5961197558777726,0.8126052789577086,0.753708247179736
persistent_mean_shift,True,194,20.5028556138451,-0.029022677316760285,0.6455054910105494,0.5715403671632266,0.5660167508372513,0.7147835416799672,0.6459144066306111
persistent_mean_shift,True,195,24.94317318946605,-0.024362973577276847,0.7088538768497338,0.5984741611939635,0.5661031730076128,0.5925813640438812,0.5592640941885084
persistent_mean_shift,True,196,19.652662808665355,0.01329186878295143,0.6637185020211088,0.6898848536156351,0.4782122260880771,0.5068935590932331,0.4632247195517874
persistent_mean_shift,True,197,21.417741087210857,-0.00391038442621137,0.6215075462663985,0.6010371710918693,0.6157448687764902,0.5240994666108687,0.563908842948709
persistent_mean_shift,True,198,13.447523286983369,-0.0459302350663462,0.49257616254840175,0.5858637099828731,0.6446471940148029,0.7159175936804513,0.6925150664591353
persistent_mean_shift,True,199,17.99336784106481,-0.007084260316174828,0.5605042233670293,0.5880248779146213,0.6719992688708281,0.6974336505211193,0.6502285414602533
persistent_mean_shift,True,200,10.356451535647466,-0.0009149237163523035,0.48536826677214684,0.647443585005839,0.6061174296454918,0.5573808080366562,0.601888304322723
ar_coefficient_change,True,1,65.3867914713336,0.0040576064475099476,0.24877277869107584,0.6641087390835679,-0.24137553445179494,0.6025697881828106,0.6099779588179929
ar_coefficient_change,True,2,88.62957368375999,0.04454325181701996,0.21298989750244943,0.6698748936627508,-0.36517795759170296,0.5760719648000482,0.6388838220381706
ar_coefficient_change,True,3,51.82869694932265,0.003870749858722353,0.040138821530526475,0.592908246630373,-0.24610306411351754,0.5873947023028006,0.6343574522693376
ar_coefficient_change,True,4,65.35055058227567,-0.018745659080629726,-0.27717001467132324,0.6752629660717809,-0.22057527857060721,0.5102034025858267,0.5722402493169274
ar_coefficient_change,True,5,50.83839847926902,-4.4070529494215336e-05,-0.17910648804704943,0.6257413442409901,-0.1957103665511492,0.5891506994473993,0.6176746892084091
ar_coefficient_change,True,6,43.87285168432368,0.015885558433831163,0.11049076141283505,0.6713178484439329,-0.09850950970162482,0.5564984595653562,0.5201831417478547
ar_coefficient_change,True,7,56.43229479406375,-0.04276314204241215,-0.243193447332426,0.6075724099045076,-0.2593299437754087,0.5849636942624192,0.5743904916636274
ar_coefficient_change,True,8,47.671461951701076,0.0049259381581312715,-0.039684234502071605,0.6304556401737237,-0.1722658823582753,0.567228146814786,0.5799425760285001
ar_coefficient_change,True,9,88.55601043454772,0.002328581667553755,0.031935395753787975,0.7378493025907154,-0.279884240218395,0.5821177678463354,0.6289588003008537
ar_coefficient_change,True,10,60.11651814074446,0.009559473130166498,0.06624701352417281,0.5978128086184571,-0.28766823480206427,0.6790407347506939,0.806798019457227
ar_coefficient_change,True,11,57.352043571864215,-0.0006527700955683065,-0.2145567870789823,0.6713570758629624,-0.16581953410812994,0.5204273467214199,0.6327236148368401
ar_coefficient_change,True,12,79.8744934210099,-0.013968348148225356,-0.09213763395220666,0.6596786461808394,-0.3379946967187433,0.5333709778857968,0.533391627873797
ar_coefficient_change,True,13,53.03320482797403,0.002633454589659471,-0.16357003743540158,0.6609771182427663,-0.17064746817266133,0.6560385399039139,0.519235783767723
ar_coefficient_change,True,14,55.711117742550414,-0.008776332207537907,-0.19826620515860252,0.6654168778522226,-0.1823999627931107,0.5746943854068048,0.5906648929251413
ar_coefficient_change,True,15,57.80764752441712,-0.014376129771643825,-0.07875797809225496,0.696870098836458,-0.16115951437936238,0.44011290049895174,0.4323778093290196
ar_coefficient_change,True,16,55.75125106205701,-0.009197931075769798,-0.16487414540087308,0.7200455696421714,-0.11482417719449702,0.5285529382743982,0.5336535557059012
ar_coefficient_change,True,17,63.39585979396065,0.033649186222086076,0.4871382574258826,0.5839085682999587,-0.30639767642085264,0.6959433225326586,0.6697003235969153
ar_coefficient_change,True,18,36.93153945868846,-9.316267697646821e-05,-0.14372093295034855,0.6063437776558559,-0.11637987491190487,0.6875594794460811,0.7200873915654302
ar_coefficient_change,True,19,60.36227732840052,-0.022858603788403053,0.07700208827534401,0.6564643625547966,-0.22860858251120766,0.6726534686067336,0.6343586070116124
ar_coefficient_change,True,20,66.22681639122516,-0.0009757527347758361,0.1536077721843822,0.6781252903913574,-0.22784615889007245,0.49525316320064344,0.5270044121990312
ar_coefficient_change,True,21,67.5565230428167,-0.007793344443753944,-0.017311141000336365,0.6420413989351894,-0.28700330043018024,0.6327990154267331,0.6826118643869753
ar_coefficient_change,True,22,63.71279117432573,-0.007639813154088376,-0.1747884297871031,0.6499413401072016,-0.254034794338897,0.5208854991091757,0.4828195175976252
ar_coefficient_change,True,23,47.856878764195926,-0.03051689577226721,0.11196237599146541,0.6274740021764591,-0.1681039341347288,0.6050751992254971,0.6339149665164305
ar_coefficient_change,True,24,60.74500407052267,0.015234542441052601,0.07358703416281695,0.6892694359159026,-0.1872225950233437,0.5343428085952908,0.5762684809218256
ar_coefficient_change,True,25,52.316719466658924,0.004917753516243078,-0.1372712228333329,0.6071885341494907,-0.22472249687670917,0.6527218590626879,0.7181165885125165
ar_coefficient_change,True,26,53.01589009420695,0.04359312609089672,0.10804232302588,0.6058318465751101,-0.23621230391321363,0.590863286913433,0.6561409517388457
ar_coefficient_change,True,27,43.32856203194024,0.0019103551353662493,0.07383645832108403,0.6183811512254969,-0.15975937598056508,0.6208261074763461,0.542109090928883
ar_coefficient_change,True,28,43.90318384869113,-0.0018572583687723363,-0.1964419077313766,0.5911832895176377,-0.19173508412081175,0.788054019538653,0.7681521371272447
ar_coefficient_change,True,29,55.832265216062524,0.015377710359235625,0.10182904423514409,0.6342833147888238,-0.2175799641890119,0.5475488155779881,0.6344111152949513
ar_coefficient_change,True,30,62.847216367611736,-0.011294945853953636,0.12707894345655552,0.6323520524638987,-0.27002918589696384,0.6607641977444138,0.6363172469956474
ar_coefficient_change,True,31,66.57611125299763,-0.009327128798641003,-0.0603272655088145,0.6631396233668182,-0.2648787410512855,0.5710247157429945,0.48717595681775067
ar_coefficient_change,True,32,58.15166913133521,0.017820127177871316,0.018480045638150224,0.6491390020839743,-0.21848183913692565,0.6020628233969237,0.6621601633214721
ar_coefficient_change,True,33,54.64201093180873,-0.04126792082649791,-0.29839657353874266,0.6087777844575968,-0.2485382790053388,0.8146959223043667,0.7682797374126313
ar_coefficient_change,True,34,65.16539813421014,-0.02652624123999993,0.03238362289664569,0.6995322389059782,-0.20369114383830877,0.5222149758327687,0.5118037633980542
ar_coefficient_change,True,35,63.292632384604076,0.004473418675853516,0.26050613658853433,0.6764651023388943,-0.211091547645456,0.49295024355474865,0.488974677647686
ar_coefficient_change,True,36,63.00694779374021,0.011951444481909898,0.06305992165389811,0.7204289138612795,-0.1690437107010937,0.6939875855523213,0.6437460244948479
ar_coefficient_change,True,37,74.78539079477548,-0.0005626643320708283,0.10930552679294392,0.6497350948119998,-0.31766679079315047,0.6138041023884794,0.5965642344993617
ar_coefficient_change,True,38,32.53368884331974,-0.013330607405390939,-0.24596461433470643,0.5586225347930341,-0.1272401208361373,0.6089041309187386,0.5976167839279651
ar_coefficient_change,True,39,62.426460465635046,-0.01881811186459708,0.05171847345875151,0.629532182350652,-0.26371669145650195,0.6362623591457752,0.7284631481195636
ar_coefficient_change,True,40,61.06348927108684,0.009430979143023972,-0.019850338394487698,0.6517365628562493,-0.24312954778173537,0.5659052212931832,0.5565433026895078
ar_coefficient_change,True,41,70.61805452286637,-0.0027130044669933465,-0.009410553157491723,0.6892520571290068,-0.25615327104506586,0.443815480998534,0.3925609574778706
ar_coefficient_change,True,42,47.967667079061016,0.006732305413063323,-0.20166268909151186,0.5927791685896983,-0.19698471211943422,0.6114566513519419,0.7418943354404653
ar_coefficient_change,True,43,40.75180474868057,0.018596115329922898,-0.07279666350266592,0.5973730288202912,-0.16402873341310184,0.7250254860177217,0.6845619025915826
ar_coefficient_change,True,44,78.29980994330117,0.021885797000428232,0.06941918871758913,0.7143727803818182,-0.26544664806230267,0.38440364483519557,0.36149889733692986
ar_coefficient_change,True,45,47.72489300513655,0.004427017555583433,-0.1082454104363693,0.65727521187088,-0.138510266644915,0.4517536586361995,0.4508553660864772
ar_coefficient_change,True,46,61.42370294970249,0.01593970168343249,0.01650961028287676,0.7035209324678089,-0.1703490505186785,0.5614892985006215,0.6124888098035215
ar_coefficient_change,True,47,41.60289027396618,0.011699847846896465,0.0021380443138969917,0.6397162572356966,-0.12239694713617526,0.6603617858326284,0.6207907548001401
ar_coefficient_change,True,48,56.07335265305073,-0.0007201568998810925,-0.0046856822462889485,0.6427193112708363,-0.2189287215038229,0.6905158219341291,0.7159812865586354
ar_coefficient_change,True,49,39.741894602089246,-0.0046913083900190725,-0.24413433881772403,0.5712642430526005,-0.15832364834271215,0.5677729441290363,0.44942145292923813
ar_coefficient_change,True,50,61.54013681775086,-0.01611193887026434,-0.09025498522685159,0.6684282125578817,-0.2233519156155824,0.4382757783699359,0.39910492983977647
ar_coefficient_change,True,51,72.77084656910404,0.013437435574309306,0.18929982290491185,0.6493130950526544,-0.30445744956034143,0.6009342470088747,0.6662279221106158
ar_coefficient_change,True,52,62.20134066318633,0.0008598057742517257,0.0835526625253075,0.6841916059842863,-0.20033175845803433,0.532061139723716,0.516941098293904
ar_coefficient_change,True,53,61.9556456429608,0.02510996688590073,0.2080264503859557,0.637760944948778,-0.261326170758276,0.6848516910299057,0.6640363246896286
ar_coefficient_change,True,54,73.24624380953014,-0.007449961221018675,-0.14474111424762923,0.6671929584529893,-0.2907414602094521,0.6717625907552428,0.6066177117755052
ar_coefficient_change,True,55,38.55959919467864,0.03060986223805289,-0.01124486873417467,0.5425947547413648,-0.20623488220010416,0.7615813243438352,0.8403008108366956
ar_coefficient_change,True,56,25.73407262731405,-0.034200707179517384,-0.020096701647018368,0.5636885532936279,-0.07450426443063339,0.7019016750416537,0.7436649025187467
ar_coefficient_change,True,57,62.019028585421324,0.062404060762908733,0.3677198161611511,0.659510377994867,-0.23487758635795186,0.620118117988643,0.5733966071896921
ar_coefficient_change,True,58,64.8476841218527,-0.004181681445111285,0.05424641198589302,0.6738394048528948,-0.23719661256397664,0.4614636782516841,0.4189228008421131
ar_coefficient_change,True,59,54.87594508882103,-0.023413148336819865,0.061657406702600955,0.6759097827725092,-0.16616950309342357,0.5328240448428374,0.5167252444978361
ar_coefficient_change,True,60,43.32439337214669,-0.01805476390014871,-0.09180794466900875,0.6753822335024293,-0.08939518183171515,0.44380322696468105,0.4343512700885035
ar_coefficient_change,True,61,58.31136489084929,-0.015665474878010996,0.023042917911950966,0.6577983564559806,-0.21944942312220667,0.5581155008731141,0.4902743954353444
ar_coefficient_change,True,62,50.2895379213345,-0.004752640657457108,0.07007689236757875,0.64809056721043,-0.1710231459803567,0.5105029775877472,0.46214196846908634
ar_coefficient_change,True,63,57.09798436614665,0.010906917168539237,-0.24634970698302902,0.6587910638782135,-0.18797538410491477,0.62603651834544,0.6337087695204575
ar_coefficient_change,True,64,48.529016141804505,0.013194161274964077,-0.10538573323602109,0.6400317586434668,-0.16325067653725941,0.4544539215570965,0.47658818339604664
ar_coefficient_change,True,65,48.92732808677283,0.022910595889441485,0.32494737599450096,0.6091554853809258,-0.19129029604118125,0.6001548493689827,0.6188872766003489
ar_coefficient_change,True,66,50.880784008051364,0.0003105108532664195,-0.07541585619107713,0.6383486357826107,-0.18801295103019205,0.5200329988725428,0.45177112550683446
ar_coefficient_change,True,67,37.46422891886584,-0.03391548661487636,0.11078748317463474,0.568528032792086,-0.16352940501843147,0.7822676837329011,0.7965563971320806
ar_coefficient_change,True,68,82.85597590757834,-0.009910364289848239,0.22347722902462022,0.6903004939247044,-0.30820753450943456,0.45527481978190676,0.4098197955630088
ar_coefficient_change,True,69,42.87000668579344,0.0014070690530581342,-0.07818532141480021,0.5459352883521759,-0.2373691444680317,0.7736140277991271,0.8182150133570351
ar_coefficient_change,True,70,42.048068180540895,-0.01980290610574128,-0.08562684513021893,0.5974275251890797,-0.16631184863376558,0.6238395590426064,0.7088618082252686
ar_coefficient_change,True,71,79.52703119156331,-0.012714230850409226,-0.07018857199140205,0.7048209264365893,-0.28553406904858847,0.42890670153894095,0.3991011722232552
ar_coefficient_change,True,72,54.69892576194252,0.04456383073849983,0.13717133253416575,0.6131341747883934,-0.23636102366266332,0.568786852836898,0.6647301696112582
ar_coefficient_change,True,73,57.21774550475493,-0.0010885420242607486,-0.04417734087060756,0.6535890344320895,-0.20946276090287502,0.6209738232835703,0.6891328603148268
ar_coefficient_change,True,74,33.92883317148289,-0.0034066522637512405,-0.028791509403754884,0.6014441299918948,-0.10522422046846334,0.7525764196131891,0.6637417760493036
ar_coefficient_change,True,75,45.50729723910945,-0.00026406377274916027,0.0843850641661106,0.6585888732939474,-0.12264325617788806,0.5662231092502954,0.48032519283552705
ar_coefficient_change,True,76,76.6336608581064,0.022012589232162948,0.05439030336587957,0.7023426841549409,-0.25550979324622375,0.5834199874196485,0.683115914442124
ar_coefficient_change,True,77,46.46808476260753,0.0008073811788598225,0.009713508145888982,0.534627461568223,-0.26824815893726556,0.7772265796770967,0.968612473864324
ar_coefficient_change,True,78,52.296393571940484,-0.013807440389059195,-0.017671938260356648,0.6287029571449034,-0.2117275107196524,0.7332951589823801,0.7084233662922671
ar_coefficient_change,True,79,51.34251080476588,-0.0027771228488836794,0.06456250883774788,0.6537086319036278,-0.16574976556715612,0.5370993504629813,0.5931726560875208
ar_coefficient_change,True,80,44.87053943408455,0.04221059155411878,-0.01796430312099165,0.5614425667964064,-0.23547565009013255,0.7467083154175952,0.7487945587212781
ar_coefficient_change,True,81,63.09783333737869,-0.028396759935966312,0.07835960295874375,0.7029766302463749,-0.18274957425929178,0.5291420291287251,0.5225764071980417
ar_coefficient_change,True,82,47.412009561026025,-0.0024376874851932662,-0.12432943554415535,0.66269950986897,-0.12836341815659624,0.6424435441919238,0.7034552835807908
ar_coefficient_change,True,83,51.788141700746905,0.016964713520488436,0.12806990227621895,0.5682165622795907,-0.27430423027884115,0.7115087894267117,0.5572754970790144
ar_coefficient_change,True,84,58.79965618315248,0.013905146946396699,0.35586462798988855,0.6335801843136852,-0.22984068595643692,0.5793710213683201,0.5431280953728791
ar_coefficient_change,True,85,45.596578874069905,-0.00012766803551084762,0.14113718690116744,0.6442341175846831,-0.12334114925699263,0.516934006723548,0.6252136330443034
ar_coefficient_change,True,86,53.452380483309526,-0.0020654026443448835,-0.3100225546302444,0.6151975333994754,-0.21396354952111238,0.629079328074686,0.496026097574379
ar_coefficient_change,True,87,48.856164878769846,0.00018785872987342667,-0.03587393016196119,0.6408232038596726,-0.1725852776783324,0.5779934795742061,0.48702981519013655
ar_coefficient_change,True,88,60.660976352565854,0.01755541404032446,-0.012596491238731076,0.65758587958949,-0.2261251184275071,0.5349452916359904,0.5771081440032577
ar_coefficient_change,True,89,41.65982079897174,0.030200952076185124,0.09261238958927748,0.5845283441851449,-0.188490545944175,0.7323403821416595,0.76318217741055
ar_coefficient_change,True,90,58.36182737609056,0.004026370061650696,0.1228024433584251,0.6745454512302259,-0.19335211602297803,0.5238151830767381,0.4366362251492
ar_coefficient_change,True,91,59.10884299397753,0.0022062452831668675,-0.017412467441894102,0.6716466922284903,-0.2050698253727839,0.49578324290793674,0.45784383994840333
ar_coefficient_change,True,92,56.25711543181649,-0.004224991434229595,0.30979323409481313,0.6249224051081406,-0.21210994178868328,0.573802143428673,0.6201837603529475
ar_coefficient_change,True,93,44.412607774844446,0.012195725251971752,-0.0003837600312883466,0.6115292495721902,-0.1799093151228093,0.7004901878326254,0.6331073710833092
ar_coefficient_change,True,94,60.53884890667268,-0.00891665228922706,-0.2571438981885001,0.6455079668316026,-0.22559181154591448,0.5856238745726396,0.6737241542056362
ar_coefficient_change,True,95,32.15313778668644,-0.019973505836602998,-0.3673138910972592,0.6002697930214168,-0.052582612846660035,0.6785296710646513,0.7551668475314729
ar_coefficient_change,True,96,33.885852877394655,-0.007205946395841773,-0.11365366815143493,0.6404647968060293,-0.05347595007177599,0.5162762969934562,0.482254547921624
ar_coefficient_change,True,97,61.523032459142655,-0.02208669742619206,-0.4710601362788488,0.664263541735021,-0.19536758159080067,0.5143074193208466,0.4974304191700217
ar_coefficient_change,True,98,53.58753141463046,0.007505811059305007,0.05018802202520741,0.5757428700420357,-0.2766544903852402,0.6676548738257416,0.6792796609003319
ar_coefficient_change,True,99,49.870288162881025,0.0015018405444081296,-0.07210127071186877,0.5925262375660786,-0.23751313401686483,0.5734181651937743,0.5293683981857562
ar_coefficient_change,True,100,62.171737989854364,-0.00035573394198362023,0.1429764713542536,0.6286692355953236,-0.27189591796563717,0.6133839702039968,0.5824622074615206
ar_coefficient_change,True,101,44.773828378671965,0.03575934374989859,-0.0405616778553001,0.5952330142702511,-0.1906426129198254,0.6543355452524079,0.6704342502029396
ar_coefficient_change,True,102,62.47398748423734,-0.03363982035567064,-0.25056807523406655,0.6627451769227826,-0.2309381970769854,0.5724480770515661,0.6109030193549955
ar_coefficient_change,True,103,57.876252244259035,0.009711008745470618,0.0919677186647083,0.6499018947975753,-0.21070629027004745,0.5733009847907848,0.6673587639555058
ar_coefficient_change,True,104,43.91367697460703,-0.006547054328456403,-0.10324811292007077,0.6121629922487125,-0.17081423680703497,0.5198811683483047,0.4864485053063068
ar_coefficient_change,True,105,52.167784346169014,0.009528454403836107,0.13488287508700253,0.6388600772050002,-0.20213850098015104,0.5701465867729438,0.5379885131191721
ar_coefficient_change,True,106,49.90490563301887,0.006765461035773758,-0.1255803835184952,0.6243103560907196,-0.1904111417830373,0.44116140765851997,0.45265540456590314
ar_coefficient_change,True,107,73.97418278125849,0.03231239770226621,0.41199086006771146,0.6772472466526442,-0.27579408843042563,0.6601374032667742,0.6852035261814012
ar_coefficient_change,True,108,52.33926412941196,0.019109564181207062,-0.16799720162637208,0.5998897746614853,-0.21546084057364098,0.5811740357024238,0.693165954535473
ar_coefficient_change,True,109,50.98117367215718,-0.023832132990786275,-0.006201396076210296,0.6596002965291091,-0.15742830782761186,0.5150587320939486,0.5558734002054271
ar_coefficient_change,True,110,88.21855467776732,0.019855712682605303,0.20968860133237133,0.6990277223059077,-0.33173593063496043,0.5458778538571816,0.541365617868588
ar_coefficient_change,True,111,61.9527358737696,0.00931943006306999,-0.07112379484178732,0.6538743786259789,-0.24246491559465694,0.5823396777518874,0.5613835249091851
ar_coefficient_change,True,112,101.22218961892531,-0.0006473262391275554,-0.0922538679120616,0.7474940585283558,-0.3286779235777923,0.4670386541951566,0.5019502251744844
ar_coefficient_change,True,113,40.34860016988796,-0.02533690590147969,0.20274586407509368,0.6523450356261528,-0.0718062906605398,0.5339332249233667,0.48235273570310294
ar_coefficient_change,True,114,41.86395335874806,-0.0036443975454853485,0.20877749750374813,0.589995006160078,-0.17074649167252584,0.715916043623504,0.6084315853618042
ar_coefficient_change,True,115,39.63204301658811,-0.004140364044056391,-0.10755566626300012,0.6353215710755191,-0.10775766291448359,0.5987546194871634,0.5540640418496793
ar_coefficient_change,True,116,36.17566772316263,0.008391056648966838,0.019133549088498455,0.6146923979875774,-0.10650785327981366,0.6896847281517338,0.7327045641823096
ar_coefficient_change,True,117,60.03936661054615,-0.0017648870609278677,-0.08721107055159553,0.6112315449555518,-0.27139407292853923,0.6378624567280711,0.7409314520976129
ar_coefficient_change,True,118,57.810768150440026,0.0002268582532968581,0.169384285773846,0.6956659455565134,-0.16355646703693394,0.5620734857040965,0.5166493956269727
ar_coefficient_change,True,119,53.836643987745674,-0.005751490535246338,-0.06390251087032511,0.623563290174591,-0.22100780456046365,0.5968651873555217,0.6587835849594004
ar_coefficient_change,True,120,49.07290482377289,0.00825113811024661,0.11370856973718368,0.6284212974557888,-0.188577851449264,0.6310484049229708,0.6101478897312865
ar_coefficient_change,True,121,82.40989318291986,0.019641301064668208,0.47400286506952743,0.6561832249557905,-0.33445170026152216,0.7024265168144819,0.7452287150397829
ar_coefficient_change,True,122,64.62885965556336,0.025152490491383232,0.08614816947044986,0.7041806573652567,-0.19722789988300005,0.5241860045078846,0.48509863807513265
ar_coefficient_change,True,123,42.28058559030478,0.019264042423351144,0.004581380725403931,0.6438389505948847,-0.11863413590434306,0.4731318864285225,0.47566642902740525
ar_coefficient_change,True,124,58.38601764728935,0.006817118958376696,-0.16260927602547878,0.6757482061343607,-0.19361393693803913,0.7249689770201679,0.6343168518717364
ar_coefficient_change,True,125,33.968503691196815,0.0157341026016663,0.13710324172954683,0.5785376134270268,-0.13082175219505845,0.6029150911636288,0.5348039928596217
ar_coefficient_change,True,126,52.92324456494953,-0.02226358171622912,-0.159606989599814,0.643977438513139,-0.19679063854453227,0.5896906301463003,0.5935968642363545
ar_coefficient_change,True,127,44.45958953367608,0.0146066107085183,0.20940220906653728,0.6102626234782244,-0.17073663720758184,0.5541628207840419,0.5487109242712943
ar_coefficient_change,True,128,56.26245591249733,-0.0208432082222081,-0.07055382443539777,0.6501890851062112,-0.2149156851632696,0.43507864616914377,0.39818496875439036
ar_coefficient_change,True,129,63.40117262809986,-0.000684996303346307,-0.040763935945692734,0.6514536045140115,-0.2605889255554656,0.6945105645452736,0.5872413271230773
ar_coefficient_change,True,130,55.03253856008848,-0.02437357666053958,0.02425374321901728,0.6262929897144205,-0.2194445957757204,0.7295129220417494,0.8523817363156019
ar_coefficient_change,True,131,45.76385549625877,0.02705642798813705,0.21908480452672685,0.650358247408509,-0.1316669054743886,0.6520987807688509,0.6626011946401813
ar_coefficient_change,True,132,88.56007120971924,-0.024341591563363484,-0.10781045025332288,0.7192056047791588,-0.31924375759920465,0.4789898991203771,0.3906647032742862
ar_coefficient_change,True,133,51.0972328368689,0.013779441147123775,-0.00604812536777402,0.6371527273981487,-0.19440015257648718,0.6707110012336192,0.5610208104233422
ar_coefficient_change,True,134,46.287046602082114,-0.01691907049082912,0.06030755711482594,0.6195577361644001,-0.17489730605712978,0.676577348922744,0.7108353767829889
ar_coefficient_change,True,135,43.4286993352398,-0.046668566159132126,-0.2005048750934356,0.6404920049422521,-0.1346311982516318,0.6840193084408411,0.6298742059497571
ar_coefficient_change,True,136,58.651575952710346,-0.0004715996355690137,0.2668232786839733,0.5572140782849564,-0.3240364564789709,0.7623109135293271,0.7350668410311221
ar_coefficient_change,True,137,58.5456335469064,-0.017588806230007487,-0.024979848632157454,0.6073391586759426,-0.2772495813405103,0.7992376474707975,0.7794385312195485
ar_coefficient_change,True,138,40.33693558306106,-0.008384040382184725,-0.24616688935397565,0.5854890613022944,-0.1588966489115501,0.5811602050909013,0.4999958425711186
ar_coefficient_change,True,139,48.53418296468385,-0.023617653533050294,-0.0606316223388182,0.6105224275238247,-0.204409656653068,0.6812300741017262,0.5489157829532747
ar_coefficient_change,True,140,63.891797692867385,-0.009711985000873544,0.12955348528413924,0.6276764131470086,-0.28194924931838083,0.607886492973038,0.5989341630247219
ar_coefficient_change,True,141,60.920882569887794,-0.027378900740518956,-0.015022941515274916,0.6391117150002713,-0.2515798313838428,0.5115823405025597,0.5274213797343009
ar_coefficient_change,True,142,52.05065056401054,-0.013844450340363293,-0.055171726337025315,0.641933325492477,-0.19457304956014912,0.5836090751112916,0.48584625638456164
ar_coefficient_change,True,143,51.78978741461242,0.011367367799937323,-0.10356494466545978,0.5993726299361815,-0.24220741606720367,0.6497165037050071,0.5996590433056443
ar_coefficient_change,True,144,37.2678037739779,0.005225084638755015,0.007026546710432608,0.5882018948399332,-0.14693186309219203,0.5441295333921345,0.5551977858042358
ar_coefficient_change,True,145,38.402195122402986,0.0026894167880893126,0.10452741554414516,0.5198032978095304,-0.22595007545018694,0.5886231898403116,0.687430284519933
ar_coefficient_change,True,146,34.95108225505385,0.011186490279140834,0.07323270060227022,0.6240443039819265,-0.08837087287337311,0.66677998254693,0.6625944847282159
ar_coefficient_change,True,147,54.46558076870713,-0.030158952183650396,-0.24375659952616963,0.662452841941624,-0.18140584482541142,0.5028620489783541,0.44188343416670334
ar_coefficient_change,True,148,62.73704527760481,0.015316877368619414,-0.46791303075702906,0.6065612694376518,-0.2514930908996141,0.6131518442017286,0.5405703681860076
ar_coefficient_change,True,149,43.68173815020509,-0.008997989594369716,0.013382222389521366,0.557375507986138,-0.2273214268739959,0.6311916972797199,0.7134748654618532
ar_coefficient_change,True,150,51.68444146267552,-0.043135909258771504,-0.3693690617213224,0.6587070853026096,-0.15788015879423745,0.5724702103662833,0.6118615263780081
ar_coefficient_change,True,151,57.19316633208473,-0.011619846987503428,0.2568058815099228,0.6486818682996796,-0.20098101129969476,0.56115706900494,0.4980798147523007
ar_coefficient_change,True,152,45.12074709354249,0.02722622646896467,-0.06704246387009453,0.6401838104036138,-0.1396793848349189,0.5080554881024493,0.4602994084553244
ar_coefficient_change,True,153,45.221190891121296,-0.04585656119054269,-0.27871480742053584,0.5882594987197641,-0.19779245590374098,0.5591464984685497,0.6078004085714062
ar_coefficient_change,True,154,71.48954804914786,0.00464954791551486,-0.3604206320300179,0.6943652965459549,-0.21134340615323102,0.5548929371270621,0.6636535070547241
ar_coefficient_change,True,155,61.84297844281957,-0.023947848386983085,-0.051480918918543554,0.6481903719086105,-0.24681942067853294,0.6169128911836447,0.6324858845412997
ar_coefficient_change,True,156,76.43969982469775,-0.01601484929797573,-0.2214565564989751,0.7264742655573486,-0.2390060488079494,0.5545491811112814,0.52420828439143
ar_coefficient_change,True,157,55.943889560096295,0.01640204921225428,-0.03643625305880181,0.6406522879024706,-0.2124649508516452,0.5315314992587243,0.5825149108920414
ar_coefficient_change,True,158,52.818255135157415,-0.01489676507736067,0.014749231553616538,0.6164286922710931,-0.2253200022061911,0.6203993891107278,0.6451682461654739
ar_coefficient_change,True,159,65.31428550462124,0.027765086334857778,0.12758165959380774,0.6686384516910427,-0.24904861967968372,0.5299774597927754,0.4511401009711289
ar_coefficient_change,True,160,34.63492832318798,-0.03134336110872937,-0.30483370401824084,0.5288812728602847,-0.17662238680530595,0.7477704303490691,0.8307281207898528
ar_coefficient_change,True,161,58.44330504473123,-0.025028099079804755,-0.16871296771734504,0.6991864851128596,-0.15809253346416338,0.4974736286651322,0.5278415693403957
ar_coefficient_change,True,162,66.18567076648094,-0.03842634016630429,-0.37431422425249783,0.6584147729610351,-0.25171937188742993,0.574073165294404,0.5754808234283447
ar_coefficient_change,True,163,66.26044445010086,0.006852680866840797,-0.04340088021905491,0.7162765665251624,-0.19171113792124064,0.5131539175165074,0.48288989316096326
ar_coefficient_change,True,164,54.64034449176097,-0.02219592435903271,-0.15831610664367132,0.6280457156869423,-0.22876922454165186,0.5824141380081108,0.5087998433544035
ar_coefficient_change,True,165,54.66043156872638,0.01706306540336029,-0.04459219329497553,0.6102183672373329,-0.24768130977612463,0.6986290083161699,0.695494930618882
ar_coefficient_change,True,166,46.62061834434962,0.01936235872805002,-0.058476776034018574,0.5927334663098578,-0.20692073081542542,0.7039334183685089,0.5378947313732679
ar_coefficient_change,True,167,65.61781758969607,-0.00995254949311161,0.18744361515405,0.6785580025972843,-0.228283434190455,0.5695496795853809,0.5443639720999424
ar_coefficient_change,True,168,55.413275323860375,0.0073365432748784465,-0.0038149704944088684,0.6719136101984121,-0.17676364969071046,0.6248154798817362,0.6431651864675344
ar_coefficient_change,True,169,58.598138268605794,-0.028872435407411717,-0.03397095342312439,0.6113220013306462,-0.2724829712156511,0.6065268320282282,0.616623097545062
ar_coefficient_change,True,170,64.26185032372041,-0.02079650603989152,0.009273183729690068,0.6791819590820213,-0.22978456013922652,0.4689635185933971,0.4439457776709514
ar_coefficient_change,True,171,38.4604063559774,-0.006693666834471977,0.12283036709014188,0.5833559741686339,-0.15895887087603255,0.6472111425005675,0.609606641851891
ar_coefficient_change,True,172,50.61276115680482,-0.010240994233195891,-0.0633568810473872,0.6523060151876414,-0.17055002528928642,0.4917106267388612,0.4567484969414329
ar_coefficient_change,True,173,48.434812129306124,-0.02712591838472839,-0.23447842816692707,0.6263076348697376,-0.17717990252599763,0.6189980182623358,0.6741084091205107
ar_coefficient_change,True,174,71.23253621896947,0.01092316852720268,-0.06053474534523537,0.6741886331639189,-0.2715187138634955,0.5050545409593045,0.4979994541750568
ar_coefficient_change,True,175,68.33467503603708,0.01293984135446658,0.12605300172666262,0.6501411055389339,-0.2800739358629575,0.5407125012092148,0.5868014963976885
ar_coefficient_change,True,176,59.57307442645117,-0.018284346392666156,0.09239923011079788,0.619294556566016,-0.26155523075711395,0.8039599764231496,0.8951693826960054
ar_coefficient_change,True,177,61.39264128913237,-0.018189752096532254,-0.2748889282354687,0.6361392240498179,-0.25052389677791176,0.6472522125284658,0.6332596281235673
ar_coefficient_change,True,178,56.42461574221579,0.029447914195733862,-0.0006678864658925709,0.6393712653306074,-0.21970837530354592,0.5942633715508076,0.6527794353794241
ar_coefficient_change,True,179,55.09563567186626,-0.013969017334212899,-0.020345059866477697,0.6377192420754486,-0.2196635719808707,0.5465085599227341,0.5375314982990568
ar_coefficient_change,True,180,47.552278699386534,0.015798217969107187,0.20614552596145164,0.6603723962495774,-0.13310156495571693,0.47541018007534125,0.42781698900012693
ar_coefficient_change,True,181,39.01882293357846,-0.015903256017077125,0.04865341182372796,0.588970260076219,-0.15662387160309527,0.656150128114389,0.5642746073149547
ar_coefficient_change,True,182,37.20358476275783,0.029256023882411733,-0.019736634964656042,0.6182313558548413,-0.10705065117873859,0.5716752590677844,0.5590978612473325
ar_coefficient_change,True,183,57.561019082391454,-0.0001674091529725362,-0.10384815629536483,0.6695884278873643,-0.19040307521366504,0.5123909052851534,0.5443083272224859
ar_coefficient_change,True,184,68.27400240999293,0.02602660403444215,0.1723746991725406,0.6467642861159115,-0.28657819388323025,0.537498032172291,0.5516759455147158
ar_coefficient_change,True,185,57.788708309720846,0.01598528572328103,0.16115937461134602,0.6888560610096582,-0.17035279403884518,0.5704364152753709,0.5769178387711551
ar_coefficient_change,True,186,46.216130073309046,-0.0012118896985934637,0.18842474626650657,0.6077318738158167,-0.18374075166092219,0.6327039312164621,0.6263964661069257
ar_coefficient_change,True,187,43.7422341179813,3.518071656571091e-05,-0.21856355512176204,0.6171133152620456,-0.14478025321091254,0.5474008746349717,0.587227181358243
ar_coefficient_change,True,188,75.1828537311676,0.012028266121084907,0.1819926978364929,0.7132920750119641,-0.2441467302520054,0.6058746968660446,0.5710709065053274
ar_coefficient_change,True,189,72.2830820171256,-0.04192506159725338,0.3143589679471339,0.633188192149461,-0.2723810253458766,0.661695171078922,0.8858870503558234
ar_coefficient_change,True,190,49.835679130053904,-0.00511213221693933,0.059816745423075336,0.664655863605905,-0.1501173160568143,0.4976341819658327,0.40278031777448275
ar_coefficient_change,True,191,53.184941636861595,-0.00776009039502341,-0.03673414573155386,0.6375872327425481,-0.20207559113261875,0.5860003736739381,0.6309459195902706
ar_coefficient_change,True,192,55.814307292922535,-0.018701750245328008,-0.10968556501545626,0.6467413790197675,-0.21091028303977602,0.4818157203553087,0.48332508214671505
ar_coefficient_change,True,193,45.33060864511981,0.017297396277218588,0.03503243365859212,0.5557588572137175,-0.24538739525352468,0.570579778210175,0.5881526250594332
ar_coefficient_change,True,194,42.731989493402466,-0.0240182018340836,-0.36050288064033414,0.6279493721146971,-0.12254562849502684,0.7284856241238202,0.5739747292714206
ar_coefficient_change,True,195,51.71889716260955,-0.01723927131903452,0.07290199037340639,0.6501333178393892,-0.17329060612117428,0.5880365706318416,0.6399164705021538
ar_coefficient_change,True,196,49.39398852597378,-0.0050921954472194645,0.23222598923875887,0.6249740872241916,-0.17925065676771781,0.5308798409590108,0.5099013634972743
ar_coefficient_change,True,197,57.67640523282,-0.011249709314198643,0.10252880947703463,0.7000047501347482,-0.1584458528054934,0.5478496252814392,0.4523640976992702
ar_coefficient_change,True,198,44.120520005626304,-0.008517334668373263,0.10581437257014635,0.620010247318853,-0.15813007543307864,0.6692860461503721,0.5407124672856748
ar_coefficient_change,True,199,58.73904364368775,0.007681959017084595,0.07256209718033228,0.735613894510893,-0.1270961673690687,0.46087603857246134,0.4170565112294608
ar_coefficient_change,True,200,73.34095856468173,-0.008145350656360848,-0.2746179333568058,0.6963822545788962,-0.2324101290764697,0.5025447207944173,0.60256621935407
innovation_variance_change,True,1,51.28143132213199,0.0124320903681451,0.18750798782287184,0.6740069891365962,0.5734580276675326,0.689040986892537,2.5202678357772053
innovation_variance_change,True,2,64.28173579586996,-0.04135618674475289,-0.05193300460591528,0.6502479904757775,0.608226476335256,0.6594721793610243,2.8482221780108485
innovation_variance_change,True,3,58.17729096571577,0.014868453891481717,-0.013902694115134305,0.6400872663557531,0.5921959600602328,0.6099535432441955,2.4585299491707655
innovation_variance_change,True,4,62.06903593622826,-0.006010937741611395,0.0620256159322576,0.6167256022490253,0.6700470038821709,0.5898459767877721,2.473880642857886
innovation_variance_change,True,5,53.857676907273344,-0.021965453396202914,0.04002603532074957,0.6027842241046429,0.6291716444895395,0.48886524765363404,1.8679559855001495
innovation_variance_change,True,6,56.651986993484115,-0.013930236810172754,-0.10847637212852565,0.585976147194988,0.7046743936137281,0.5677791937187379,2.2103050287767982
innovation_variance_change,True,7,68.42155262076835,0.009720674327198194,0.04197869283273012,0.5862688195587931,0.5719273475137169,0.745945348101362,3.3750588519297473
innovation_variance_change,True,8,48.46504982889701,-0.011614339477210795,0.025704343632186627,0.6926842622363245,0.6634325230881496,0.5732664983717868,2.069401489419355
innovation_variance_change,True,9,47.57745277742856,-0.0040021436522458854,0.13627465804632552,0.639432047838802,0.6482149498849297,0.6245025777267665,2.2094946725870757
innovation_variance_change,True,10,47.79119567562816,0.03777674875028224,0.009783911063124621,0.567769361155552,0.6952340997475267,0.8356880499515218,2.9719835396720926
innovation_variance_change,True,11,55.210830227158226,0.02350110082688247,0.1988719430563689,0.5811540189766657,0.6386224445069307,0.6974444807842667,2.679687060276452
innovation_variance_change,True,12,65.83258857076976,0.018134917545780938,-0.12830872760962203,0.7201139722888089,0.6376861878009433,0.5611667482101922,2.4194039125011315
innovation_variance_change,True,13,72.64652435556764,0.01068959093035718,-0.025463907753150664,0.7292474935983142,0.6209728502893493,0.43045040356215114,1.996099388318447
innovation_variance_change,True,14,74.51329528149563,0.014026357070205914,0.18344049313898722,0.7313608403832103,0.6448294176768921,0.37083360348369215,1.7268106618762913
innovation_variance_change,True,15,56.258578924278254,-0.02827209046495245,-0.1420905651941424,0.5990227879716585,0.5631595928008214,0.7107978346307824,2.799234669359274
innovation_variance_change,True,16,46.20092538996323,0.025840841345060792,-0.024648966255633124,0.6973538559826179,0.5974871709106746,0.5361284581153499,1.8587511975248532
innovation_variance_change,True,17,41.09316613190924,0.0007162255429502808,-0.08817175955571971,0.656412290763127,0.6831390809116217,0.5938730510316125,1.9516877261466465
innovation_variance_change,True,18,60.08800953602395,0.00638487542415343,-0.022693387233264032,0.7104730027993752,0.6663597396764521,0.4410423963568644,1.8075307585615639
innovation_variance_change,True,19,58.841228983396604,-0.015071454437769442,-0.010270669697731737,0.585587460221408,0.6766212745996342,0.5653019662297396,2.2819684547489896
innovation_variance_change,True,20,72.1956073925686,-0.00017379517076794134,-0.17452410055937587,0.5858774447469591,0.6719684163176838,0.6424812673948198,2.9599288063957316
innovation_variance_change,True,21,36.68447074498329,0.020311528937346387,0.010704936412919435,0.6527378130413508,0.6241736006450629,0.6960879974697335,2.1819650759082663
innovation_variance_change,True,22,57.64708786628967,0.001090370122845737,0.06871269950109057,0.6664063601446324,0.6836668617875796,0.4870282859885923,1.943491077117428
innovation_variance_change,True,23,61.49272752891716,0.01927843147541733,-0.10339843130380673,0.654428826244266,0.6799926204526304,0.5367879731924368,2.2244364894830198
innovation_variance_change,True,24,71.2917725352986,0.0077687478572854764,-0.13202791157281324,0.7017164154237744,0.5702609852311401,0.511576549153988,2.3149860675452523
innovation_variance_change,True,25,53.59986048459518,-0.00032580467806103626,-0.09241981898663136,0.6993714588413527,0.7233937984821358,0.5157975447068696,1.9639195707738253
innovation_variance_change,True,26,52.927884472401274,0.021516214333842508,0.052301809495232686,0.5999620128319463,0.6245665046599904,0.7124574325897206,2.7186178244853276
innovation_variance_change,True,27,50.176363083697424,-0.0018084793797190576,-0.13841382488104667,0.6509741395779223,0.6261503866844789,0.500000790010516,1.8131639153373407
innovation_variance_change,True,28,71.2524034240405,0.017234007316284144,0.17608470089968525,0.603981023109548,0.7175153676624155,0.5654077662776099,2.561617092716727
innovation_variance_change,True,29,46.825823929488024,-0.027959660133658762,-0.12469035338422041,0.5811375426162021,0.6782770894799022,0.8758334634282622,3.0856370772410457
innovation_variance_change,True,30,54.64214800248874,0.021191040303943563,-0.11471080087547378,0.5711713661339446,0.5754419990785125,0.7015023517823525,2.705371597098851
innovation_variance_change,True,31,64.68109146740517,-0.002959789377453839,-0.06725517207602347,0.6519450516843376,0.7059990348860874,0.5173975295438992,2.227474714371405
innovation_variance_change,True,32,56.662175452670226,-0.018366759670336737,-0.057567369514716915,0.5365170506852398,0.6933766356412102,1.020706340668469,4.014418057728601
innovation_variance_change,True,33,47.28147302450361,0.00018554152582231297,-0.06107317019511146,0.6759985719633681,0.6477134271784992,0.499857612813859,1.7712184138723182
innovation_variance_change,True,34,54.854932386908104,0.0071446852967913255,-0.19932915656245032,0.6805462542941823,0.6713493401346436,0.5646127991523413,2.1414778046674217
innovation_variance_change,True,35,75.91999223801395,-0.0028058924769008833,0.11213929262283975,0.6994902246008813,0.5944909110345777,0.3864600936883801,1.8388262027393032
innovation_variance_change,True,36,50.33287659744053,-0.0005994034875828261,-0.15940196227512599,0.6733744690985128,0.6639862375551491,0.5386989959132471,1.954656521884048
innovation_variance_change,True,37,60.716172210536,0.002726997588046868,-0.06807284783924201,0.6617212313953673,0.6302159951153604,0.6367725066287455,2.6403623612601894
innovation_variance_change,True,38,81.56222870720819,-0.021735608665025608,-0.15858388177969182,0.6549509827161156,0.5995575532954424,0.6086000655719154,3.1112743298968923
innovation_variance_change,True,39,44.777472721341724,-0.006203326260736145,-0.07788682279114019,0.7326275878193214,0.7025375818877496,0.48419112858582564,1.6637405947579003
innovation_variance_change,True,40,62.7797274664772,-0.019866134167854363,-0.0032231241398545615,0.6447796074561729,0.6239855442542643,0.58604314085048,2.4876969578915196
innovation_variance_change,True,41,64.04462678251934,0.019279542286808036,0.16493977537816723,0.7056016641083709,0.647236935354606,0.5617126476244241,2.3864386302054634
innovation_variance_change,True,42,46.10642450185071,-0.01667930515060987,-0.08415073176831912,0.5825866837625034,0.669147848429648,0.6891375770870742,2.404026926971954
innovation_variance_change,True,43,43.90438456456525,-0.02876639687838835,-0.16344511454277943,0.6048494251650628,0.637800853495703,0.7968456815826843,2.713342282128611
innovation_variance_change,True,44,71.39226520648538,0.0022612051865112033,-0.09023238739260797,0.5891140018174407,0.6523443910547021,0.6329543308856648,2.9271936837129737
innovation_variance_change,True,45,73.72144469984687,-0.007548500197984072,0.017530710667271642,0.6763598895878106,0.6772275815071274,0.5239921007307221,2.491920364226356
innovation_variance_change,True,46,60.64170355676197,-0.036030559030067515,-0.04395036371069642,0.6333850269732825,0.608191842710299,0.4951483588024239,2.0467270511202544
innovation_variance_change,True,47,51.518910373587346,0.016370938854578975,-0.14648018296191087,0.6541832611799646,0.6707625690914818,0.5029567634241393,1.8429941239413081
innovation_variance_change,True,48,52.75248776890169,-0.007994566156649974,-0.06106163852686142,0.7171970015272668,0.6176392727447538,0.50336611778017,1.8851447005695128
innovation_variance_change,True,49,45.74023878194214,0.03457723978556372,-0.0761736912684049,0.5725970692687625,0.6872742532935929,0.6709957117213116,2.3073403141237594
innovation_variance_change,True,50,58.80429627795888,0.018131148164456722,-0.0359987012601315,0.6109098666567886,0.5862051023885677,0.7405913793860089,3.0185408680397843
innovation_variance_change,True,51,50.59214592175363,-0.00029598101597112287,-0.1222835965049291,0.6138649208843671,0.696994257676975,0.6793651092823311,2.4858766257826193
innovation_variance_change,True,52,69.87398041543327,-0.013010964969231376,-0.07474014712904513,0.657310040560858,0.6123113074282376,0.6938322113504086,3.1773836239976587
innovation_variance_change,True,53,52.801000324921006,-0.016054478718177643,-0.0199140615243753,0.6833549200151865,0.6240282907697848,0.6121384826741869,2.3217673644361674
innovation_variance_change,True,54,53.314553300514035,-0.006548821312495897,0.058090883442508,0.5375584795268502,0.6305297164429334,0.7851724774748183,2.9900971171281907
innovation_variance_change,True,55,55.68613397568447,-0.008105439948501431,0.029895626434982375,0.6525566200571394,0.6070713452477261,0.47260656973130655,1.8437938448596252
innovation_variance_change,True,56,39.0268834691542,-0.022464796670520107,0.0033694396214525215,0.6125708294838531,0.6472373458139962,0.6732750698499443,2.171428287878546
innovation_variance_change,True,57,48.619864498316474,0.01959221678491173,-0.08833601257250095,0.6166590005019148,0.6678570384200394,0.5653986143795486,2.0247007847426657
innovation_variance_change,True,58,60.405205366774226,-0.020375560551163047,-0.02378337543090537,0.6044097417149676,0.6697382575617127,0.7582389399273132,3.1423886598894586
innovation_variance_change,True,59,51.85623144850308,-0.030816879813215133,0.1264535351027791,0.642679791819329,0.7021250988636754,0.5751203662129482,2.1215547025672925
innovation_variance_change,True,60,55.2770104896606,-0.021846194410443946,0.05602354676220797,0.6730095251077027,0.6884464147134238,0.5495697488307499,2.1394690691818883
innovation_variance_change,True,61,54.06769729192422,0.021111065153940407,0.0924209441186599,0.6451766666118275,0.5869550019615895,0.6642900353457573,2.5538936966464836
innovation_variance_change,True,62,73.10558352448834,-0.03618256329173164,-0.06599557250418471,0.6092133689718228,0.6395323252303508,0.6183503055423222,2.9257365106221713
innovation_variance_change,True,63,64.77544390657181,0.019212986189934587,0.1048714019162839,0.5980826947208895,0.6404079717020023,0.7628315540421869,3.310530397130878
innovation_variance_change,True,64,61.35612935997119,0.01284897836062523,-0.03398482464747529,0.6796859456566282,0.6234043077032349,0.4872576915015575,2.0228679289840232
innovation_variance_change,True,65,60.50760754936232,-0.02020504611859205,0.08777700784956471,0.6835073780553934,0.6324345881961442,0.5660030785243999,2.323607334247822
innovation_variance_change,True,66,65.82571508768126,-0.0026569445328366516,0.1582250710807048,0.6231401938619503,0.6415670894965436,0.6298054122749719,2.7320639650602385
innovation_variance_change,True,67,44.28256940898541,-0.024763646400968592,-0.055075347798184765,0.6145067504806098,0.5764668264219128,0.5992099754399377,2.055991044954353
innovation_variance_change,True,68,60.03184275819558,-0.023531809679640952,-0.03278737223883535,0.6466277970437603,0.6359596521849744,0.6285421129749547,2.5940852165451296
innovation_variance_change,True,69,49.98652715548326,-0.004508138193947671,0.014819316161273233,0.6331560863778595,0.7341468038905338,0.5398191835801263,1.9636825505157514
innovation_variance_change,True,70,57.634611543288315,0.002695824657267,-0.11016477218423446,0.6790547107651147,0.6502214022410542,0.4526999729198318,1.792375726679533
innovation_variance_change,True,71,55.67426631807575,-0.0020689752250244763,-0.15016880609954017,0.6112865021134184,0.6495919327548995,0.5865534462545255,2.269714089738963
innovation_variance_change,True,72,50.99686412515757,-0.030034895325899345,-0.023006509068873107,0.5398303795456569,0.5786597917035887,0.6993761136441028,2.6068787686937673
innovation_variance_change,True,73,60.176769688063814,0.02166636361902877,0.026721727027571383,0.6356519569718541,0.6711125982912329,0.5706438234804833,2.3525102967609537
innovation_variance_change,True,74,59.68237839046458,0.0005483186287122242,0.030417218228401568,0.6315435876260443,0.662647944015607,0.5074912543809562,2.075612559385697
innovation_variance_change,True,75,43.29214481209965,0.014419509844731587,-0.10893312254827636,0.620502749370698,0.6566647217903466,0.5955444411055373,1.9991222088129355
innovation_variance_change,True,76,66.31218998023905,0.004719507938470847,-0.1376432000839128,0.6014259666626177,0.6126336860267839,0.8277494061863526,3.647022874917017
innovation_variance_change,True,77,52.21109620859397,-0.040554728522787416,0.004554531263488209,0.5648606985110619,0.6444106750819065,0.595179651138865,2.2323114229777654
innovation_variance_change,True,78,45.22084707083013,0.01487084256749049,-0.01507904481940169,0.6584988920481917,0.5894126903198392,0.5312288525140147,1.833369139225381
innovation_variance_change,True,79,59.00975909287456,-0.00015952511169549486,-0.09684510482934569,0.5947468091582016,0.5742130886186013,0.5392698693975498,2.180042498042722
innovation_variance_change,True,80,70.97889392266518,-0.019707987298681826,-0.19357660049209222,0.6586009940130031,0.6585070717017634,0.5487344808724299,2.500713009910115
innovation_variance_change,True,81,65.36654292076742,0.010817880275806942,0.004733390478183049,0.5782451358344877,0.6953879386080953,0.6106137484759445,2.6395822469720382
innovation_variance_change,True,82,69.17328601164047,0.008296154626441572,0.009258445616032875,0.6357246935507556,0.6991238518174526,0.6291797958442477,2.8550571658059027
innovation_variance_change,True,83,71.58073530448394,-0.022301863568346573,-0.24115886424692412,0.6882785220892602,0.6194032551418555,0.5274083937192062,2.3909347366769826
innovation_variance_change,True,84,65.313933741646,0.015503526657315969,0.08703361367139426,0.6742644724155107,0.5959947432609536,0.587771296116968,2.5465272120081157
innovation_variance_change,True,85,44.25013200165699,0.005302219139163388,-0.00324139219177116,0.6208138625890908,0.6500982911086592,0.5504644786954035,1.8882159848863607
innovation_variance_change,True,86,56.00151136721229,0.0060471228801639585,0.024201008744478992,0.5918906631282393,0.6812200248086947,0.6340494082814457,2.4848197515108685
innovation_variance_change,True,87,46.986308106948286,0.0177904579602908,0.024535548316651088,0.6121431221723133,0.6136699515007276,0.7221590108655045,2.5751214052458375
innovation_variance_change,True,88,48.767120033759966,-0.011935275101848816,-0.03182808686388446,0.6629808049008674,0.6457018316814068,0.6096395912491683,2.2131666624169473
innovation_variance_change,True,89,56.827732793067526,0.02149637910829381,0.026024081972762743,0.7287191874800695,0.6862800516576277,0.5191030365783804,2.0597086140536365
innovation_variance_change,True,90,65.91993040327031,0.0013618274811427844,0.16944919379612186,0.6964892848288236,0.611724233598677,0.544446031442099,2.340935897464502
innovation_variance_change,True,91,69.77433524170465,0.009411424582391983,-0.11023821938133904,0.6119324803587955,0.6117696028170241,0.6054575408758306,2.751289061528996
innovation_variance_change,True,92,72.05714499809403,-0.0067177573888838405,0.0038549116584581135,0.6013383594479235,0.6973587499856644,0.6422005512945369,2.9920865719090726
innovation_variance_change,True,93,50.2621508717632,0.004086436005796401,-0.031758715413971066,0.6635198109517366,0.6577247852284892,0.5997981889085854,2.214650548078654
innovation_variance_change,True,94,42.509258419593266,0.03625650148635294,0.08662323160086068,0.6542564055314884,0.6588687195287795,0.5944603741556203,1.9979646315290716
innovation_variance_change,True,95,68.3510575153964,-0.005488731284091762,-0.22068324310846146,0.6854198160353241,0.5869632903263502,0.47314437546142085,2.054397135958688
innovation_variance_change,True,96,66.31813053123722,-0.026280458819048547,0.01803292270953279,0.6498192359211005,0.6011430887870184,0.7488982995799262,3.3093398395905855
innovation_variance_change,True,97,70.44868824288767,-0.024528259217608057,-0.09710680611679735,0.6349169157981748,0.6401239077749962,0.5590205636281095,2.5657880561154447
innovation_variance_change,True,98,68.28251247140452,-0.014816400847057697,0.0028507838695403472,0.5683671829376508,0.6896224074971781,0.6201859962304659,2.764621594399499
innovation_variance_change,True,99,52.85164940484924,-0.017151667103846354,-0.07767408719724114,0.7063522535663395,0.5424848878347255,0.46308438113751993,1.7024190755064639
innovation_variance_change,True,100,57.44201093413767,-0.009607697437500031,0.03511262888710238,0.6182344546662107,0.6407988771522503,0.5161200853045752,2.0588564226464685
innovation_variance_change,True,101,37.49506291350235,0.012257760231596661,-0.03180115051180825,0.7278401890258352,0.6027951784996645,0.5569670811292152,1.7187218401620845
innovation_variance_change,True,102,54.499677792472994,0.012314984448645185,0.06283710343515424,0.6528472756339617,0.6364601618408275,0.5803770980770208,2.245560251040705
innovation_variance_change,True,103,35.36263980674016,-0.017694631647746754,-0.228723464265064,0.6155392082662511,0.6531318834812231,0.6362368581132583,1.885733918407141
innovation_variance_change,True,104,59.89240348841611,0.016728808390941576,-0.076357247939191,0.6077131181620836,0.5986919556747763,0.5552001760537049,2.2699205718341977
innovation_variance_change,True,105,50.02265863835669,0.0033306881919514396,-0.12987338154206887,0.7006377442464037,0.5922668589086911,0.5234883975898298,1.877746619578472
innovation_variance_change,True,106,38.739946100871634,-0.013405570596941257,-0.1533274599275206,0.610573164461374,0.6266909092050484,0.6569806508207022,2.08336539878496
innovation_variance_change,True,107,41.90397685644439,0.012107075851934117,0.0697113892661884,0.6670708451776497,0.6474756381589191,0.5376139415237807,1.7880826169903765
innovation_variance_change,True,108,79.86753071367627,0.005257564820183804,-0.04229781605268586,0.6203631644466325,0.5845358262299293,0.6625960167505628,3.358930181794733
innovation_variance_change,True,109,77.72179846698259,0.01108735902038931,0.1552501732023724,0.5838924964014784,0.6008623217252294,0.8605740663682223,4.270852729086363
innovation_variance_change,True,110,59.62874591471996,0.012971291321406017,-0.06977777540342392,0.6239719038804965,0.6893959678016006,0.6497702049903201,2.653163358526859
innovation_variance_change,True,111,80.95379570758075,-0.010159995711540774,0.11892769785022474,0.6941685508623687,0.6462719137411896,0.5286595199895728,2.680188467777853
innovation_variance_change,True,112,52.65019869591811,-0.03538941614378158,0.02581438958374155,0.6675965625740441,0.5892616250582343,0.505348476780415,1.8951243179841089
innovation_variance_change,True,113,45.97043353037782,-0.04008522263549403,-0.009986422408550284,0.6150832715642053,0.6870900247734083,0.6214407583971587,2.1713000054065406
innovation_variance_change,True,114,60.24288988742842,-0.014752723791215847,-0.018307209866796924,0.6834869973734777,0.7023337096619622,0.5833646470563463,2.411288544068224
innovation_variance_change,True,115,54.86294954336722,-0.027530611372719317,-0.05459146913338104,0.6249483256744387,0.685908685778786,0.6257409436125458,2.4289286665709753
innovation_variance_change,True,116,57.75311909083257,-0.021524001823390974,0.030486570516112296,0.6832877407145231,0.6569927952066706,0.6322468672455869,2.5409087453726444
innovation_variance_change,True,117,41.62246886272794,0.0111987221389727,0.021288089287823594,0.6950117199969087,0.6064273250623406,0.4953159443328902,1.6285996624613213
innovation_variance_change,True,118,47.927766029575196,0.0002849792191420988,-0.014100514043280414,0.5960151096619706,0.5765717109033127,0.6481157767427498,2.3297473516721166
innovation_variance_change,True,119,53.16574983207511,-0.019550723449342663,-0.19301732540814048,0.643133411069637,0.664026894644218,0.7075010092017918,2.6685509360704898
innovation_variance_change,True,120,41.565163820417865,-0.024181805433881327,-0.13985273589665073,0.5700665185629955,0.6282563268957149,0.5911265264403909,1.936694854450999
innovation_variance_change,True,121,46.09785060572585,-0.006664764681768398,-0.16324796534649202,0.6277626646727477,0.5953051949366677,0.5111036969155833,1.7568438019961816
innovation_variance_change,True,122,78.95435158177918,0.027717063792827512,0.0680252309564407,0.6819393304854443,0.7193110914988875,0.5277647795344013,2.642623779101285
innovation_variance_change,True,123,54.35990810565818,-0.005436342794440966,-0.031276564069724594,0.6950024999497716,0.6332603163133076,0.5249277994840268,2.0197730734895445
innovation_variance_change,True,124,81.33973590720211,0.006810602365185001,0.1948436834673865,0.6576033502917672,0.6566445628552956,0.5648498485325623,2.86045902518528
innovation_variance_change,True,125,39.81183315201213,0.00935458095121221,0.14051602331208207,0.5942392234442931,0.5722539826189187,0.7119435653476464,2.29846212919602
innovation_variance_change,True,126,38.77689494858123,-0.014384546580131729,-0.01382374210755161,0.6063219196234606,0.7118333922713569,0.6758759965672858,2.1492633514576323
innovation_variance_change,True,127,54.578364639016854,-0.008493946608291038,-0.016942643057936264,0.6039139902991638,0.6044721531348914,0.6060445940293014,2.3512155770109273
innovation_variance_change,True,128,58.751289108381,-0.023107305874071695,-0.01973629388648094,0.6868832266159524,0.6483622440125006,0.4696334410521128,1.899849598494571
innovation_variance_change,True,129,61.359717219901086,-0.023614378866667767,-0.05055464263072846,0.5275537495812446,0.6459562874710149,0.8543080898204182,3.5583814729997663
innovation_variance_change,True,130,63.90646213816444,-0.026366401930337752,0.041181605209911744,0.6395965514172367,0.6275243525434824,0.6129746602088697,2.630727331480532
innovation_variance_change,True,131,55.02483277047122,-0.014157055289616683,-0.0013147274814635512,0.6609465981872691,0.6857584162829404,0.6578166306308129,2.570391444327133
innovation_variance_change,True,132,39.35449479336012,0.011677122863347862,0.125272406977163,0.6064553914239585,0.6550406981326863,0.6843304440128144,2.1944637887499843
innovation_variance_change,True,133,62.406943398111935,0.011300528908421321,0.07283361973705373,0.6906559963363416,0.6342968008576801,0.5552923596208792,2.336614898328551
innovation_variance_change,True,134,51.29635588755741,-0.016786426298959642,0.009831153259594277,0.7096865653529917,0.6740451939635521,0.5475322087182349,2.0417556875748524
innovation_variance_change,True,135,49.39689611904555,0.029197824238070203,-0.10482071647818637,0.5887799709975915,0.6399713092882192,0.6782664837613038,2.454019546454885
innovation_variance_change,True,136,50.97441656865817,0.007055285569780352,0.012505812620058435,0.6089253789680051,0.6180768707359063,0.5608670627614168,2.0851510726610614
innovation_variance_change,True,137,58.50064156587587,0.02656725432891214,0.19379011767414542,0.5860468253653802,0.6292939473971151,0.6725160435124365,2.6878234577306883
innovation_variance_change,True,138,72.5061013948075,-0.021931550456653532,0.03341947743247044,0.5924584138122551,0.6237725764586772,0.7512424941976075,3.5433006101684335
innovation_variance_change,True,139,73.05043937010987,-0.009500559984071275,0.040181885375489036,0.7015611397801046,0.6718876202907037,0.4465628839766362,2.0999921423464065
innovation_variance_change,True,140,59.91357713866705,0.010422165496892927,0.051330825331635674,0.6295395545895303,0.6765493035196394,0.5439997259199528,2.2299297785878114
innovation_variance_change,True,141,62.16989989838385,0.009361120631912299,0.011522137715397741,0.6972128883618783,0.6309158400485962,0.4350903721016379,1.8198731131153085
innovation_variance_change,True,142,68.69924945959474,0.02874110637359194,-0.2137325722869486,0.6621178996267223,0.6904150632425676,0.49275361139986135,2.1476328804856335
innovation_variance_change,True,143,55.618710586473526,-0.007543165773437344,-0.1275492791867305,0.6485961832890208,0.6355627120450984,0.5603656901680646,2.178817925229447
innovation_variance_change,True,144,59.46107649437624,0.008058209503922048,-0.0023184722531774692,0.6257402026542818,0.6431127313171787,0.6339625180834706,2.5996706750372587
innovation_variance_change,True,145,59.461290089112026,0.02535530281910509,-0.3448547417595846,0.5720943893511153,0.6591936248294423,0.7490657887641,2.877799882002985
innovation_variance_change,True,146,70.15552876408799,-0.007759459019431342,0.057525599211643914,0.7217600240143717,0.6527452382682511,0.5054128131802049,2.301399993828068
innovation_variance_change,True,147,64.26261862808292,0.005680483015577592,0.0627014729825055,0.6236932687832806,0.6191346928642538,0.6216930755338619,2.6803862598178156
innovation_variance_change,True,148,56.988925123919216,-0.0005056443402668478,0.009084464072442414,0.6965743210769076,0.6671788067903183,0.5141595433034559,2.0443228883435736
innovation_variance_change,True,149,64.82637412565145,0.02028671723580205,0.01585035756998676,0.5812905210246887,0.6288221930838521,0.6822680949178561,2.9638552859619716
innovation_variance_change,True,150,59.192719970501685,0.006953075742384744,-0.07430738867893455,0.6672002946955693,0.6614864208211954,0.6291470412394895,2.5653982097220838
innovation_variance_change,True,151,57.00392618853846,0.004906344944355264,-0.0911123925662292,0.5907038516721526,0.6952475742247362,0.6852839412856303,2.7003447692919123
innovation_variance_change,True,152,53.567849226106546,-0.035591002041195606,0.031458130148847664,0.6056125667721214,0.6441735700073867,0.6546077456891187,2.5061544235773177
innovation_variance_change,True,153,43.619963438366085,0.01992459026438779,0.01518786089434743,0.6215070478418335,0.6988074752261506,0.617305260555788,2.0948705625709225
innovation_variance_change,True,154,57.503824480344065,-0.00037908284682831313,-0.11426941780132252,0.6639585139767681,0.6291341175295362,0.49991949658316265,1.980242207003394
innovation_variance_change,True,155,56.59823295162562,-0.046614466138685355,-0.02072223453720352,0.5914673077643936,0.6685257336401297,0.7695112306257048,3.053478130573639
innovation_variance_change,True,156,73.77525729873855,-0.012004529066421098,0.04851025385069908,0.6179809417803735,0.6589672060517174,0.7046975461171886,3.361365664702164
innovation_variance_change,True,157,54.47553163890757,0.029948878511109302,0.14875592472363725,0.5798930407022098,0.5909361317800051,0.6798744925647654,2.6202178914813916
innovation_variance_change,True,158,27.84759068869323,-0.009088230704607231,-0.09048421999393201,0.6534872858002111,0.6320494091183914,0.5230124859943213,1.4372643894167694
innovation_variance_change,True,159,32.730621122485786,-0.01159233756887454,-0.12881167581020123,0.7309387874942934,0.6499575387648376,0.5771270897217536,1.6802614064181134
innovation_variance_change,True,160,62.30572811468164,0.038269520369854634,0.010694701433156319,0.6942371706601056,0.6321624678915718,0.4243226320238542,1.776180857869556
innovation_variance_change,True,161,61.552679148865195,0.011252445236678284,0.08636091397429577,0.6397026539394682,0.683445396670089,0.6237849762257196,2.605687165694854
innovation_variance_change,True,162,51.996811367609666,0.005533929654832381,-0.03589633644259505,0.6652761396357798,0.6175140668072125,0.5169906180639159,1.9365939199843822
innovation_variance_change,True,163,50.10764219540681,0.01459553832041578,0.2374780062356451,0.6145505887932511,0.6561221031754267,0.6058559937064637,2.15940210284193
innovation_variance_change,True,164,64.21340533168132,-0.003239842648355153,-0.050645991527769385,0.6661163864413989,0.6996954474042176,0.5217882033714568,2.2418727045081788
innovation_variance_change,True,165,57.36013626175941,-0.015802992341385037,0.04436778404154415,0.6191122516457225,0.6734773692477493,0.6741380337359572,2.693639298872109
innovation_variance_change,True,166,58.05082588947607,-0.019674035007247466,0.05006406068487517,0.6927131013081139,0.5642750786475591,0.5742070926052244,2.2717186710047668
innovation_variance_change,True,167,54.33510496696192,-0.009379491192955584,0.01528604152978275,0.6329146179558165,0.635643693904394,0.7395274711414532,2.8731935372046755
innovation_variance_change,True,168,65.36482746841693,0.019867388028356026,0.06049839410879806,0.6054003938508762,0.6559124196702341,0.5870033146244894,2.5549022351632575
innovation_variance_change,True,169,53.66222179283636,-0.02040529996628329,-0.15620677036645933,0.6335431630265203,0.5861528459513959,0.4963855231995015,1.8734087928296255
innovation_variance_change,True,170,51.383994068430184,-0.005899814892362908,0.007885278447225384,0.6806561561431688,0.6378766078294283,0.5271888448922523,1.964947596943222
innovation_variance_change,True,171,52.54678425020427,-0.01597510575181485,-0.03388729514398934,0.6518103341012325,0.7246043554711875,0.6924935309947327,2.6205715191227186
innovation_variance_change,True,172,75.45366537625773,0.03003614442271496,-0.098188249689788,0.6555216015561174,0.6079047914839143,0.5729441895557734,2.750919937443671
innovation_variance_change,True,173,74.6968385261905,-0.01026437717112138,0.20965300098466275,0.6567255709718459,0.5098436491800195,0.49516407048605593,2.2826183615265387
innovation_variance_change,True,174,59.233785406914194,0.0026390506981091425,0.07266088293972077,0.6798484691369348,0.6150660694205332,0.4973815365077827,2.0130652464454197
innovation_variance_change,True,175,33.62751344421531,-0.03055091360202506,-0.0304321107432846,0.5410221958231418,0.6222691037926472,0.7133367590890256,2.133394919627685
innovation_variance_change,True,176,59.00384969860443,-0.012935777365436826,-0.027602257945808447,0.6700766291619695,0.6700185863831827,0.6866371234363815,2.808241389477113
innovation_variance_change,True,177,49.264702163429206,-0.03530095273462106,-0.019504039488597132,0.6108857838838027,0.5914868158482119,0.6457682441946727,2.3585508283704897
innovation_variance_change,True,178,42.26775410094831,0.0024582773576182844,-0.10748545669394971,0.6745070947374447,0.6891045164160557,0.569737694691776,1.8942418243070236
innovation_variance_change,True,179,79.35329012586328,-0.014798772671403549,0.040435003238562375,0.6281920752094706,0.630590102908636,0.5940061190049649,2.9916647738378854
innovation_variance_change,True,180,79.26670905841013,0.0215995156956,0.020586570186812727,0.6206303381859715,0.7093270546092549,0.5621864697076226,2.815192974853081
innovation_variance_change,True,181,79.35111215047459,0.0024047072737281854,0.13102050692992082,0.7040525035113896,0.6514329259029906,0.45327913326649627,2.2527224383233815
innovation_variance_change,True,182,58.76177351800061,0.014462698156178032,0.011698474925637312,0.6958404230688167,0.670517658856564,0.4589919298011701,1.8583185372684528
innovation_variance_change,True,183,66.90640922749549,0.004299903183932621,0.009346574152621667,0.6330759401329402,0.6216063492844074,0.5645423306486032,2.5031486223185335
innovation_variance_change,True,184,65.55073780778571,0.007419235851423528,0.09377482160863165,0.7170124350033312,0.6558825938584306,0.4029351352756483,1.7386743332663037
innovation_variance_change,True,185,58.64754551808596,-0.019420872813650996,0.12740510141135747,0.6756081589096717,0.6770771769321517,0.5037910910449587,2.013211255470369
innovation_variance_change,True,186,35.88387574604599,-0.0059074585149895605,-0.09067812822021476,0.662326299292154,0.6148782333703642,0.5765708659582013,1.7690097254622148
innovation_variance_change,True,187,55.27358187244704,0.012727809820423784,-0.020659278891393063,0.6527291030044363,0.6942342833266314,0.6052725691872981,2.3638385870310654
innovation_variance_change,True,188,87.09928850250697,-0.002286602124769723,0.01707721360362361,0.7022411909613451,0.6713233157877555,0.5490744595713762,2.9840212366621253
innovation_variance_change,True,189,71.88202709287373,-0.0008748197196831254,6.957690844131463e-05,0.6946790453233994,0.5841184436973923,0.455232168327884,2.097825453112363
innovation_variance_change,True,190,43.91081251889727,-0.012960328238010965,-0.08644772098652939,0.6136606234252971,0.5450470445541314,0.5693262723017148,1.9302190620066144
innovation_variance_change,True,191,58.844808565611515,-0.02145372861207788,-0.06220598535319886,0.5928744128956053,0.6497750928478413,0.5933449957435917,2.40461400906765
innovation_variance_change,True,192,66.18961436254574,-0.025422704616937575,-0.18964765951732115,0.6224512687866589,0.61116191185957,0.5685954077874468,2.4679607476061776
innovation_variance_change,True,193,54.15053909545759,0.03787170818937231,-0.09678398747196683,0.6216396508809381,0.5979410089247844,0.6417073674178579,2.4547322094373656
innovation_variance_change,True,194,46.27907076260851,-0.011563009012528182,-0.04366811829693449,0.5569042600600183,0.6017168226472968,0.6099652672422654,2.1425640884055963
innovation_variance_change,True,195,49.369808603798674,-0.007556689764195645,-0.11480757934044691,0.6723162117601486,0.6916745696781195,0.5700355988522943,2.0663866879788357
innovation_variance_change,True,196,52.64651516197614,-0.010430201034200642,0.013797522619072147,0.6799908612998525,0.6786297222719412,0.5005079360129909,1.8948350490371602
innovation_variance_change,True,197,64.30741101395392,-0.006053230228175205,-0.1377160310842069,0.6293864481352728,0.6837148633112017,0.5003583922138344,2.1245138953459723
innovation_variance_change,True,198,59.92410500034316,0.014605910147192707,0.020210956976381002,0.6805661927904331,0.7134270006911494,0.45496595830437797,1.8648203497523301
innovation_variance_change,True,199,61.666660848334004,0.01094707870417093,0.17806251781634622,0.6465045028484436,0.6622958291243687,0.6450212119990684,2.674178414773476
innovation_variance_change,True,200,53.63868082459442,-0.011101620263438196,-0.0070863835532131835,0.664872894939591,0.6462522950822063,0.5548510360950433,2.1276449442372707
single_spike,False,1,-5.732391146183545,-0.001777301289657531,0.147657533460545,0.6498137935970408,0.5250958177281642,0.6120414868274677,0.60557099972121
single_spike,False,2,-8.05615733073114,0.018414151372648624,0.07890777291005047,0.656029036840431,0.5693817127374888,0.5367179448647079,0.505614419071638
single_spike,False,3,-2.7869357246142954,-0.045361151554534046,0.069859274794762,0.4279229703873498,0.6481426235627346,0.8223066169921585,0.9371855965620306
single_spike,False,4,-7.0592407898251395,0.009494775519256362,0.0350748375068127,0.6556058344594093,0.7624433014353144,0.566591363461798,0.6576985558219928
single_spike,False,5,-8.187534169611467,-0.008853666185657905,-0.05784960766600758,0.6227687542952147,0.6709132312561121,0.48947605909493674,0.5571379246309172
single_spike,False,6,-7.759256627353466,-0.027451930430017323,0.06635039820355099,0.6689430580813318,0.6490365362256579,0.602469478005281,0.699289667503811
single_spike,False,7,-8.342301916661086,0.01486218219608556,0.027349446698756812,0.6569441154359612,0.6402334920212613,0.519055233618447,0.6179337121265313
single_spike,False,8,-7.6233851928350305,-0.01914858179830155,0.07479551681555924,0.6518637856859131,0.6047431409840871,0.623364370798547,0.7188203702569625
single_spike,False,9,-8.626832571299815,-0.010518671736442591,0.0618761154148776,0.5880514648435762,0.6010252461419181,0.6685351680827072,0.617970495700236
single_spike,False,10,-5.4901539688763705,0.027043925056986638,0.12642169783867435,0.6519858689120782,0.6649443095983822,0.54022162423277,0.7115923996456549
single_spike,False,11,-8.515589181259656,0.013005601617856109,0.08652816915030231,0.5818637518563783,0.5860223794153189,0.5478201662569183,0.586105784254194
single_spike,False,12,-7.762802342541704,-0.012306456315670386,0.023284670623643134,0.6048170647893177,0.6732110538704797,0.6048994129536693,0.717708468529926
single_spike,False,13,-0.5617455738887429,-0.03331595816926842,0.07487243917252087,0.6941523402432724,0.5435901467098488,0.448642712350103,0.6378259611488015
single_spike,False,14,-9.388469906139449,0.0011591248961501277,-0.011137521500537238,0.6314614705825946,0.6020871922839358,0.7474516216433076,0.8013369313247349
single_spike,False,15,-9.279299320220844,0.0036832265515404456,0.013640015792984456,0.629612810610675,0.6727844183812146,0.5453826131005317,0.5535583047815607
single_spike,False,16,-7.7292271718140455,0.011920665188012696,-0.027062370379480907,0.552238743045459,0.6398068807225163,0.703106553808825,0.817519675826034
single_spike,False,17,-3.527550339635127,0.006481911926799931,0.07687244470583324,0.6503549863494893,0.5431769619314812,0.5394252969987821,0.7535435240541414
single_spike,False,18,-9.557864643943049,0.0009258717952921858,0.02449487697555634,0.6719893716366367,0.6623392034993177,0.6319343553437416,0.6264598510828951
single_spike,False,19,-8.086357694077378,-0.0026437346125332863,-0.037337398365924604,0.6351993815622198,0.5342912582284762,0.640658695162693,0.6833759367063094
single_spike,False,20,-8.418370362970563,-0.002119466586317766,-0.02488855511718805,0.7259431981516343,0.6367256942853339,0.4646328708205762,0.4522235391597645
single_spike,False,21,-7.893919079909665,0.014946918984186288,0.0009340448541077303,0.6449397122409214,0.7385509160376893,0.584274652650309,0.6572506806865143
single_spike,False,22,-7.277187783788122,0.019099031050815347,0.13413004923694577,0.6350125125746625,0.5529169260269002,0.5381324661262327,0.5399759802047769
single_spike,False,23,-8.687017091650205,0.015699010166203335,0.019487637273668673,0.6492475464262584,0.6913177646085447,0.9373302092438596,1.1184817264336224
single_spike,False,24,-7.523958713105003,0.027935830613201856,0.09601162987087881,0.587679196116468,0.6662470350166072,0.7632182617286297,0.8904971488585486
single_spike,False,25,-7.449023125182748,-0.012773019541892243,-0.038401049760989056,0.6749761178051192,0.6352053717518467,0.5334950071630062,0.6659058590385529
single_spike,False,26,-8.220301284612447,-0.020093637441921795,0.01934013629106922,0.612242406501134,0.6444372872670545,0.6982102103638168,0.8345246899852636
single_spike,False,27,-8.581549408535238,0.017264724416214735,0.029010792404595174,0.6328943543931544,0.6934969363137795,0.49742950858829654,0.5554519241209332
single_spike,False,28,-8.513333610426798,0.011242526404259408,0.040782196098372185,0.6823595848988274,0.5977658672931646,0.5577942937940563,0.5739892884224934
single_spike,False,29,-8.371237494661045,-0.016125247718866337,-0.03979813203600433,0.6711500429833888,0.6527134541019284,0.5747625803395463,0.6841761601052893
single_spike,False,30,-9.157714659485691,0.019502919958969977,0.022315671279913053,0.649803206712652,0.611295143230139,0.4840820326648854,0.51428744757388
single_spike,False,31,-9.390647886027864,0.00842876613041083,-0.018612878658293325,0.5773667583359035,0.5999549783909072,0.7748793745565493,0.8302971222486776
single_spike,False,32,-7.896893666416872,0.0008125247464023605,-0.01299722609596723,0.6598835195799834,0.7264856578059452,0.5538141298258568,0.657876111174285
single_spike,False,33,-8.05158791103895,-0.000247639491558434,0.08269248151457913,0.6298590226272097,0.6001229060940363,0.5567097469635912,0.6265123624132944
single_spike,False,34,-8.435527342970204,0.007997073631069907,-0.028847761284395413,0.6493757328846518,0.5748264229415109,0.556096368996107,0.5999268013785015
single_spike,False,35,-3.293081362876819,-0.008790875424809991,0.18586315296927086,0.6299690643965956,0.6323028461036269,0.5669272841770815,0.47763952963382145
single_spike,False,36,-5.719707658837024,0.01402938008185882,-0.11234157348552201,0.6709579627600465,0.621350675940519,0.47023108163097993,0.5718334000584256
single_spike,False,37,-8.656527985504795,0.0469299764648228,0.07609134229202272,0.6453223811832335,0.7016736839588831,0.686233121972815,0.6193858010044262
single_spike,False,38,-5.729091824103307,-0.0032182969074989747,0.057733260006490206,0.48024452942733464,0.6407407523652436,0.6509037234893176,0.7218435988381577
single_spike,False,39,-7.605228986500379,0.00764894061903954,-0.017992307291711807,0.5738482943061894,0.6364285988439012,0.6723743492602532,0.8204997420915724
single_spike,False,40,-6.84692297436527,0.013574411668983677,0.1167687478422316,0.6510062337079452,0.6137757914738329,0.7303480963748575,0.9138163214972698
single_spike,False,41,-5.5413495402077615,0.026238451239189935,0.17897550430308382,0.6683809338993956,0.5622975385995864,0.5169309899978957,0.5767503031858049
single_spike,False,42,-7.7482021752039145,0.012406122178655657,-0.010628362428775046,0.6423116134354162,0.6250967625152104,0.5932881974125676,0.7358956973826657
single_spike,False,43,-5.486647733328709,-0.037196447672373005,-0.06513775747935745,0.5487436058572335,0.7094083699550581,0.6539950207022366,0.750557801654868
single_spike,False,44,-5.165034752357883,0.016392005511417587,0.09819177369314613,0.6945848480176603,0.6484172099879516,0.5852562524460312,0.7984267078119793
single_spike,False,45,-6.877944038239093,-0.006468873880642429,-0.07907791085039512,0.6765868777367955,0.587468026428063,0.6182466337977017,0.7440573713814449
single_spike,False,46,-6.368074059299488,0.018767893302976735,0.026253214480882366,0.6867361110388478,0.6613263016275965,0.49929417741173854,0.666399229293066
single_spike,False,47,-9.369342730379685,-0.006943923536648861,-0.0025810292391008223,0.6318725920222185,0.608255491259916,0.5882981628473936,0.6146938415918295
single_spike,False,48,-7.221877105514864,0.007986953608148944,-0.056084661965087476,0.6491887095237788,0.619629810422913,0.5617601361233224,0.6974430622550425
single_spike,False,49,-7.104585203954912,-0.028007081262515995,0.033891344091384085,0.586390675041826,0.6216333522142324,0.5953812429846055,0.7431631234410894
single_spike,False,50,-7.732301760060409,-0.04916870335216048,-0.011246819370418102,0.5458877693975286,0.6692616688720077,0.7672951634005948,0.7985830852870169
single_spike,False,51,-6.94129613276732,0.0049727526492845805,0.10177553989215149,0.5840483281921941,0.6544356416044879,0.677596952085541,0.7957630364010985
single_spike,False,52,-3.470040369249091,0.009991579630373514,-0.07619266214984993,0.6714706786522868,0.6175865221106116,0.49936964610814083,0.715689923667379
single_spike,False,53,-9.141128343786363,0.008990500262413095,0.050826749614179635,0.6603985441726214,0.6215855134026128,0.5918782140724009,0.6103540561052585
single_spike,False,54,-5.96429412298005,-0.00698005403408785,0.0208430933166306,0.6714877773381015,0.6361652277124857,0.48292440397317116,0.6497118877576036
single_spike,False,55,-7.954509125775758,0.0007460720078321105,0.0608159538035403,0.6359553028984811,0.6672181770851752,0.6231639931863687,0.7413455777316738
single_spike,False,56,-8.194845301388455,-0.0048914659038181586,-0.04201673580942619,0.6874765188582181,0.6005794480300218,0.4443137277511901,0.4761913165866304
single_spike,False,57,-6.815390183335694,-0.008509964840165616,-0.04826483557413234,0.5134908485483116,0.6551396427314846,0.7080435901334147,0.7639191579231348
single_spike,False,58,-8.146058804095219,-0.014494841100846326,-0.10470775545417017,0.648102151560354,0.6462370166353275,0.5714218934448525,0.6355284756203889
single_spike,False,59,-7.3028694553239575,-0.001962885777498237,-0.04516659132070616,0.6290861857226325,0.6326002212073466,0.5087828369089117,0.6387398586140093
single_spike,False,60,-5.735624388484098,0.0004734992999712526,0.045270912113115964,0.6540258294892543,0.5663803892742675,0.5814547573211648,0.7602206399688184
single_spike,False,61,-9.18406758696085,0.0202939451000601,0.038794983331928865,0.5836422456831808,0.6143415445094522,0.6736655767946297,0.7288011662430864
single_spike,False,62,-7.729398494582597,-0.01711899825706774,0.07326697771704811,0.6422430274918466,0.598788940042628,0.5013759649277708,0.45736732521521106
single_spike,False,63,-8.014010967144145,-0.043065096913879206,-0.017232615388028984,0.6594454286137209,0.6615559563251352,0.5455425468107981,0.6659075990330426
single_spike,False,64,-8.729790680519386,0.007445515938277123,0.03758092078197839,0.6389845287792794,0.6279466318765661,0.5350764362116082,0.6105740827521333
single_spike,False,65,-9.241189126339577,-0.00806603912026567,-0.004314628630587458,0.6439537853158949,0.5992864172979161,0.6702112834485386,0.7090745462941949
single_spike,False,66,-4.348398905384784,-0.016198576129418527,0.0834602999355239,0.5308058118097015,0.5970666243892346,0.64010633420076,0.8753364613465987
single_spike,False,67,-5.047349348558214,-0.00943732745704815,0.09252373173744437,0.7454999683783721,0.6399971385059029,0.39276821265557804,0.4860265563111962
single_spike,False,68,-8.452100489806298,-0.002341916102049595,-0.006158062705813225,0.6134395788923042,0.6967009829523948,0.7351949110330581,0.8156065455947364
single_spike,False,69,-7.299520079919034,-0.021488793465664964,-0.048955235491542785,0.5812820233660853,0.7019335739982528,0.7256183514607379,0.8078837965581124
single_spike,False,70,-9.330993978985703,0.011944571840752167,0.028724559779307667,0.685827622465192,0.6659234307971512,0.4854397220841706,0.519099252263654
single_spike,False,71,-8.635614573540693,-0.046346524293537084,0.03397782362231469,0.5628712109089131,0.6192132605743483,0.7602183960889782,0.7571136598751891
single_spike,False,72,-7.051979232057192,0.004927140687828943,0.13328559622724978,0.6040911669909835,0.6446706811617756,0.6377962264960114,0.605098179492324
single_spike,False,73,-8.729958133700507,-0.005943485019014062,0.045239444186041776,0.6745619147715415,0.6418918376635936,0.4960821863334857,0.5445152701088727
single_spike,False,74,-5.029507005855635,0.011502827392290523,-0.0006554438666272818,0.5830919923201976,0.7386008700257366,0.6599331744067845,0.8074360787424323
single_spike,False,75,-8.798700691502518,-0.008061771025770142,0.050807362081281504,0.6404307059558817,0.6470670599053504,0.4983943372703967,0.5365561411244186
single_spike,False,76,-4.593653749978671,0.024295104015711104,0.0282194708230006,0.6842576210093729,0.580697145182988,0.5367703510076621,0.7315349101093188
single_spike,False,77,-7.1237305449656105,0.011360568847805392,-0.05591376470526688,0.6451296732011388,0.7435603059525898,0.6408181397218938,0.7284294569493018
single_spike,False,78,-9.026798234198168,-0.0057657110332882825,-0.053298010626987455,0.6239854157975172,0.6115978953253638,0.5236167377972883,0.4985248890713202
single_spike,False,79,-7.611740306325942,0.010332260416864376,0.10306306984290062,0.6490398011171225,0.6133258937051935,0.4966310159015115,0.5665127977764164
single_spike,False,80,-4.785623490684884,-0.007340215428165906,0.05570114357456374,0.6956638770255836,0.6262510412957338,0.5630185447875745,0.7745344529454632
single_spike,False,81,-8.152409107432618,0.013488094017140205,0.029181891313434558,0.5857624072762828,0.6791464573902631,0.6173180782556585,0.5708245919034866
single_spike,False,82,-8.687033466243292,-0.015268883581869303,-0.08247610960898825,0.6049916654866728,0.5547465166205328,0.6896718894395504,0.6537755413870334
single_spike,False,83,-8.567028392727934,-0.002208469874504841,0.05395172496374153,0.686963065677024,0.6199834030657561,0.57484892365636,0.6037304315882926
single_spike,False,84,-8.27685957792869,0.006447145771322196,0.04480801640944626,0.66907576620904,0.606976027207235,0.45432193972744145,0.51273713048373
single_spike,False,85,-7.4709844752172785,0.0265272518129167,0.021960580977419934,0.633617026004554,0.6803364481273471,0.5539864392984577,0.6910802806791684
single_spike,False,86,-5.35872075852626,-0.001967210918382124,0.07453195067455687,0.6906937317031553,0.5685604286651229,0.431154992228038,0.5289018254435819
single_spike,False,87,-7.78433603736255,-0.0163328343427672,0.012379867877592862,0.537414408309688,0.6587431727001751,0.7668221441634321,0.7424479561344478
single_spike,False,88,-8.860467101821769,-0.007307542363333995,0.05787764531533456,0.5923939218917189,0.5836390281911956,0.7520866156968778,0.8337702152477767
single_spike,False,89,-9.44173770808311,-0.012757889390424949,-0.026226999708868704,0.5718627229671924,0.5865357643899046,0.8750772910883091,0.9617826316126038
single_spike,False,90,-8.133527901566254,0.018695476019225114,-0.019202436735154937,0.6045524637224148,0.67133199749128,0.5406910220286025,0.6165802485818728
single_spike,False,91,-8.432921989682313,0.024794939879622436,-0.012914235471679981,0.7420642558838232,0.6615518093484217,0.4718938912554383,0.4861749700188869
single_spike,False,92,-7.568381917490797,-0.027235516135937252,0.03774439921945815,0.6985923962276491,0.597133752328109,0.5086632017203963,0.527015728396325
single_spike,False,93,-8.738555514691484,-0.023834994974194886,0.0019457375664335684,0.6252117655971475,0.5711068285245121,0.7237503862912794,0.8122642440974538
single_spike,False,94,-7.561244564688536,0.012400695711275375,0.028028469692433642,0.623419148146124,0.6620668167499656,0.6730075275024162,0.843940747788335
single_spike,False,95,-6.447744636668062,-0.0365498664332593,0.007171952631574649,0.5905518215663265,0.651778733936467,0.6512013918215165,0.8464082058610787
single_spike,False,96,-8.267863168763938,0.025628449544571264,0.09485141181689152,0.6229044281363331,0.6509252308909376,0.5940651192062821,0.67161041232238
single_spike,False,97,-8.384977057660876,0.007826519437075482,-0.038492609006185105,0.6809898036760894,0.5946364058676655,0.6413944106573672,0.6660340827142631
single_spike,False,98,-8.489041624706715,0.0008906010807727823,0.06194139803547666,0.713619952677789,0.6624740669497051,0.4576931732010718,0.42173783377308327
single_spike,False,99,-8.166375933393738,0.012641713072334256,-0.006821280955009434,0.5823122062629154,0.6875833106801897,0.6892147099539676,0.7165354795961923
single_spike,False,100,-7.88640389621537,-0.0467006786627852,-0.11418840561985513,0.6348918811067128,0.6549224911439864,0.6826542728134518,0.8195032790802768
single_spike,False,101,-7.696626725038755,-0.005790669837573503,0.07789888632161295,0.6524228233549214,0.6741238454566185,0.7030912848743437,0.8468848355408186
single_spike,False,102,-9.06180962671317,0.013332111702345825,0.051245222330636685,0.6391905342897978,0.6516375031742918,0.5343997933038165,0.5797742244814111
single_spike,False,103,-4.695215871058053,0.010936512408649414,-0.019135775286524204,0.7357912276263728,0.637903910048425,0.46424426822162584,0.6278551705899693
single_spike,False,104,-9.22159642495194,-0.0014556335877496307,0.04704561170858642,0.6171257158765086,0.638083013699996,0.6403760937950618,0.646014629885514
single_spike,False,105,-9.063464953085145,0.011276383185089387,0.0010458758875141333,0.6022234935977684,0.6304746467217771,0.5431418734575457,0.49828292664750345
single_spike,False,106,-8.569940021921525,-0.039455458097515626,0.019404138910283083,0.6645601937773117,0.6027334976851203,0.5721035328895637,0.5675667564389435
single_spike,False,107,-7.190826075036284,-0.0007125012542718923,-0.01358882602248321,0.6448542916344326,0.5021649299573585,0.7613603083890462,0.7229124776564069
single_spike,False,108,-5.588823432647814,-0.00909474052975549,-0.1463365397944139,0.7159466896811023,0.5860480910861025,0.5023465012125621,0.5177665204926926
single_spike,False,109,-9.01281564132637,0.03256303689317212,0.0007573560374668034,0.5887743092046712,0.6145382916713757,0.5603456220546948,0.6079256370224375
single_spike,False,110,-7.8562201394302065,0.002576231751058402,0.0730592093548631,0.6250118045991044,0.6240858123213605,0.5838038186462631,0.693128469116248
single_spike,False,111,-6.933453094006154,0.004802648988245207,-0.022530193461808384,0.6271412449320432,0.7283997249194412,0.491883883070227,0.5851673714100507
single_spike,False,112,-7.415230462395584,0.006701383613537118,0.07938240972832704,0.732813672376194,0.6358714050675829,0.4879427947654698,0.5368211199074727
single_spike,False,113,-8.100610071207484,-0.008217700415318616,-0.06942483673203154,0.6297609511576636,0.6549422413528152,0.7106782655607355,0.8475996474726843
single_spike,False,114,-4.73449071186667,-0.013969184488312261,-0.055988966159589496,0.5839458108333332,0.6716818351936716,0.5728023584430676,0.7822167059434999
single_spike,False,115,-7.126345743175307,0.030976615524002948,0.05323296723911705,0.5276455969446868,0.6772954956290703,1.0190295106061067,1.077136758698393
single_spike,False,116,-8.928967216157162,-0.004797708295759989,-0.06150375987082552,0.684296869240028,0.6503264330689972,0.4499441197502595,0.45941900607973435
single_spike,False,117,-7.933385082336372,-0.004112533632136061,-0.08524793847158789,0.6661001798133723,0.6197142941103667,0.5452110612891469,0.6184394369390898
single_spike,False,118,-7.082705129789247,-0.007012877391532238,-0.019199341951561717,0.6745787462238055,0.6054850700875287,0.4254674109993393,0.5289461943972713
single_spike,False,119,-7.908511821426259,0.0021173909832356065,0.05776568880848468,0.6250077497331837,0.6559299830543412,0.5519529648353693,0.6549816483292576
single_spike,False,120,-9.229746375539662,-0.01313576435895471,-0.006093199780644145,0.6592356746671283,0.6958403400833794,0.48897378500253375,0.5238264946491668
single_spike,False,121,-7.354046194129751,0.017550366069603543,0.0191768293147033,0.5977858352851375,0.6667200604325414,0.5471954382851048,0.6721348625141711
single_spike,False,122,-8.68442525551086,-0.028901157866995496,0.013960443179901475,0.5759017903518446,0.592025563680767,0.8213897401402804,0.9599221439239333
single_spike,False,123,-8.860161079720228,0.0015138111617983396,-0.01971073124694131,0.629189961070377,0.6164800477725442,0.5839590098374565,0.6622865057954842
single_spike,False,124,-7.593777898878443,0.00897460496085297,0.14231597150143732,0.6264335413623122,0.5519713527642456,0.7706005203035097,0.7955483867395104
single_spike,False,125,-5.811013088653567,0.0030445043637411027,0.16609724162156958,0.62194129950373,0.6551962110845385,0.5786544855269287,0.6012218697842538
single_spike,False,126,-7.742349939323617,0.007669269936640958,-0.0007039498667473929,0.561672882559808,0.5920614031119593,0.6167961752130233,0.7607080930577252
single_spike,False,127,-8.124081109038116,0.021377699501340105,-0.0343561723278601,0.7050185058678178,0.6924579076661446,0.480927260513872,0.5689744741037157
single_spike,False,128,-8.288827988523622,0.0043285218470860845,0.09574495162611357,0.6872270102814659,0.643901355373696,0.5735916101269882,0.6104210335772248
single_spike,False,129,-9.254207793387877,0.011768121218787444,0.04868144159732878,0.6612496711797179,0.6718690664261728,0.5765971466539741,0.5439762581302874
single_spike,False,130,-5.896906097971623,0.00509924229492194,0.14370421507285572,0.6692125091576571,0.6387385847284527,0.6120626726517789,0.7592661291798088
single_spike,False,131,-8.424009656158205,-0.0208743545064302,0.04677520933199716,0.5593443236390339,0.5890822387333065,0.7015071923368063,0.7954698484485205
single_spike,False,132,-6.973009040814645,-0.0019927774971772736,-0.116776355606864,0.6222728837164201,0.6238030286981623,0.5037745095205076,0.5775302708616201
single_spike,False,133,-8.4310393134474,0.02578786059482381,-0.013727638930655307,0.601772431628501,0.6348556164086729,0.6666627365923201,0.7785879640892946
single_spike,False,134,-7.743015262011568,0.014992755483048547,0.03967753451797505,0.6205879146648682,0.6556011204064399,0.6026973210060346,0.7419496471241985
single_spike,False,135,-6.965859811703467,0.006111107708652165,-0.08244630033284728,0.645741566932409,0.6244783876941395,0.6148517081772471,0.7645144161063026
single_spike,False,136,-8.046038107841355,-0.010273237719393084,0.05737649053600471,0.6119670546732835,0.6659387407987323,0.6027853347729843,0.6830091585827615
single_spike,False,137,-8.606364920100305,0.00019233854018572906,0.0761461234025569,0.61961487465387,0.5880134366327195,0.5619693064499784,0.5798238158816437
single_spike,False,138,-9.119815791696169,-0.004502739826531746,-0.01929740539088109,0.5870638242214488,0.5584645211926665,0.6193962906137593,0.6702698080837011
single_spike,False,139,-9.314071778276457,-0.006419324671261416,-0.000992408162944344,0.6417033259648325,0.6745237280129506,0.5065260796311711,0.5322088550226205
single_spike,False,140,-8.786751491122118,-0.00946219301044567,0.043049656930595606,0.6242736000582614,0.5965846293364997,0.6413032899229606,0.7099839088887571
single_spike,False,141,-9.003610558948594,-0.0010660140920915797,-0.041485507003288714,0.6070597676660767,0.625782760325028,0.5879137850317179,0.5462214807286349
single_spike,False,142,-5.191753119348618,-0.026083678356938225,-0.11978871452125597,0.6510129489258836,0.6975382581272778,0.5229051337018746,0.6885668849946297
single_spike,False,143,-8.090587851511941,0.02241990321502878,-0.03484029928637156,0.6202091848060295,0.7119962826374505,0.6784607133014627,0.7128601331583881
single_spike,False,144,-7.020889407339837,0.010393669297648647,0.07991706808301964,0.6640903895814786,0.5730981631985292,0.6783253611280037,0.8140881094749293
single_spike,False,145,-4.268635239383798,0.012512097591336521,0.04848534301024218,0.7006536868300208,0.5691193580219933,0.4869603504444761,0.6446664865624772
single_spike,False,146,-8.32801287484449,0.017285698178559624,0.03180838300182659,0.7170261411147608,0.6246810522873355,0.42643622233516254,0.40339633830216043
single_spike,False,147,-6.937356525990822,0.0062920944121680625,-0.06413464747233479,0.6345902833855356,0.659836305795004,0.5808311924199723,0.7310323500498631
single_spike,False,148,-8.18009466543981,0.02907727529798733,0.06149851715081795,0.6646693877873245,0.7197128078451487,0.6047621418536906,0.7068230761416453
single_spike,False,149,-9.168613745814355,0.007164222953309831,0.04685213416664863,0.6273695423645096,0.618428969949722,0.631487453593337,0.6811940416615492
single_spike,False,150,-7.176573470779772,0.005556385482916455,-0.08341208124239398,0.6152213660238955,0.6238687885785664,0.6394834659385933,0.7849986293931579
single_spike,False,151,-7.291581987724271,-0.00589398908813027,0.051991326944230545,0.5939739043228255,0.7028154723638655,0.5454651780764413,0.5805307919187329
single_spike,False,152,-8.92222989309937,-0.03017458577564749,-0.005155462930375089,0.6340433360568194,0.6329850391018506,0.5135230528902642,0.5756563167829036
single_spike,False,153,-7.125714696681143,0.01950232382100677,-0.04000675651807051,0.6548301541578961,0.6215927151174406,0.6574448290033267,0.8309152804908486
single_spike,False,154,-8.520288653678335,-0.0009399285695826013,0.004814144810108135,0.6398113689218206,0.7210232847102217,0.6648527198859596,0.7249782245191659
single_spike,False,155,-0.1584209876098157,-0.010021173135395184,0.2083333899976237,0.5658978321637996,0.6574194011670584,0.7630939866445465,1.0775506446398533
single_spike,False,156,-8.576249350304238,-0.017743991954362874,-0.06677559397925142,0.6723241400863131,0.6662217037242657,0.5575705342876236,0.4885839599947337
single_spike,False,157,-8.844884824376209,0.0066148308480821726,0.043590454806174087,0.6712557519331063,0.6076759979911883,0.5417885147039179,0.5343786148092065
single_spike,False,158,-7.814019852946785,-0.003997524975007351,0.0417916688710631,0.6522305954421125,0.6132791442802804,0.48249925844341623,0.5770285978331949
single_spike,False,159,-6.878907118848247,-0.005736116768553854,0.007143603904377331,0.7060009242579581,0.6476484586737294,0.5236781518322619,0.6686969318099762
single_spike,False,160,-7.576615331206085,0.007360596521583789,0.02713216048909018,0.5317952098217075,0.6515700035442816,0.6896660072626918,0.7544191952740386
single_spike,False,161,-8.202271242228562,0.0012409275967539628,-0.01664469259336448,0.6555982205664951,0.6153443775431948,0.4923170606820176,0.5816851435590875
single_spike,False,162,-4.986609073277805,0.009544561363120834,-0.004597054771426302,0.7022825252870952,0.7019409726082929,0.4507006147168354,0.6400082258832254
single_spike,False,163,-3.2539403149551163,0.02015621567749606,0.07173124318806627,0.5287393630273293,0.6640824601733853,0.7421522275867489,1.0328835709132682
single_spike,False,164,-5.270263772994667,0.014987553931482695,0.007447025371806789,0.6256534855536088,0.6969600029530406,0.6302332204482889,0.8658127557354286
single_spike,False,165,-6.704413853517963,-0.014395376320962081,0.10589339596704304,0.6570338924036104,0.6106367971481518,0.4838136729300407,0.5506131842621955
single_spike,False,166,-8.835963843830086,0.0034678067558128337,-0.03934278704549436,0.644028858544701,0.6962322461616988,0.5508322890713447,0.5834315306984695
single_spike,False,167,-6.51562924111613,-0.023897248152053463,0.016924787337669625,0.5561671921329033,0.6889501747615153,0.780876363596368,0.9207161973365455
single_spike,False,168,-8.118699236817065,0.007653459916067674,0.01292521965103978,0.6633767818435511,0.6728280793054948,0.5196983978475823,0.6326808168991019
single_spike,False,169,-5.6327522460304635,0.013352498826691645,-0.10335182900696077,0.6277697949676443,0.6093845356634547,0.6443905386634512,0.8403325324192119
single_spike,False,170,-6.258032562719336,-0.014765912797180295,-0.01309540359289068,0.6866724314958553,0.5920251846426426,0.4565048810352214,0.5778332073251663
single_spike,False,171,-6.961284766685139,0.01592418264352708,-0.13156894099769376,0.6145833314022665,0.5743077977818802,0.6590365492183687,0.7161349583010852
single_spike,False,172,-7.658192169368704,0.037578469707160334,0.16103229040787623,0.6638523791151238,0.6898929813877936,0.6687770638810012,0.7121442749234607
single_spike,False,173,-8.04657768148536,-0.007517034946991804,0.05835128509970189,0.6637999224155973,0.581658062348738,0.5524750544485832,0.5867127125086814
single_spike,False,174,-6.330159005135329,0.027837741973797913,0.0868717717584373,0.5867365839298834,0.6452749544810717,0.6507856666288064,0.8398400442710547
single_spike,False,175,-9.210306591101585,0.011866261915927243,0.0505595801330012,0.6342899247659867,0.5927609124211494,0.6964050715832458,0.6766333171314649
single_spike,False,176,-7.797405413684942,-0.00035714296860333287,0.08411600372253669,0.6779672096692138,0.6580357026976807,0.5162645095871572,0.5989798291595612
single_spike,False,177,-8.641974356550804,0.028651306736038898,0.11323775263021513,0.5859266851588888,0.5371728565373258,0.7250634759288348,0.7551444209409554
single_spike,False,178,-7.813439266889532,-0.0037913472521096,-0.040276163160709456,0.6766735344160326,0.6991781585584992,0.6105766945196814,0.7540686589989762
single_spike,False,179,-8.757714958743009,-0.015811693304537897,-0.007269295103231127,0.6227106583277696,0.6182282152433035,0.5527929744158755,0.6357279091924619
single_spike,False,180,-6.670010736955874,0.0045641596779900555,0.038994948597970126,0.5888079306012347,0.6597389027256835,0.6095123624000828,0.7743940941949464
single_spike,False,181,-8.90139033823425,0.00744161910590734,-0.002540412783506218,0.6983255301911575,0.6298124982931863,0.5222062162156578,0.534610848661606
single_spike,False,182,-9.077719652386577,0.010011974559352734,-0.011293298467095925,0.6382499916467834,0.5916236770307112,0.6579029461619506,0.7078531181287467
single_spike,False,183,-8.81273598424707,0.0038305653196510606,0.018623278762884735,0.5873248067221428,0.6560588509261501,0.6269072538233805,0.6660041435969811
single_spike,False,184,-8.541307943769766,0.01941195660153787,0.08685387284455012,0.6467484726513089,0.6747780827995028,0.5715256518581864,0.6262515833202283
single_spike,False,185,-8.445576121567342,0.004240860594674386,0.010473614700153528,0.6473869934171658,0.6736134176340748,0.53126959258142,0.6269355533117619
single_spike,False,186,-9.100481830745025,0.006360711316336132,-0.008211932703009565,0.6505508812546712,0.5954200195262339,0.5913596488230008,0.6045184975930676
single_spike,False,187,-5.999468145720357,0.01155496476114659,-0.058328398323805875,0.5785428667233729,0.6307348816572254,0.7473311387387336,0.9917201933444958
single_spike,False,188,-7.542094602686348,-0.011494641333752727,-0.01887824069872589,0.6295710883167039,0.6196365192491311,0.5481977169225877,0.6887690982948618
single_spike,False,189,-8.256143185708652,0.009426290602301879,-0.02615479422191861,0.6395237621523494,0.6064119447741594,0.5472421067258314,0.6424855913739861
single_spike,False,190,-8.384147199999916,-0.019334578198004156,-0.10846322532698278,0.6065390069531669,0.6154965330164082,0.5647500542787343,0.5677661838720796
single_spike,False,191,-7.906623982261863,0.01152010988905953,-0.029469342303364635,0.5809828623685578,0.6277478825312388,0.5894004229634247,0.7018669513440527
single_spike,False,192,-8.800286302162704,0.007918746863754126,-0.019481714351014735,0.5851808806213749,0.5965703442963747,0.690970301280052,0.7930890024197034
single_spike,False,193,-8.381549708678222,0.01063430421924955,0.11166974950337541,0.600874066995481,0.640033224884495,0.7938756348188934,0.846440464784803
single_spike,False,194,-8.582460632407333,0.003798014036328534,-0.0021988283524524855,0.6330181169654975,0.6881175113884179,0.6168119367040403,0.5441890247994434
single_spike,False,195,-8.683961624404674,-0.004745177418326945,-0.04827228748929579,0.6633988767379818,0.6870370068680735,0.5694926487992215,0.6475877606918058
single_spike,False,196,-8.48232819153452,-0.009498085216816377,0.02751018944732914,0.6889814772821667,0.6060527122066226,0.5804020218811218,0.597609186383186
single_spike,False,197,-5.978136768347326,0.008290743739333044,-0.005449611036781767,0.6079449135860172,0.6308602211558386,0.6339443023786534,0.8631302706042873
single_spike,False,198,-6.6399556982794365,-0.007366032366713318,0.07592604410011783,0.6765609076652604,0.5878849608642914,0.5282471795663591,0.6284524367164656
single_spike,False,199,-6.1531953625997176,-0.006206220490438158,-0.08993603408057782,0.578745592875869,0.6419590704736602,0.6900759993258011,0.8833765128354233
single_spike,False,200,-8.807926003830858,-0.011448204597983146,0.03497770228502977,0.6718535276081132,0.6610024450937392,0.5110151951755404,0.5700760872459324
